query,query_cluster,evidence_type,page,clicks,impressions,ctr,position,trend_3m,12m_clicks,12m_impressions,12m_ctr,12m_position,intent,commercial_value,content_match,recommended_action,implementation_type,scalability,difficulty,opportunity_score
"""shares outstanding - wab"" ""earnings per share - wab""",earnings/profit,OBSERVED_GSC,https://www.stockportfolio.pro/stocks/WAB/dividend-history,0.0,53.0,0.0,1.4716981132075473,impression-bearing,0.0,53.0,0.0,1.4716981132075473,financial research,4,strong,IMPROVE_TITLE_META,align title/description with the query and lead with the filed answer,3,1,131.18
"""earnings per share - wab"" ""shares outstanding - wab""",earnings/profit,OBSERVED_GSC,https://www.stockportfolio.pro/stocks/WAB/dividend-history,0.0,892.0,0.0,1.5717488789237668,impression-bearing,0.0,892.0,0.0,1.5717488789237668,financial research,4,strong,IMPROVE_TITLE_META,align title/description with the query and lead with the filed answer,3,1,103.83
"""earnings per share - wab""",earnings/profit,OBSERVED_GSC,https://www.stockportfolio.pro/stocks/WAB/shares-outstanding,0.0,622.0,0.0,1.8344051446945338,impression-bearing,0.0,845.0,0.0,2.549112426035503,financial research,4,strong,IMPROVE_TITLE_META,align title/description with the query and lead with the filed answer,3,1,99.15
"""earnings per share - wab""",earnings/profit,OBSERVED_GSC,https://www.stockportfolio.pro/stocks/WAB/dividend-history,0.0,647.0,0.0,4.0370942812983,impression-bearing,0.0,845.0,0.0,2.549112426035503,financial research,4,strong,IMPROVE_TITLE_META,align title/description with the query and lead with the filed answer,3,1,93.19
"""earnings per share - wab"" financial",earnings/profit,OBSERVED_GSC,https://www.stockportfolio.pro/stocks/WAB/shares-outstanding,0.0,373.0,0.0,1.646112600536193,impression-bearing,0.0,383.0,0.0,1.647519582245431,financial research,4,strong,IMPROVE_TITLE_META,align title/description with the query and lead with the filed answer,3,1,92.52
"""shares outstanding - wab"" financial",shares/dilution,OBSERVED_GSC,https://www.stockportfolio.pro/stocks/WAB/eps,0.0,300.0,0.0,1.55,impression-bearing,0.0,300.0,0.0,1.5466666666666666,financial research,4,strong,IMPROVE_TITLE_META,align title/description with the query and lead with the filed answer,3,1,89.69
"""earnings per share - wab"" financial statement",earnings/profit,OBSERVED_GSC,https://www.stockportfolio.pro/stocks/WAB/shares-outstanding,0.0,229.0,0.0,1.6375545851528384,impression-bearing,0.0,229.0,0.0,1.62882096069869,financial research,4,strong,IMPROVE_TITLE_META,align title/description with the query and lead with the filed answer,3,1,86.2
"""shares outstanding - wab"" financial statements",shares/dilution,OBSERVED_GSC,https://www.stockportfolio.pro/stocks/WAB/dividend-history,0.0,10.0,0.0,1.4,impression-bearing,0.0,11.0,0.0,1.6363636363636362,financial research,4,strong,IMPROVE_TITLE_META,align title/description with the query and lead with the filed answer,3,1,85.04
"""earnings per share - wab"" finance",earnings/profit,OBSERVED_GSC,https://www.stockportfolio.pro/stocks/WAB/shares-outstanding,0.0,168.0,0.0,1.5892857142857144,impression-bearing,0.0,174.0,0.0,1.5862068965517242,financial research,4,strong,IMPROVE_TITLE_META,align title/description with the query and lead with the filed answer,3,1,82.19
"""earnings per share - wab"" financial statements",earnings/profit,OBSERVED_GSC,https://www.stockportfolio.pro/stocks/WAB/shares-outstanding,0.0,127.0,0.0,1.5669291338582676,impression-bearing,0.0,142.0,0.0,1.6549295774647887,financial research,4,strong,IMPROVE_TITLE_META,align title/description with the query and lead with the filed answer,3,1,78.58
"""shares outstanding - wab"" finance",shares/dilution,OBSERVED_GSC,https://www.stockportfolio.pro/stocks/WAB/dividend-history,0.0,109.0,0.0,2.715596330275229,impression-bearing,0.0,109.0,0.0,1.5229357798165137,financial research,4,strong,IMPROVE_TITLE_META,align title/description with the query and lead with the filed answer,3,1,76.61
"""shares outstanding - wab"" finance",shares/dilution,OBSERVED_GSC,https://www.stockportfolio.pro/stocks/WAB/eps,0.0,109.0,0.0,2.018348623853211,impression-bearing,0.0,109.0,0.0,1.5229357798165137,financial research,4,strong,IMPROVE_TITLE_META,align title/description with the query and lead with the filed answer,3,1,76.61
"""earnings per share - wab"" ""shares outstanding - wab"" financial statement",earnings/profit,OBSERVED_GSC,https://www.stockportfolio.pro/stocks/WAB/dividend-history,0.0,7.0,0.0,1.2857142857142856,impression-bearing,0.0,7.0,0.0,1.2857142857142856,financial research,4,strong,IMPROVE_TITLE_META,align title/description with the query and lead with the filed answer,3,1,75.8
"""earnings per share - wab"" financial model",earnings/profit,OBSERVED_GSC,https://www.stockportfolio.pro/stocks/WAB/shares-outstanding,0.0,88.0,0.0,1.7954545454545454,impression-bearing,0.0,95.0,0.0,1.6526315789473685,financial research,4,strong,IMPROVE_TITLE_META,align title/description with the query and lead with the filed answer,3,1,73.85
playtika ltd. yelp,other,OBSERVED_GSC,https://www.stockportfolio.pro/compare/PLTK-vs-YELP,0.0,979.0,0.0,9.993871297242084,impression-bearing,0.0,979.0,0.0,9.993871297242084,financial research,4,strong,IMPROVE_EXISTING_PAGE,"comparison template: expose metric evidence, filing period and CTA",1,2,72.04
"""shares outstanding - wab"" financial data",shares/dilution,OBSERVED_GSC,https://www.stockportfolio.pro/stocks/WAB/dividend-history,0.0,6.0,0.0,1.0,impression-bearing,0.0,6.0,0.0,1.0,financial research,4,strong,IMPROVE_TITLE_META,align title/description with the query and lead with the filed answer,3,1,71.93
"""earnings per share - wab"" financial",earnings/profit,OBSERVED_GSC,https://www.stockportfolio.pro/stocks/WAB/dividend-history,0.0,364.0,0.0,3.60989010989011,impression-bearing,0.0,383.0,0.0,1.647519582245431,financial research,4,strong,IMPROVE_TITLE_META,align title/description with the query and lead with the filed answer,3,1,70.96
"""earnings per share - wab"" financial model",earnings/profit,OBSERVED_GSC,https://www.stockportfolio.pro/stocks/WAB/dividend-history,0.0,93.0,0.0,4.279569892473118,impression-bearing,0.0,95.0,0.0,1.6526315789473685,financial research,4,strong,IMPROVE_TITLE_META,align title/description with the query and lead with the filed answer,3,1,70.02
"""shares outstanding - wab"" financial",shares/dilution,OBSERVED_GSC,https://www.stockportfolio.pro/stocks/WAB/dividend-history,0.0,296.0,0.0,3.4324324324324325,impression-bearing,0.0,300.0,0.0,1.5466666666666666,financial research,4,strong,IMPROVE_TITLE_META,align title/description with the query and lead with the filed answer,3,1,69.02
"""earnings per share - wab"" ""shares outstanding - wab"" financial",earnings/profit,OBSERVED_GSC,https://www.stockportfolio.pro/stocks/WAB/dividend-history,0.0,5.0,0.0,1.4,impression-bearing,0.0,5.0,0.0,1.4,financial research,4,strong,IMPROVE_TITLE_META,align title/description with the query and lead with the filed answer,3,1,67.46
"""shares outstanding - wab""",shares/dilution,OBSERVED_GSC,https://www.stockportfolio.pro/stocks/WAB/eps,0.0,58.0,0.0,4.844827586206897,impression-bearing,0.0,95.0,0.0,5.747368421052632,financial research,4,strong,IMPROVE_TITLE_META,align title/description with the query and lead with the filed answer,3,1,64.43
"""earnings per share - wab"" finance",earnings/profit,OBSERVED_GSC,https://www.stockportfolio.pro/stocks/WAB/dividend-history,0.0,168.0,0.0,3.8273809523809526,impression-bearing,0.0,174.0,0.0,1.5862068965517242,financial research,4,strong,IMPROVE_TITLE_META,align title/description with the query and lead with the filed answer,3,1,63.72
"""shares outstanding - wab"" financial statement",shares/dilution,OBSERVED_GSC,https://www.stockportfolio.pro/stocks/WAB/dividend-history,0.0,23.0,0.0,3.0,impression-bearing,0.0,39.0,0.0,3.076923076923077,financial research,4,strong,IMPROVE_TITLE_META,align title/description with the query and lead with the filed answer,3,1,56.81
site:stockportfolio.pro,other,OBSERVED_GSC,https://www.stockportfolio.pro/stocks/RITM,0.0,3.0,0.0,1.0,impression-bearing,0.0,52.0,0.0,34.07692307692308,financial research,4,strong,IMPROVE_TITLE_META,align title/description with the query and lead with the filed answer,1,1,53.7
"""earnings per share - wab"" financial statements",earnings/profit,OBSERVED_GSC,https://www.stockportfolio.pro/stocks/WAB/dividend-history,0.0,16.0,0.0,2.5625,impression-bearing,0.0,142.0,0.0,1.6549295774647887,financial research,4,strong,IMPROVE_TITLE_META,align title/description with the query and lead with the filed answer,3,1,52.33
"""shares outstanding - wab"" financial statement",shares/dilution,OBSERVED_GSC,https://www.stockportfolio.pro/stocks/WAB/eps,0.0,39.0,0.0,3.076923076923077,impression-bearing,0.0,39.0,0.0,3.076923076923077,financial research,4,strong,IMPROVE_TITLE_META,align title/description with the query and lead with the filed answer,3,1,50.18
"""earnings per share - wab"" ""shares outstanding - wab"" financial statements",earnings/profit,OBSERVED_GSC,https://www.stockportfolio.pro/stocks/WAB/dividend-history,0.0,2.0,0.0,1.0,impression-bearing,0.0,2.0,0.0,1.0,financial research,4,strong,IMPROVE_TITLE_META,align title/description with the query and lead with the filed answer,3,1,47.36
"financial data ""earnings per share - wab""",earnings/profit,OBSERVED_GSC,https://www.stockportfolio.pro/stocks/WAB/dividend-history,0.0,2.0,0.0,1.5,impression-bearing,0.0,2.0,0.0,1.5,financial research,4,strong,IMPROVE_TITLE_META,align title/description with the query and lead with the filed answer,3,1,47.36
"""shares outstanding - wab""",shares/dilution,OBSERVED_GSC,https://www.stockportfolio.pro/stocks/WAB/dividend-history,0.0,37.0,0.0,7.162162162162162,impression-bearing,0.0,95.0,0.0,5.747368421052632,financial research,4,strong,IMPROVE_TITLE_META,align title/description with the query and lead with the filed answer,3,1,46.42
"""earnings per share - wab"" financial statement",earnings/profit,OBSERVED_GSC,https://www.stockportfolio.pro/stocks/WAB/dividend-history,0.0,13.0,0.0,3.4615384615384617,impression-bearing,0.0,229.0,0.0,1.62882096069869,financial research,4,strong,IMPROVE_TITLE_META,align title/description with the query and lead with the filed answer,3,1,40.31
nike vs ford,comparison,OBSERVED_GSC,https://www.stockportfolio.pro/compare/F-vs-NKE,0.0,20.0,0.0,5.65,impression-bearing,0.0,20.0,0.0,5.65,financial research,4,strong,IMPROVE_EXISTING_PAGE,"comparison template: expose metric evidence, filing period and CTA",1,2,39.38
"""shares outstanding - wab"" financial model",shares/dilution,OBSERVED_GSC,https://www.stockportfolio.pro/stocks/WAB/eps,0.0,11.0,0.0,3.5454545454545454,impression-bearing,0.0,13.0,0.0,3.8461538461538463,financial research,4,strong,IMPROVE_TITLE_META,align title/description with the query and lead with the filed answer,3,1,38.86
"""earnings per share - wab"" financial data",earnings/profit,OBSERVED_GSC,https://www.stockportfolio.pro/stocks/WAB/dividend-history,0.0,5.0,0.0,2.0,impression-bearing,0.0,6.0,0.0,2.0,financial research,4,strong,IMPROVE_TITLE_META,align title/description with the query and lead with the filed answer,3,1,38.79
site:stockportfolio.pro,other,OBSERVED_GSC,https://www.stockportfolio.pro/stocks/TMQ,0.0,7.0,0.0,4.714285714285714,impression-bearing,0.0,52.0,0.0,34.07692307692308,financial research,4,strong,IMPROVE_TITLE_META,align title/description with the query and lead with the filed answer,1,1,38.45
dell technologies historical revenue fy2016 fy2017 fy2018 fy2019 fy2020 fy2021 fy2022 fy2023 fy2024 fy2025,revenue,OBSERVED_GSC,https://www.stockportfolio.pro/stocks/DELL/shares-outstanding,0.0,13.0,0.0,8.76923076923077,impression-bearing,0.0,15.0,0.0,9.0,financial research,4,strong,IMPROVE_TITLE_META,align title/description with the query and lead with the filed answer,3,1,37.93
ford vs nike,comparison,OBSERVED_GSC,https://www.stockportfolio.pro/compare/F-vs-NKE,0.0,16.0,0.0,7.3125,impression-bearing,0.0,16.0,0.0,7.3125,financial research,4,strong,IMPROVE_EXISTING_PAGE,"comparison template: expose metric evidence, filing period and CTA",1,2,37.58
ubiquiti vs jbl,comparison,OBSERVED_GSC,https://www.stockportfolio.pro/compare/JBL-vs-UI,0.0,6.0,0.0,4.5,impression-bearing,0.0,6.0,0.0,4.5,financial research,4,strong,IMPROVE_EXISTING_PAGE,"comparison template: expose metric evidence, filing period and CTA",1,2,36.85
site:stockportfolio.pro,other,OBSERVED_GSC,https://www.stockportfolio.pro/stocks/GEVO,0.0,5.0,0.0,1.6,impression-bearing,0.0,52.0,0.0,34.07692307692308,financial research,4,strong,IMPROVE_TITLE_META,align title/description with the query and lead with the filed answer,1,1,36.79
site:stockportfolio.pro,other,OBSERVED_GSC,https://www.stockportfolio.pro/stocks/RJET,0.0,5.0,0.0,2.6,impression-bearing,0.0,52.0,0.0,34.07692307692308,financial research,4,strong,IMPROVE_TITLE_META,align title/description with the query and lead with the filed answer,1,1,36.79
cognizant ctsh revenue net income 2022 2023 2024 annual growth,revenue,OBSERVED_GSC,https://www.stockportfolio.pro/stocks/CTSH/net-income,0.0,8.0,0.0,8.0,impression-bearing,0.0,8.0,0.0,8.0,financial research,4,strong,IMPROVE_TITLE_META,align title/description with the query and lead with the filed answer,3,1,34.18
alphabet inc. terminal growth assumption changes,other,OBSERVED_GSC,https://www.stockportfolio.pro/stocks/GOOGL,0.0,1.0,0.0,1.0,impression-bearing,0.0,1.0,0.0,1.0,financial research,4,strong,IMPROVE_TITLE_META,align title/description with the query and lead with the filed answer,1,1,33.6
meta ebitda margin,margins,OBSERVED_GSC,https://www.stockportfolio.pro/stocks/META,0.0,1.0,0.0,1.0,impression-bearing,0.0,1.0,0.0,1.0,financial research,4,strong,IMPROVE_TITLE_META,align title/description with the query and lead with the filed answer,1,1,33.6
site:stockportfolio.pro,other,OBSERVED_GSC,https://www.stockportfolio.pro/stocks/NTLA,0.0,1.0,0.0,1.0,impression-bearing,0.0,52.0,0.0,34.07692307692308,financial research,4,strong,IMPROVE_TITLE_META,align title/description with the query and lead with the filed answer,1,1,33.6
site:stockportfolio.pro,other,OBSERVED_GSC,https://www.stockportfolio.pro/,0.0,9.0,0.0,5.222222222222222,impression-bearing,0.0,52.0,0.0,34.07692307692308,financial research,4,review,IMPROVE_TITLE_META,align title/description with the query and lead with the filed answer,1,1,33.07
site:stockportfolio.pro,other,OBSERVED_GSC,https://www.stockportfolio.pro/monitor,0.0,9.0,0.0,9.666666666666666,impression-bearing,0.0,52.0,0.0,34.07692307692308,financial research,4,review,IMPROVE_TITLE_META,align title/description with the query and lead with the filed answer,1,1,33.07
site:stockportfolio.pro,other,OBSERVED_GSC,https://www.stockportfolio.pro/stocks,0.0,9.0,0.0,6.555555555555555,impression-bearing,0.0,52.0,0.0,34.07692307692308,financial research,4,review,IMPROVE_TITLE_META,align title/description with the query and lead with the filed answer,1,1,33.07
jbl vs ubiquiti,comparison,OBSERVED_GSC,https://www.stockportfolio.pro/compare/JBL-vs-UI,0.0,4.0,0.0,4.25,impression-bearing,0.0,4.0,0.0,4.25,financial research,4,strong,IMPROVE_EXISTING_PAGE,"comparison template: expose metric evidence, filing period and CTA",1,2,32.81
site:stockportfolio.pro,other,OBSERVED_GSC,https://www.stockportfolio.pro/stocks/VMET,0.0,4.0,0.0,4.25,impression-bearing,0.0,52.0,0.0,34.07692307692308,financial research,4,strong,IMPROVE_TITLE_META,align title/description with the query and lead with the filed answer,1,1,32.81
site:stockportfolio.pro,other,OBSERVED_GSC,https://www.stockportfolio.pro/privacy,0.0,8.0,0.0,8.625,impression-bearing,0.0,52.0,0.0,34.07692307692308,financial research,4,review,IMPROVE_TITLE_META,align title/description with the query and lead with the filed answer,1,1,32.18
site:stockportfolio.pro,other,OBSERVED_GSC,https://www.stockportfolio.pro/support,0.0,8.0,0.0,9.25,impression-bearing,0.0,52.0,0.0,34.07692307692308,financial research,4,review,IMPROVE_TITLE_META,align title/description with the query and lead with the filed answer,1,1,32.18
"""shares outstanding - wab"" financial model",shares/dilution,OBSERVED_GSC,https://www.stockportfolio.pro/stocks/WAB/dividend-history,0.0,3.0,0.0,5.0,impression-bearing,0.0,13.0,0.0,3.8461538461538463,financial research,4,strong,IMPROVE_TITLE_META,align title/description with the query and lead with the filed answer,3,1,32.14
robinhood mco,other,OBSERVED_GSC,https://www.stockportfolio.pro/compare/HOOD-vs-MCO,0.0,6.0,0.0,8.333333333333332,impression-bearing,0.0,6.0,0.0,8.333333333333332,financial research,4,strong,IMPROVE_EXISTING_PAGE,"comparison template: expose metric evidence, filing period and CTA",1,2,30.04
mur vs lib,comparison,OBSERVED_GSC,https://www.stockportfolio.pro/compare/LB-vs-MUR,1.0,23.0,0.043478260869565216,6.956521739130435,impression-bearing,1.0,23.0,0.043478260869565216,6.956521739130435,financial research,4,strong,IMPROVE_EXISTING_PAGE,"comparison template: expose metric evidence, filing period and CTA",1,2,29.39
fiscal ai pricing,other,OBSERVED_GSC,https://www.stockportfolio.pro/vs/fiscal-ai,0.0,9.0,0.0,12.444444444444445,impression-bearing,0.0,9.0,0.0,12.444444444444445,commercial research,5,review,IMPROVE_TITLE_META,align title/description with the query and lead with the filed answer,1,1,29.2
allstate vs metlife,comparison,OBSERVED_GSC,https://www.stockportfolio.pro/compare/ALL-vs-MET,0.0,18.0,0.0,11.444444444444445,impression-bearing,0.0,18.0,0.0,11.444444444444445,financial research,4,strong,IMPROVE_EXISTING_PAGE,"comparison template: expose metric evidence, filing period and CTA",1,2,29.11
"financial data ""shares outstanding - wab""",shares/dilution,OBSERVED_GSC,https://www.stockportfolio.pro/stocks/WAB/dividend-history,0.0,2.0,0.0,5.0,impression-bearing,0.0,2.0,0.0,5.0,financial research,4,strong,IMPROVE_TITLE_META,align title/description with the query and lead with the filed answer,3,1,28.68
site:stockportfolio.pro,other,OBSERVED_GSC,https://www.stockportfolio.pro/stocks/TRIP/revenue,0.0,2.0,0.0,5.0,impression-bearing,0.0,52.0,0.0,34.07692307692308,financial research,4,strong,IMPROVE_TITLE_META,align title/description with the query and lead with the filed answer,3,1,28.68
dell technologies historical annual revenue fy2016 fy2017 fy2018 fy2019 fy2020 fy2021 fy2022 fy2023 fy2024 fy2025,revenue,OBSERVED_GSC,https://www.stockportfolio.pro/stocks/DELL/shares-outstanding,0.0,11.0,0.0,12.090909090909092,impression-bearing,0.0,11.0,0.0,12.090909090909092,financial research,4,strong,IMPROVE_TITLE_META,align title/description with the query and lead with the filed answer,3,1,28.67
site:stockportfolio.pro,other,OBSERVED_GSC,https://www.stockportfolio.pro/stocks/PL,0.0,4.0,0.0,3.25,impression-bearing,0.0,52.0,0.0,34.07692307692308,financial research,4,strong,IMPROVE_TITLE_META,align title/description with the query and lead with the filed answer,1,1,28.63
site:stockportfolio.pro,other,OBSERVED_GSC,https://www.stockportfolio.pro/stocks/PLMR,0.0,2.0,0.0,3.0,impression-bearing,0.0,52.0,0.0,34.07692307692308,financial research,4,strong,IMPROVE_TITLE_META,align title/description with the query and lead with the filed answer,1,1,27.78
dell shares outstanding 2026,shares/dilution,OBSERVED_GSC,https://www.stockportfolio.pro/stocks/DELL/shares-outstanding,0.0,3.0,0.0,10.0,impression-bearing,0.0,3.0,0.0,10.0,financial research,4,strong,IMPROVE_TITLE_META,align title/description with the query and lead with the filed answer,3,1,27.28
site:stockportfolio.pro,other,OBSERVED_GSC,https://www.stockportfolio.pro/stocks/ASTH/revenue,0.0,3.0,0.0,6.0,impression-bearing,0.0,52.0,0.0,34.07692307692308,financial research,4,strong,IMPROVE_TITLE_META,align title/description with the query and lead with the filed answer,3,1,27.28
"""dropbox"" ""gross profit"" ""2017"" ""2018"" ""2019"" 10-k",earnings/profit,OBSERVED_GSC,https://www.stockportfolio.pro/stocks/DBX,0.0,4.0,0.0,8.5,impression-bearing,0.0,4.0,0.0,8.5,financial research,4,strong,IMPROVE_TITLE_META,align title/description with the query and lead with the filed answer,1,1,27.18
site:stockportfolio.pro,other,OBSERVED_GSC,https://www.stockportfolio.pro/stocks/DX,0.0,4.0,0.0,5.25,impression-bearing,0.0,52.0,0.0,34.07692307692308,financial research,4,strong,IMPROVE_TITLE_META,align title/description with the query and lead with the filed answer,1,1,27.18
site:stockportfolio.pro,other,OBSERVED_GSC,https://www.stockportfolio.pro/stocks/SHW,0.0,4.0,0.0,7.5,impression-bearing,0.0,52.0,0.0,34.07692307692308,financial research,4,strong,IMPROVE_TITLE_META,align title/description with the query and lead with the filed answer,1,1,27.18
site:stockportfolio.pro,other,OBSERVED_GSC,https://www.stockportfolio.pro/company?symbol=PRSU,0.0,2.0,0.0,4.0,impression-bearing,0.0,52.0,0.0,34.07692307692308,financial research,4,review,IMPROVE_TITLE_META,align title/description with the query and lead with the filed answer,1,1,26.68
site:stockportfolio.pro,other,OBSERVED_GSC,https://www.stockportfolio.pro/stocks/MSFT,0.0,9.0,0.0,11.333333333333334,impression-bearing,0.0,52.0,0.0,34.07692307692308,financial research,4,strong,IMPROVE_TITLE_META,align title/description with the query and lead with the filed answer,1,1,25.7
googl shares outstanding 2025,shares/dilution,OBSERVED_GSC,https://www.stockportfolio.pro/stocks/GOOGL/shares-outstanding,0.0,2.0,0.0,9.0,impression-bearing,0.0,2.0,0.0,9.0,financial research,4,strong,IMPROVE_TITLE_META,align title/description with the query and lead with the filed answer,3,1,24.84
site:stockportfolio.pro,other,OBSERVED_GSC,https://www.stockportfolio.pro/stocks/AGX/shares-outstanding,0.0,2.0,0.0,10.0,impression-bearing,0.0,52.0,0.0,34.07692307692308,financial research,4,strong,IMPROVE_TITLE_META,align title/description with the query and lead with the filed answer,3,1,24.84
site:stockportfolio.pro,other,OBSERVED_GSC,https://www.stockportfolio.pro/stocks/DBX/eps,0.0,2.0,0.0,7.5,impression-bearing,0.0,52.0,0.0,34.07692307692308,financial research,4,strong,IMPROVE_TITLE_META,align title/description with the query and lead with the filed answer,3,1,24.84
site:stockportfolio.pro,other,OBSERVED_GSC,https://www.stockportfolio.pro/stocks/GOOGL,0.0,7.0,0.0,13.285714285714286,impression-bearing,0.0,52.0,0.0,34.07692307692308,financial research,4,strong,IMPROVE_TITLE_META,align title/description with the query and lead with the filed answer,1,1,24.52
"""earnings per share - wab"" financial data",earnings/profit,OBSERVED_GSC,https://www.stockportfolio.pro/stocks/WAB/shares-outstanding,0.0,1.0,0.0,2.0,impression-bearing,0.0,6.0,0.0,2.0,financial research,4,strong,IMPROVE_TITLE_META,align title/description with the query and lead with the filed answer,3,1,24.51
hl portfolio,other,OBSERVED_GSC,https://www.stockportfolio.pro/company?symbol=HL,0.0,3.0,0.0,19.666666666666668,impression-bearing,0.0,3.0,0.0,19.666666666666668,commercial research,5,review,IMPROVE_TITLE_META,align title/description with the query and lead with the filed answer,1,1,24.35
site:stockportfolio.pro,other,OBSERVED_GSC,https://www.stockportfolio.pro/stocks/SRPT/dividend-history,0.0,4.0,0.0,19.25,impression-bearing,0.0,52.0,0.0,34.07692307692308,financial research,4,strong,IMPROVE_TITLE_META,align title/description with the query and lead with the filed answer,3,1,24.03
"""shares outstanding - wab"" financial statements",shares/dilution,OBSERVED_GSC,https://www.stockportfolio.pro/stocks/WAB/eps,0.0,1.0,0.0,4.0,impression-bearing,0.0,11.0,0.0,1.6363636363636362,financial research,4,strong,IMPROVE_TITLE_META,align title/description with the query and lead with the filed answer,3,1,23.82
site:stockportfolio.pro,other,OBSERVED_GSC,https://www.stockportfolio.pro/stocks/LKFN/revenue,0.0,1.0,0.0,5.0,impression-bearing,0.0,52.0,0.0,34.07692307692308,financial research,4,strong,IMPROVE_TITLE_META,align title/description with the query and lead with the filed answer,3,1,23.82
site:stockportfolio.pro,other,OBSERVED_GSC,https://www.stockportfolio.pro/stocks/META,0.0,6.0,0.0,13.833333333333334,impression-bearing,0.0,52.0,0.0,34.07692307692308,financial research,4,strong,IMPROVE_TITLE_META,align title/description with the query and lead with the filed answer,1,1,23.81
site:stockportfolio.pro,other,OBSERVED_GSC,https://www.stockportfolio.pro/stocks/EVTC,0.0,5.0,0.0,15.0,impression-bearing,0.0,52.0,0.0,34.07692307692308,financial research,4,strong,IMPROVE_TITLE_META,align title/description with the query and lead with the filed answer,1,1,23.0
site:stockportfolio.pro,other,OBSERVED_GSC,https://www.stockportfolio.pro/stocks/IPI,0.0,5.0,0.0,14.6,impression-bearing,0.0,52.0,0.0,34.07692307692308,financial research,4,strong,IMPROVE_TITLE_META,align title/description with the query and lead with the filed answer,1,1,23.0
is vg a good stock to buy,other,OBSERVED_GSC,https://www.stockportfolio.pro/compare/LNG-vs-VG,0.0,1.0,0.0,8.0,impression-bearing,0.0,1.0,0.0,8.0,commercial research,5,strong,IMPROVE_EXISTING_PAGE,"comparison template: expose metric evidence, filing period and CTA",1,2,22.89
jazz pharmaceuticals total debt cash fy2025,other,OBSERVED_GSC,https://www.stockportfolio.pro/stocks/JAZZ/total-debt,0.0,3.0,0.0,13.333333333333334,impression-bearing,0.0,3.0,0.0,13.333333333333334,financial research,4,strong,IMPROVE_TITLE_META,align title/description with the query and lead with the filed answer,3,1,22.85
dell vs ibm stock,comparison,OBSERVED_GSC,https://www.stockportfolio.pro/compare/DELL-vs-IBM,0.0,2.0,0.0,8.0,impression-bearing,0.0,2.0,0.0,8.0,financial research,4,strong,IMPROVE_EXISTING_PAGE,"comparison template: expose metric evidence, filing period and CTA",1,2,22.84
nws vs nwsa,comparison,OBSERVED_GSC,https://www.stockportfolio.pro/compare/NWS-vs-NWSA,0.0,2.0,0.0,6.0,impression-bearing,0.0,2.0,0.0,6.0,financial research,4,strong,IMPROVE_EXISTING_PAGE,"comparison template: expose metric evidence, filing period and CTA",1,2,22.84
ua vs uaa,comparison,OBSERVED_GSC,https://www.stockportfolio.pro/compare/UA-vs-UAA,0.0,2.0,0.0,9.0,impression-bearing,0.0,2.0,0.0,9.0,financial research,4,strong,IMPROVE_EXISTING_PAGE,"comparison template: expose metric evidence, filing period and CTA",1,2,22.84
venture global vs cheniere,comparison,OBSERVED_GSC,https://www.stockportfolio.pro/compare/LNG-vs-VG,0.0,2.0,0.0,7.5,impression-bearing,0.0,2.0,0.0,7.5,financial research,4,strong,IMPROVE_EXISTING_PAGE,"comparison template: expose metric evidence, filing period and CTA",1,2,22.84
site:stockportfolio.pro,other,OBSERVED_GSC,https://www.stockportfolio.pro/stocks/DBRG,0.0,1.0,0.0,2.0,impression-bearing,0.0,52.0,0.0,34.07692307692308,financial research,4,strong,IMPROVE_TITLE_META,align title/description with the query and lead with the filed answer,1,1,22.51
site:stockportfolio.pro,other,OBSERVED_GSC,https://www.stockportfolio.pro/stocks/RKT,0.0,1.0,0.0,3.0,impression-bearing,0.0,52.0,0.0,34.07692307692308,financial research,4,strong,IMPROVE_TITLE_META,align title/description with the query and lead with the filed answer,1,1,22.51
es ppl,other,OBSERVED_GSC,https://www.stockportfolio.pro/compare/ES-vs-PPL,0.0,1.0,0.0,5.0,impression-bearing,0.0,1.0,0.0,5.0,financial research,4,strong,IMPROVE_EXISTING_PAGE,"comparison template: expose metric evidence, filing period and CTA",1,2,21.82
ibkr c,other,OBSERVED_GSC,https://www.stockportfolio.pro/compare/C-vs-IBKR,0.0,1.0,0.0,5.0,impression-bearing,0.0,1.0,0.0,5.0,financial research,4,strong,IMPROVE_EXISTING_PAGE,"comparison template: expose metric evidence, filing period and CTA",1,2,21.82
mrvl vs anet,comparison,OBSERVED_GSC,https://www.stockportfolio.pro/compare/ANET-vs-MRVL,0.0,1.0,0.0,5.0,impression-bearing,0.0,1.0,0.0,5.0,financial research,4,strong,IMPROVE_EXISTING_PAGE,"comparison template: expose metric evidence, filing period and CTA",1,2,21.82
site:stockportfolio.pro,other,OBSERVED_GSC,https://www.stockportfolio.pro/company?symbol=WS,0.0,1.0,0.0,5.0,impression-bearing,0.0,52.0,0.0,34.07692307692308,financial research,4,review,IMPROVE_TITLE_META,align title/description with the query and lead with the filed answer,1,1,21.82
site:stockportfolio.pro,other,OBSERVED_GSC,https://www.stockportfolio.pro/compare,0.0,1.0,0.0,4.0,impression-bearing,0.0,52.0,0.0,34.07692307692308,financial research,4,review,IMPROVE_TITLE_META,align title/description with the query and lead with the filed answer,1,1,21.82
site:stockportfolio.pro,other,OBSERVED_GSC,https://www.stockportfolio.pro/stocks/CHCT,0.0,1.0,0.0,5.0,impression-bearing,0.0,52.0,0.0,34.07692307692308,financial research,4,strong,IMPROVE_TITLE_META,align title/description with the query and lead with the filed answer,1,1,21.82
site:stockportfolio.pro,other,OBSERVED_GSC,https://www.stockportfolio.pro/stocks/WFG,0.0,1.0,0.0,4.0,impression-bearing,0.0,52.0,0.0,34.07692307692308,financial research,4,strong,IMPROVE_TITLE_META,align title/description with the query and lead with the filed answer,1,1,21.82
site:stockportfolio.pro,other,OBSERVED_GSC,https://www.stockportfolio.pro/stocks/XNDU,0.0,1.0,0.0,4.0,impression-bearing,0.0,52.0,0.0,34.07692307692308,financial research,4,strong,IMPROVE_TITLE_META,align title/description with the query and lead with the filed answer,1,1,21.82
under armour vs peloton,comparison,OBSERVED_GSC,https://www.stockportfolio.pro/compare/PTON-vs-UAA,0.0,1.0,0.0,4.0,impression-bearing,0.0,1.0,0.0,4.0,financial research,4,strong,IMPROVE_EXISTING_PAGE,"comparison template: expose metric evidence, filing period and CTA",1,2,21.82
site:stockportfolio.pro,other,OBSERVED_GSC,https://www.stockportfolio.pro/tour,0.0,8.0,0.0,10.25,impression-bearing,0.0,52.0,0.0,34.07692307692308,financial research,4,review,IMPROVE_TITLE_META,align title/description with the query and lead with the filed answer,1,1,21.41
alphabet googl shares outstanding 2025,shares/dilution,OBSERVED_GSC,https://www.stockportfolio.pro/stocks/GOOGL/shares-outstanding,0.0,1.0,0.0,7.0,impression-bearing,0.0,1.0,0.0,7.0,financial research,4,strong,IMPROVE_TITLE_META,align title/description with the query and lead with the filed answer,3,1,21.39
amrfree,other,OBSERVED_GSC,https://www.stockportfolio.pro/stocks/AMR/free-cash-flow,0.0,1.0,0.0,10.0,impression-bearing,0.0,1.0,0.0,10.0,financial research,4,strong,IMPROVE_TITLE_META,align title/description with the query and lead with the filed answer,3,1,21.39
site:stockportfolio.pro,other,OBSERVED_GSC,https://www.stockportfolio.pro/stocks/ARCB/revenue,0.0,1.0,0.0,6.0,impression-bearing,0.0,52.0,0.0,34.07692307692308,financial research,4,strong,IMPROVE_TITLE_META,align title/description with the query and lead with the filed answer,3,1,21.39
site:stockportfolio.pro,other,OBSERVED_GSC,https://www.stockportfolio.pro/stocks/GEHC/revenue,0.0,1.0,0.0,7.0,impression-bearing,0.0,52.0,0.0,34.07692307692308,financial research,4,strong,IMPROVE_TITLE_META,align title/description with the query and lead with the filed answer,3,1,21.39
site:stockportfolio.pro,other,OBSERVED_GSC,https://www.stockportfolio.pro/stocks/IBM/gross-profit,0.0,1.0,0.0,10.0,impression-bearing,0.0,52.0,0.0,34.07692307692308,financial research,4,strong,IMPROVE_TITLE_META,align title/description with the query and lead with the filed answer,3,1,21.39
site:stockportfolio.pro,other,OBSERVED_GSC,https://www.stockportfolio.pro/stocks/MTH/eps,0.0,1.0,0.0,8.0,impression-bearing,0.0,52.0,0.0,34.07692307692308,financial research,4,strong,IMPROVE_TITLE_META,align title/description with the query and lead with the filed answer,3,1,21.39
site:stockportfolio.pro,other,OBSERVED_GSC,https://www.stockportfolio.pro/stocks/SCHW/pe-ratio,0.0,1.0,0.0,9.0,impression-bearing,0.0,52.0,0.0,34.07692307692308,financial research,4,strong,IMPROVE_TITLE_META,align title/description with the query and lead with the filed answer,3,1,21.39
site:stockportfolio.pro,other,OBSERVED_GSC,https://www.stockportfolio.pro/stocks/BKU/shares-outstanding,0.0,2.0,0.0,12.5,impression-bearing,0.0,52.0,0.0,34.07692307692308,financial research,4,strong,IMPROVE_TITLE_META,align title/description with the query and lead with the filed answer,3,1,21.32
site:stockportfolio.pro,other,OBSERVED_GSC,https://www.stockportfolio.pro/stocks/SILA,0.0,3.0,0.0,19.333333333333332,impression-bearing,0.0,52.0,0.0,34.07692307692308,financial research,4,strong,IMPROVE_TITLE_META,align title/description with the query and lead with the filed answer,1,1,20.85
site:stockportfolio.pro,other,OBSERVED_GSC,https://www.stockportfolio.pro/stocks/TXO,0.0,3.0,0.0,18.333333333333332,impression-bearing,0.0,52.0,0.0,34.07692307692308,financial research,4,strong,IMPROVE_TITLE_META,align title/description with the query and lead with the filed answer,1,1,20.85
adp fortinet,other,OBSERVED_GSC,https://www.stockportfolio.pro/compare/ADP-vs-FTNT,0.0,6.0,0.0,10.166666666666666,impression-bearing,0.0,6.0,0.0,10.166666666666666,financial research,4,strong,IMPROVE_EXISTING_PAGE,"comparison template: expose metric evidence, filing period and CTA",1,2,20.51
site:stockportfolio.pro,other,OBSERVED_GSC,https://www.stockportfolio.pro/stocks/HTH/net-income,0.0,3.0,0.0,10.333333333333334,impression-bearing,0.0,52.0,0.0,34.07692307692308,financial research,4,strong,IMPROVE_TITLE_META,align title/description with the query and lead with the filed answer,3,1,20.49
datadog vs .net,comparison,OBSERVED_GSC,https://www.stockportfolio.pro/compare/DDOG-vs-NET,0.0,5.0,0.0,10.6,impression-bearing,0.0,5.0,0.0,10.6,financial research,4,strong,IMPROVE_EXISTING_PAGE,"comparison template: expose metric evidence, filing period and CTA",1,2,19.95
dell technologies historical revenue fy2016 fy2017 fy2018 fy2019 fy2020 fy2021 fy2022 fy2023 fy2024 fy2025,revenue,OBSERVED_GSC,https://www.stockportfolio.pro/stocks/DELL/gross-profit,0.0,2.0,0.0,10.5,impression-bearing,0.0,15.0,0.0,9.0,financial research,4,strong,IMPROVE_TITLE_META,align title/description with the query and lead with the filed answer,3,1,19.46
"""dropbox"" ""gross profit"" ""2017"" ""2018"" ""2019"" ""10-k""",earnings/profit,OBSERVED_GSC,https://www.stockportfolio.pro/stocks/DBX,0.0,1.0,0.0,10.0,impression-bearing,0.0,1.0,0.0,10.0,financial research,4,strong,IMPROVE_TITLE_META,align title/description with the query and lead with the filed answer,1,1,19.39
bk vs bny,comparison,OBSERVED_GSC,https://www.stockportfolio.pro/compare/BK-vs-BNY,0.0,1.0,0.0,6.0,impression-bearing,0.0,1.0,0.0,6.0,financial research,4,strong,IMPROVE_EXISTING_PAGE,"comparison template: expose metric evidence, filing period and CTA",1,2,19.39
cheniere energy vs venture global,comparison,OBSERVED_GSC,https://www.stockportfolio.pro/compare/LNG-vs-VG,0.0,1.0,0.0,9.0,impression-bearing,0.0,1.0,0.0,9.0,financial research,4,strong,IMPROVE_EXISTING_PAGE,"comparison template: expose metric evidence, filing period and CTA",1,2,19.39
corsair gaming s-1 2018 2019 net revenue net income,revenue,OBSERVED_GSC,https://www.stockportfolio.pro/stocks/CRSR,0.0,1.0,0.0,10.0,impression-bearing,0.0,1.0,0.0,10.0,financial research,4,strong,IMPROVE_TITLE_META,align title/description with the query and lead with the filed answer,1,1,19.39
crown castle inc. (cci) net promoter score positive,other,OBSERVED_GSC,https://www.stockportfolio.pro/stocks/CCI,0.0,1.0,0.0,7.0,impression-bearing,0.0,1.0,0.0,7.0,financial research,4,strong,IMPROVE_TITLE_META,align title/description with the query and lead with the filed answer,1,1,19.39
fox corporation terminal growth assumption changes,other,OBSERVED_GSC,https://www.stockportfolio.pro/stocks/GOOGL,0.0,1.0,0.0,6.0,impression-bearing,0.0,1.0,0.0,6.0,financial research,4,strong,IMPROVE_TITLE_META,align title/description with the query and lead with the filed answer,1,1,19.39
ge vernova vs ge aerospace,comparison,OBSERVED_GSC,https://www.stockportfolio.pro/compare/GE-vs-GEV,0.0,1.0,0.0,10.0,impression-bearing,0.0,1.0,0.0,10.0,financial research,4,strong,IMPROVE_EXISTING_PAGE,"comparison template: expose metric evidence, filing period and CTA",1,2,19.39
site:stockportfolio.pro,other,OBSERVED_GSC,https://www.stockportfolio.pro/compare/IVZ-vs-VIRT,0.0,1.0,0.0,9.0,impression-bearing,0.0,52.0,0.0,34.07692307692308,financial research,4,strong,IMPROVE_EXISTING_PAGE,"comparison template: expose metric evidence, filing period and CTA",1,2,19.39
site:stockportfolio.pro,other,OBSERVED_GSC,https://www.stockportfolio.pro/stocks/BEP,0.0,1.0,0.0,7.0,impression-bearing,0.0,52.0,0.0,34.07692307692308,financial research,4,strong,IMPROVE_TITLE_META,align title/description with the query and lead with the filed answer,1,1,19.39
site:stockportfolio.pro,other,OBSERVED_GSC,https://www.stockportfolio.pro/stocks/COF-PJ,0.0,1.0,0.0,6.0,impression-bearing,0.0,52.0,0.0,34.07692307692308,financial research,4,strong,IMPROVE_TITLE_META,align title/description with the query and lead with the filed answer,1,1,19.39
site:stockportfolio.pro,other,OBSERVED_GSC,https://www.stockportfolio.pro/stocks/KEN,0.0,1.0,0.0,9.0,impression-bearing,0.0,52.0,0.0,34.07692307692308,financial research,4,strong,IMPROVE_TITLE_META,align title/description with the query and lead with the filed answer,1,1,19.39
site:stockportfolio.pro,other,OBSERVED_GSC,https://www.stockportfolio.pro/stocks/MTRN,0.0,1.0,0.0,8.0,impression-bearing,0.0,52.0,0.0,34.07692307692308,financial research,4,strong,IMPROVE_TITLE_META,align title/description with the query and lead with the filed answer,1,1,19.39
site:stockportfolio.pro,other,OBSERVED_GSC,https://www.stockportfolio.pro/stocks/PLGO,0.0,1.0,0.0,10.0,impression-bearing,0.0,52.0,0.0,34.07692307692308,financial research,4,strong,IMPROVE_TITLE_META,align title/description with the query and lead with the filed answer,1,1,19.39
site:stockportfolio.pro,other,OBSERVED_GSC,https://www.stockportfolio.pro/stocks/TOYO,0.0,1.0,0.0,6.0,impression-bearing,0.0,52.0,0.0,34.07692307692308,financial research,4,strong,IMPROVE_TITLE_META,align title/description with the query and lead with the filed answer,1,1,19.39
"""dropbox"" ""2019"" ""10-k"" ""gross profit""",earnings/profit,OBSERVED_GSC,https://www.stockportfolio.pro/stocks/DBX,0.0,2.0,0.0,11.0,impression-bearing,0.0,2.0,0.0,11.0,financial research,4,strong,IMPROVE_TITLE_META,align title/description with the query and lead with the filed answer,1,1,19.32
dell vs ibm stock comparison 2026,comparison,OBSERVED_GSC,https://www.stockportfolio.pro/compare/DELL-vs-IBM,0.0,2.0,0.0,11.0,impression-bearing,0.0,2.0,0.0,11.0,financial research,4,strong,IMPROVE_EXISTING_PAGE,"comparison template: expose metric evidence, filing period and CTA",1,2,19.32
oracle vs cisco,comparison,OBSERVED_GSC,https://www.stockportfolio.pro/compare/CSCO-vs-ORCL,0.0,2.0,0.0,20.0,impression-bearing,0.0,2.0,0.0,20.0,financial research,4,strong,IMPROVE_EXISTING_PAGE,"comparison template: expose metric evidence, filing period and CTA",1,2,19.32
site:stockportfolio.pro,other,OBSERVED_GSC,https://www.stockportfolio.pro/compare/AMCR-vs-WS,0.0,2.0,0.0,18.0,impression-bearing,0.0,52.0,0.0,34.07692307692308,financial research,4,strong,IMPROVE_EXISTING_PAGE,"comparison template: expose metric evidence, filing period and CTA",1,2,19.32
site:stockportfolio.pro,other,OBSERVED_GSC,https://www.stockportfolio.pro/compare/AMR-vs-CTVA,0.0,2.0,0.0,19.0,impression-bearing,0.0,52.0,0.0,34.07692307692308,financial research,4,strong,IMPROVE_EXISTING_PAGE,"comparison template: expose metric evidence, filing period and CTA",1,2,19.32
site:stockportfolio.pro,other,OBSERVED_GSC,https://www.stockportfolio.pro/compare/KFRC-vs-LMB,0.0,2.0,0.0,20.0,impression-bearing,0.0,52.0,0.0,34.07692307692308,financial research,4,strong,IMPROVE_EXISTING_PAGE,"comparison template: expose metric evidence, filing period and CTA",1,2,19.32
site:stockportfolio.pro,other,OBSERVED_GSC,https://www.stockportfolio.pro/stocks/METCB,0.0,2.0,0.0,20.0,impression-bearing,0.0,52.0,0.0,34.07692307692308,financial research,4,strong,IMPROVE_TITLE_META,align title/description with the query and lead with the filed answer,1,1,19.32
venture global vs cheniere energy comparison,comparison,OBSERVED_GSC,https://www.stockportfolio.pro/compare/LNG-vs-VG,0.0,2.0,0.0,11.5,impression-bearing,0.0,2.0,0.0,11.5,financial research,4,strong,IMPROVE_EXISTING_PAGE,"comparison template: expose metric evidence, filing period and CTA",1,2,19.32
venture global vs cheniere energy comparison 2026,comparison,OBSERVED_GSC,https://www.stockportfolio.pro/compare/LNG-vs-VG,0.0,2.0,0.0,13.5,impression-bearing,0.0,2.0,0.0,13.5,financial research,4,strong,IMPROVE_EXISTING_PAGE,"comparison template: expose metric evidence, filing period and CTA",1,2,19.32
celsius p/e ratio,valuation,OBSERVED_GSC,https://www.stockportfolio.pro/stocks/CELH/pe-ratio,0.0,3.0,0.0,23.333333333333332,impression-bearing,0.0,3.0,0.0,23.333333333333332,financial research,4,strong,IMPROVE_TEMPLATE,"stock metric template: add period, source, chart and related metric links",3,2,19.24
coca cola pe ratio,valuation,OBSERVED_GSC,https://www.stockportfolio.pro/stocks/KO/pe-ratio,0.0,3.0,0.0,21.0,impression-bearing,0.0,3.0,0.0,21.0,financial research,4,strong,IMPROVE_TEMPLATE,"stock metric template: add period, source, chart and related metric links",3,2,19.24
adt net worth,other,OBSERVED_GSC,https://www.stockportfolio.pro/stocks/ADT/net-income,0.0,1.0,0.0,19.0,impression-bearing,0.0,1.0,0.0,19.0,financial research,4,strong,IMPROVE_TITLE_META,align title/description with the query and lead with the filed answer,3,1,19.17
dell shares outstanding,shares/dilution,OBSERVED_GSC,https://www.stockportfolio.pro/stocks/DELL/shares-outstanding,0.0,1.0,0.0,14.0,impression-bearing,0.0,1.0,0.0,14.0,financial research,4,strong,IMPROVE_TITLE_META,align title/description with the query and lead with the filed answer,3,1,19.17
dell technologies historical annual revenue last 10 years fy2015 to fy2025,revenue,OBSERVED_GSC,https://www.stockportfolio.pro/stocks/DELL/shares-outstanding,0.0,1.0,0.0,18.0,impression-bearing,0.0,1.0,0.0,18.0,financial research,4,strong,IMPROVE_TITLE_META,align title/description with the query and lead with the filed answer,3,1,19.17
dell technologies historical revenue 10 years fy2015 to fy2025,revenue,OBSERVED_GSC,https://www.stockportfolio.pro/stocks/DELL/gross-profit,0.0,1.0,0.0,17.0,impression-bearing,0.0,1.0,0.0,17.0,financial research,4,strong,IMPROVE_TITLE_META,align title/description with the query and lead with the filed answer,3,1,19.17
dell technologies revenue fy2016 fy2017 fy2018 fy2019 fy2020 fy2021 fy2022 fy2023 fy2024 fy2025,revenue,OBSERVED_GSC,https://www.stockportfolio.pro/stocks/DELL/shares-outstanding,0.0,1.0,0.0,18.0,impression-bearing,0.0,1.0,0.0,18.0,financial research,4,strong,IMPROVE_TITLE_META,align title/description with the query and lead with the filed answer,3,1,19.17
dino pe,valuation,OBSERVED_GSC,https://www.stockportfolio.pro/stocks/DINO/pe-ratio,0.0,1.0,0.0,11.0,impression-bearing,0.0,1.0,0.0,11.0,financial research,4,strong,IMPROVE_TITLE_META,align title/description with the query and lead with the filed answer,3,1,19.17
goog shares outstanding,shares/dilution,OBSERVED_GSC,https://www.stockportfolio.pro/stocks/GOOGL/shares-outstanding,0.0,1.0,0.0,13.0,impression-bearing,0.0,1.0,0.0,13.0,financial research,4,strong,IMPROVE_TITLE_META,align title/description with the query and lead with the filed answer,3,1,19.17
investors.delltechnologies.com shares outstanding dell technologies,shares/dilution,OBSERVED_GSC,https://www.stockportfolio.pro/stocks/DELL/shares-outstanding,0.0,1.0,0.0,11.0,impression-bearing,0.0,1.0,0.0,11.0,financial research,4,strong,IMPROVE_TITLE_META,align title/description with the query and lead with the filed answer,3,1,19.17
site:stockportfolio.pro,other,OBSERVED_GSC,https://www.stockportfolio.pro/stocks/DELL/gross-profit,0.0,1.0,0.0,12.0,impression-bearing,0.0,52.0,0.0,34.07692307692308,financial research,4,strong,IMPROVE_TITLE_META,align title/description with the query and lead with the filed answer,3,1,19.17
site:stockportfolio.pro,other,OBSERVED_GSC,https://www.stockportfolio.pro/stocks/DLR/dividend-history,0.0,1.0,0.0,11.0,impression-bearing,0.0,52.0,0.0,34.07692307692308,financial research,4,strong,IMPROVE_TITLE_META,align title/description with the query and lead with the filed answer,3,1,19.17
site:stockportfolio.pro,other,OBSERVED_GSC,https://www.stockportfolio.pro/stocks/GPC/net-income,0.0,1.0,0.0,11.0,impression-bearing,0.0,52.0,0.0,34.07692307692308,financial research,4,strong,IMPROVE_TITLE_META,align title/description with the query and lead with the filed answer,3,1,19.17
site:stockportfolio.pro,other,OBSERVED_GSC,https://www.stockportfolio.pro/stocks/KN/shares-outstanding,0.0,1.0,0.0,14.0,impression-bearing,0.0,52.0,0.0,34.07692307692308,financial research,4,strong,IMPROVE_TITLE_META,align title/description with the query and lead with the filed answer,3,1,19.17
simply wall st portfolio,other,OBSERVED_GSC,https://www.stockportfolio.pro/vs/simply-wall-st,0.0,1.0,0.0,27.0,impression-bearing,0.0,1.0,0.0,27.0,commercial research,5,review,IMPROVE_EXISTING_PAGE,"add a direct, source-backed answer and contextual product CTA",1,2,18.87
site:stockportfolio.pro,other,OBSERVED_GSC,https://www.stockportfolio.pro/stocks/KO/total-debt,0.0,2.0,0.0,29.5,impression-bearing,0.0,52.0,0.0,34.07692307692308,financial research,4,strong,IMPROVE_EXISTING_PAGE,"add a direct, source-backed answer and contextual product CTA",3,2,18.47
site:stockportfolio.pro,other,OBSERVED_GSC,https://www.stockportfolio.pro/stocks/UFPT/shares-outstanding,0.0,2.0,0.0,23.0,impression-bearing,0.0,52.0,0.0,34.07692307692308,financial research,4,strong,IMPROVE_EXISTING_PAGE,"add a direct, source-backed answer and contextual product CTA",3,2,18.47
xpo net,other,OBSERVED_GSC,https://www.stockportfolio.pro/stocks/XPO/net-income,0.0,2.0,0.0,29.5,impression-bearing,0.0,2.0,0.0,29.5,financial research,4,strong,IMPROVE_EXISTING_PAGE,"add a direct, source-backed answer and contextual product CTA",3,2,18.47
site:stockportfolio.pro,other,OBSERVED_GSC,https://www.stockportfolio.pro/vs/macrotrends,0.0,5.0,0.0,30.0,impression-bearing,0.0,52.0,0.0,34.07692307692308,financial research,4,review,IMPROVE_EXISTING_PAGE,"add a direct, source-backed answer and contextual product CTA",1,2,18.34
msci dividends,other,OBSERVED_GSC,https://www.stockportfolio.pro/stocks/MSCI/dividend-history,0.0,16.0,0.0,49.625,impression-bearing,0.0,16.0,0.0,49.625,financial research,4,strong,IMPROVE_EXISTING_PAGE,"add a direct, source-backed answer and contextual product CTA",3,2,18.05
dropbox valuation,valuation,OBSERVED_GSC,https://www.stockportfolio.pro/stocks/DBX,0.0,2.0,0.0,51.5,impression-bearing,0.0,2.0,0.0,51.5,commercial research,5,strong,IMPROVE_TEMPLATE,"stock metric template: add period, source, chart and related metric links",1,2,17.99
pi portfolio,other,OBSERVED_GSC,https://www.stockportfolio.pro/company?symbol=PI,0.0,2.0,0.0,94.0,impression-bearing,0.0,2.0,0.0,94.0,commercial research,5,review,IMPROVE_EXISTING_PAGE,"add a direct, source-backed answer and contextual product CTA",1,2,17.99
msci dividend indexes,other,OBSERVED_GSC,https://www.stockportfolio.pro/stocks/MSCI/dividend-history,0.0,14.0,0.0,50.357142857142854,impression-bearing,0.0,14.0,0.0,50.357142857142854,financial research,4,strong,IMPROVE_EXISTING_PAGE,"add a direct, source-backed answer and contextual product CTA",3,2,17.94
site:stockportfolio.pro,other,OBSERVED_GSC,https://www.stockportfolio.pro/compare/AEHR-vs-BHE,0.0,4.0,0.0,22.5,impression-bearing,0.0,52.0,0.0,34.07692307692308,financial research,4,strong,IMPROVE_EXISTING_PAGE,"comparison template: expose metric evidence, filing period and CTA",1,2,17.85
site:stockportfolio.pro,other,OBSERVED_GSC,https://www.stockportfolio.pro/stocks/AMPX,0.0,4.0,0.0,23.75,impression-bearing,0.0,52.0,0.0,34.07692307692308,financial research,4,strong,IMPROVE_EXISTING_PAGE,"add a direct, source-backed answer and contextual product CTA",1,2,17.85
site:stockportfolio.pro,other,OBSERVED_GSC,https://www.stockportfolio.pro/stocks/INFY,0.0,4.0,0.0,22.75,impression-bearing,0.0,52.0,0.0,34.07692307692308,financial research,4,strong,IMPROVE_EXISTING_PAGE,"add a direct, source-backed answer and contextual product CTA",1,2,17.85
site:stockportfolio.pro,other,OBSERVED_GSC,https://www.stockportfolio.pro/vs/finviz,0.0,4.0,0.0,24.75,impression-bearing,0.0,52.0,0.0,34.07692307692308,financial research,4,review,IMPROVE_EXISTING_PAGE,"add a direct, source-backed answer and contextual product CTA",1,2,17.85
site:stockportfolio.pro,other,OBSERVED_GSC,https://www.stockportfolio.pro/vs/koyfin,0.0,4.0,0.0,28.75,impression-bearing,0.0,52.0,0.0,34.07692307692308,financial research,4,review,IMPROVE_EXISTING_PAGE,"add a direct, source-backed answer and contextual product CTA",1,2,17.85
site:stockportfolio.pro,other,OBSERVED_GSC,https://www.stockportfolio.pro/vs/morningstar,0.0,4.0,0.0,25.75,impression-bearing,0.0,52.0,0.0,34.07692307692308,financial research,4,review,IMPROVE_EXISTING_PAGE,"add a direct, source-backed answer and contextual product CTA",1,2,17.85
site:stockportfolio.pro,other,OBSERVED_GSC,https://www.stockportfolio.pro/vs/sharesight,0.0,4.0,0.0,27.75,impression-bearing,0.0,52.0,0.0,34.07692307692308,financial research,4,review,IMPROVE_EXISTING_PAGE,"add a direct, source-backed answer and contextual product CTA",1,2,17.85
site:stockportfolio.pro,other,OBSERVED_GSC,https://www.stockportfolio.pro/vs/wallstreetzen,0.0,4.0,0.0,26.75,impression-bearing,0.0,52.0,0.0,34.07692307692308,financial research,4,review,IMPROVE_EXISTING_PAGE,"add a direct, source-backed answer and contextual product CTA",1,2,17.85
alarm-com saas valuation,valuation,OBSERVED_GSC,https://www.stockportfolio.pro/stocks/ALRM,0.0,1.0,0.0,46.0,impression-bearing,0.0,1.0,0.0,46.0,commercial research,5,strong,IMPROVE_TEMPLATE,"stock metric template: add period, source, chart and related metric links",1,2,17.62
galaxy corporation valuation,valuation,OBSERVED_GSC,https://www.stockportfolio.pro/stocks/GLXY,0.0,1.0,0.0,77.0,impression-bearing,0.0,1.0,0.0,77.0,commercial research,5,strong,IMPROVE_TEMPLATE,"stock metric template: add period, source, chart and related metric links",1,2,17.62
portfolio company support,other,OBSERVED_GSC,https://www.stockportfolio.pro/support,0.0,1.0,0.0,97.0,impression-bearing,0.0,1.0,0.0,97.0,commercial research,5,review,IMPROVE_EXISTING_PAGE,"add a direct, source-backed answer and contextual product CTA",1,2,17.62
ppc portfolio,other,OBSERVED_GSC,https://www.stockportfolio.pro/compare/CPB-vs-PPC,0.0,1.0,0.0,48.0,impression-bearing,0.0,1.0,0.0,48.0,commercial research,5,strong,IMPROVE_EXISTING_PAGE,"comparison template: expose metric evidence, filing period and CTA",1,2,17.62
stock portfolio,other,OBSERVED_GSC,https://www.stockportfolio.pro/,0.0,1.0,0.0,93.0,impression-bearing,0.0,1.0,0.0,93.0,commercial research,5,review,IMPROVE_EXISTING_PAGE,"add a direct, source-backed answer and contextual product CTA",1,2,17.62
upwork valuation,valuation,OBSERVED_GSC,https://www.stockportfolio.pro/stocks/UPWK,0.0,1.0,0.0,57.0,impression-bearing,0.0,1.0,0.0,57.0,commercial research,5,strong,IMPROVE_TEMPLATE,"stock metric template: add period, source, chart and related metric links",1,2,17.62
alphabet shares outstanding,shares/dilution,OBSERVED_GSC,https://www.stockportfolio.pro/stocks/GOOGL/shares-outstanding,0.0,1.0,0.0,26.0,impression-bearing,0.0,1.0,0.0,26.0,financial research,4,strong,IMPROVE_TEMPLATE,"stock metric template: add period, source, chart and related metric links",3,2,17.37
boeing earnings per share,earnings/profit,OBSERVED_GSC,https://www.stockportfolio.pro/stocks/BA/eps,0.0,1.0,0.0,27.0,impression-bearing,0.0,1.0,0.0,27.0,financial research,4,strong,IMPROVE_TEMPLATE,"stock metric template: add period, source, chart and related metric links",3,2,17.37
coca cola stock pe ratio,valuation,OBSERVED_GSC,https://www.stockportfolio.pro/stocks/KO/pe-ratio,0.0,1.0,0.0,29.0,impression-bearing,0.0,1.0,0.0,29.0,financial research,4,strong,IMPROVE_TEMPLATE,"stock metric template: add period, source, chart and related metric links",3,2,17.37
does crwd pay dividends,other,OBSERVED_GSC,https://www.stockportfolio.pro/stocks/CRWD/dividend-history,0.0,1.0,0.0,30.0,impression-bearing,0.0,1.0,0.0,30.0,financial research,4,strong,IMPROVE_EXISTING_PAGE,"add a direct, source-backed answer and contextual product CTA",3,2,17.37
eix stock dividend history,other,OBSERVED_GSC,https://www.stockportfolio.pro/stocks/EIX/dividend-history,0.0,1.0,0.0,28.0,impression-bearing,0.0,1.0,0.0,28.0,financial research,4,strong,IMPROVE_EXISTING_PAGE,"add a direct, source-backed answer and contextual product CTA",3,2,17.37
esnt,other,OBSERVED_GSC,https://www.stockportfolio.pro/stocks/ESNT/revenue,0.0,1.0,0.0,23.0,impression-bearing,0.0,1.0,0.0,23.0,financial research,4,strong,IMPROVE_EXISTING_PAGE,"add a direct, source-backed answer and contextual product CTA",3,2,17.37
google pe ratio over time,valuation,OBSERVED_GSC,https://www.stockportfolio.pro/stocks/GOOGL/pe-ratio,0.0,1.0,0.0,30.0,impression-bearing,0.0,1.0,0.0,30.0,financial research,4,strong,IMPROVE_TEMPLATE,"stock metric template: add period, source, chart and related metric links",3,2,17.37
ibm profit,earnings/profit,OBSERVED_GSC,https://www.stockportfolio.pro/stocks/IBM/gross-profit,0.0,1.0,0.0,28.0,impression-bearing,0.0,1.0,0.0,28.0,financial research,4,strong,IMPROVE_TEMPLATE,"stock metric template: add period, source, chart and related metric links",3,2,17.37
ms dividend history,other,OBSERVED_GSC,https://www.stockportfolio.pro/stocks/MS/dividend-history,0.0,1.0,0.0,29.0,impression-bearing,0.0,1.0,0.0,29.0,financial research,4,strong,IMPROVE_EXISTING_PAGE,"add a direct, source-backed answer and contextual product CTA",3,2,17.37
nvidia outstanding shares,other,OBSERVED_GSC,https://www.stockportfolio.pro/stocks/NVDA/shares-outstanding,0.0,1.0,0.0,24.0,impression-bearing,0.0,1.0,0.0,24.0,financial research,4,strong,IMPROVE_EXISTING_PAGE,"add a direct, source-backed answer and contextual product CTA",3,2,17.37
site:stockportfolio.pro,other,OBSERVED_GSC,https://www.stockportfolio.pro/stocks/MMM/net-income,0.0,1.0,0.0,27.0,impression-bearing,0.0,52.0,0.0,34.07692307692308,financial research,4,strong,IMPROVE_EXISTING_PAGE,"add a direct, source-backed answer and contextual product CTA",3,2,17.37
sm dividend history,other,OBSERVED_GSC,https://www.stockportfolio.pro/stocks/SM/dividend-history,0.0,1.0,0.0,28.0,impression-bearing,0.0,1.0,0.0,28.0,financial research,4,strong,IMPROVE_EXISTING_PAGE,"add a direct, source-backed answer and contextual product CTA",3,2,17.37
syy dividend history,other,OBSERVED_GSC,https://www.stockportfolio.pro/stocks/SYY/dividend-history,0.0,1.0,0.0,24.0,impression-bearing,0.0,1.0,0.0,24.0,financial research,4,strong,IMPROVE_EXISTING_PAGE,"add a direct, source-backed answer and contextual product CTA",3,2,17.37
tr dividend history,other,OBSERVED_GSC,https://www.stockportfolio.pro/stocks/TR/dividend-history,0.0,1.0,0.0,28.0,impression-bearing,0.0,1.0,0.0,28.0,financial research,4,strong,IMPROVE_EXISTING_PAGE,"add a direct, source-backed answer and contextual product CTA",3,2,17.37
verizon annual revenue,revenue,OBSERVED_GSC,https://www.stockportfolio.pro/stocks/VZ/revenue,0.0,1.0,0.0,28.0,impression-bearing,0.0,1.0,0.0,28.0,financial research,4,strong,IMPROVE_TEMPLATE,"stock metric template: add period, source, chart and related metric links",3,2,17.37
dow jones pe ratio,valuation,OBSERVED_GSC,https://www.stockportfolio.pro/stocks/DOW/pe-ratio,0.0,6.0,0.0,77.5,impression-bearing,0.0,6.0,0.0,77.5,financial research,4,strong,IMPROVE_TEMPLATE,"stock metric template: add period, source, chart and related metric links",3,2,17.25
wells fargo dividend,other,OBSERVED_GSC,https://www.stockportfolio.pro/stocks/WFC/dividend-history,0.0,6.0,0.0,63.333333333333336,impression-bearing,0.0,6.0,0.0,63.333333333333336,financial research,4,strong,IMPROVE_EXISTING_PAGE,"add a direct, source-backed answer and contextual product CTA",3,2,17.25
site:stockportfolio.pro,other,OBSERVED_GSC,https://www.stockportfolio.pro/compare/BLK-vs-BX,0.0,3.0,0.0,29.666666666666668,impression-bearing,0.0,52.0,0.0,34.07692307692308,financial research,4,strong,IMPROVE_EXISTING_PAGE,"comparison template: expose metric evidence, filing period and CTA",1,2,17.24
site:stockportfolio.pro,other,OBSERVED_GSC,https://www.stockportfolio.pro/compare/OCGN-vs-WEAV,0.0,3.0,0.0,28.0,impression-bearing,0.0,52.0,0.0,34.07692307692308,financial research,4,strong,IMPROVE_EXISTING_PAGE,"comparison template: expose metric evidence, filing period and CTA",1,2,17.24
site:stockportfolio.pro,other,OBSERVED_GSC,https://www.stockportfolio.pro/stocks/V,0.0,3.0,0.0,21.0,impression-bearing,0.0,52.0,0.0,34.07692307692308,financial research,4,strong,IMPROVE_EXISTING_PAGE,"add a direct, source-backed answer and contextual product CTA",1,2,17.24
"""dropbox"" ""gross profit"" ""2017"" ""2018"" ""2019""",earnings/profit,OBSERVED_GSC,https://www.stockportfolio.pro/stocks/DBX,0.0,1.0,0.0,11.0,impression-bearing,0.0,1.0,0.0,11.0,financial research,4,strong,IMPROVE_TITLE_META,align title/description with the query and lead with the filed answer,1,1,17.17
berkshire hathaway vs jp morgan,comparison,OBSERVED_GSC,https://www.stockportfolio.pro/compare/BRK.B-vs-JPM,0.0,1.0,0.0,12.0,impression-bearing,0.0,1.0,0.0,12.0,financial research,4,strong,IMPROVE_EXISTING_PAGE,"comparison template: expose metric evidence, filing period and CTA",1,2,17.17
dg bg,other,OBSERVED_GSC,https://www.stockportfolio.pro/compare/BG-vs-DG,0.0,1.0,0.0,11.0,impression-bearing,0.0,1.0,0.0,11.0,financial research,4,strong,IMPROVE_EXISTING_PAGE,"comparison template: expose metric evidence, filing period and CTA",1,2,17.17
"dropbox ""gross profit"" 2017 2018 2019",earnings/profit,OBSERVED_GSC,https://www.stockportfolio.pro/stocks/DBX,0.0,1.0,0.0,11.0,impression-bearing,0.0,1.0,0.0,11.0,financial research,4,strong,IMPROVE_TITLE_META,align title/description with the query and lead with the filed answer,1,1,17.17
elanco turnover,other,OBSERVED_GSC,https://www.stockportfolio.pro/stocks/ELAN,0.0,1.0,0.0,18.0,impression-bearing,0.0,1.0,0.0,18.0,financial research,4,strong,IMPROVE_TITLE_META,align title/description with the query and lead with the filed answer,1,1,17.17
f-e-t offshore,other,OBSERVED_GSC,https://www.stockportfolio.pro/compare/FET-vs-WTI,0.0,1.0,0.0,11.0,impression-bearing,0.0,1.0,0.0,11.0,financial research,4,strong,IMPROVE_EXISTING_PAGE,"comparison template: expose metric evidence, filing period and CTA",1,2,17.17
gamestop net worth,other,OBSERVED_GSC,https://www.stockportfolio.pro/stocks/GME,0.0,1.0,0.0,20.0,impression-bearing,0.0,1.0,0.0,20.0,financial research,4,strong,IMPROVE_TITLE_META,align title/description with the query and lead with the filed answer,1,1,17.17
kmb kvue,other,OBSERVED_GSC,https://www.stockportfolio.pro/compare/KMB-vs-KVUE,0.0,1.0,0.0,16.0,impression-bearing,0.0,1.0,0.0,16.0,financial research,4,strong,IMPROVE_EXISTING_PAGE,"comparison template: expose metric evidence, filing period and CTA",1,2,17.17
qorvo net worth,other,OBSERVED_GSC,https://www.stockportfolio.pro/stocks/QRVO,0.0,1.0,0.0,16.0,impression-bearing,0.0,1.0,0.0,16.0,financial research,4,strong,IMPROVE_TITLE_META,align title/description with the query and lead with the filed answer,1,1,17.17
qxo bld,other,OBSERVED_GSC,https://www.stockportfolio.pro/compare/BLD-vs-QXO,0.0,1.0,0.0,11.0,impression-bearing,0.0,1.0,0.0,11.0,financial research,4,strong,IMPROVE_EXISTING_PAGE,"comparison template: expose metric evidence, filing period and CTA",1,2,17.17
sesquient coupon,other,OBSERVED_GSC,https://www.stockportfolio.pro/stocks/LGND,0.0,1.0,0.0,20.0,impression-bearing,0.0,1.0,0.0,20.0,financial research,4,strong,IMPROVE_TITLE_META,align title/description with the query and lead with the filed answer,1,1,17.17
site:stockportfolio.pro,other,OBSERVED_GSC,https://www.stockportfolio.pro/compare/ADSK-vs-NSSC,0.0,1.0,0.0,14.0,impression-bearing,0.0,52.0,0.0,34.07692307692308,financial research,4,strong,IMPROVE_EXISTING_PAGE,"comparison template: expose metric evidence, filing period and CTA",1,2,17.17
site:stockportfolio.pro,other,OBSERVED_GSC,https://www.stockportfolio.pro/compare/AMTB-vs-EVT,0.0,1.0,0.0,12.0,impression-bearing,0.0,52.0,0.0,34.07692307692308,financial research,4,strong,IMPROVE_EXISTING_PAGE,"comparison template: expose metric evidence, filing period and CTA",1,2,17.17
site:stockportfolio.pro,other,OBSERVED_GSC,https://www.stockportfolio.pro/compare/ATEX-vs-YELP,0.0,1.0,0.0,18.0,impression-bearing,0.0,52.0,0.0,34.07692307692308,financial research,4,strong,IMPROVE_EXISTING_PAGE,"comparison template: expose metric evidence, filing period and CTA",1,2,17.17
site:stockportfolio.pro,other,OBSERVED_GSC,https://www.stockportfolio.pro/compare/BK-vs-KKR,0.0,1.0,0.0,16.0,impression-bearing,0.0,52.0,0.0,34.07692307692308,financial research,4,strong,IMPROVE_EXISTING_PAGE,"comparison template: expose metric evidence, filing period and CTA",1,2,17.17
site:stockportfolio.pro,other,OBSERVED_GSC,https://www.stockportfolio.pro/compare/BRX-vs-CPT,0.0,1.0,0.0,16.0,impression-bearing,0.0,52.0,0.0,34.07692307692308,financial research,4,strong,IMPROVE_EXISTING_PAGE,"comparison template: expose metric evidence, filing period and CTA",1,2,17.17
site:stockportfolio.pro,other,OBSERVED_GSC,https://www.stockportfolio.pro/compare/FUN-vs-PTON,0.0,1.0,0.0,17.0,impression-bearing,0.0,52.0,0.0,34.07692307692308,financial research,4,strong,IMPROVE_EXISTING_PAGE,"comparison template: expose metric evidence, filing period and CTA",1,2,17.17
site:stockportfolio.pro,other,OBSERVED_GSC,https://www.stockportfolio.pro/compare/HMN-vs-TWN,0.0,1.0,0.0,14.0,impression-bearing,0.0,52.0,0.0,34.07692307692308,financial research,4,strong,IMPROVE_EXISTING_PAGE,"comparison template: expose metric evidence, filing period and CTA",1,2,17.17
site:stockportfolio.pro,other,OBSERVED_GSC,https://www.stockportfolio.pro/stocks/ABR-PD,0.0,1.0,0.0,11.0,impression-bearing,0.0,52.0,0.0,34.07692307692308,financial research,4,strong,IMPROVE_TITLE_META,align title/description with the query and lead with the filed answer,1,1,17.17
vsfhb,other,OBSERVED_GSC,https://www.stockportfolio.pro/compare/FFBC-vs-FHB,0.0,1.0,0.0,13.0,impression-bearing,0.0,1.0,0.0,13.0,financial research,4,strong,IMPROVE_EXISTING_PAGE,"comparison template: expose metric evidence, filing period and CTA",1,2,17.17
disney s dividend history,other,OBSERVED_GSC,https://www.stockportfolio.pro/stocks/DIS/dividend-history,0.0,5.0,0.0,84.4,impression-bearing,0.0,5.0,0.0,84.4,financial research,4,strong,IMPROVE_EXISTING_PAGE,"add a direct, source-backed answer and contextual product CTA",3,2,17.11
dow jones index pe ratio,valuation,OBSERVED_GSC,https://www.stockportfolio.pro/stocks/DOW/pe-ratio,0.0,5.0,0.0,91.8,impression-bearing,0.0,5.0,0.0,91.8,financial research,4,strong,IMPROVE_TEMPLATE,"stock metric template: add period, source, chart and related metric links",3,2,17.11
dow pe ratio,valuation,OBSERVED_GSC,https://www.stockportfolio.pro/stocks/DOW/pe-ratio,0.0,5.0,0.0,54.0,impression-bearing,0.0,5.0,0.0,54.0,financial research,4,strong,IMPROVE_TEMPLATE,"stock metric template: add period, source, chart and related metric links",3,2,17.11
djia pe ratio,valuation,OBSERVED_GSC,https://www.stockportfolio.pro/stocks/DOW/pe-ratio,0.0,4.0,0.0,56.75,impression-bearing,0.0,4.0,0.0,56.75,financial research,4,strong,IMPROVE_TEMPLATE,"stock metric template: add period, source, chart and related metric links",3,2,16.95
wells fargo stock dividend,other,OBSERVED_GSC,https://www.stockportfolio.pro/stocks/WFC/dividend-history,0.0,4.0,0.0,40.75,impression-bearing,0.0,4.0,0.0,40.75,financial research,4,strong,IMPROVE_EXISTING_PAGE,"add a direct, source-backed answer and contextual product CTA",3,2,16.95
wfc dividend history,other,OBSERVED_GSC,https://www.stockportfolio.pro/stocks/WFC/dividend-history,0.0,4.0,0.0,66.75,impression-bearing,0.0,4.0,0.0,66.75,financial research,4,strong,IMPROVE_EXISTING_PAGE,"add a direct, source-backed answer and contextual product CTA",3,2,16.95
gm profits by year,other,OBSERVED_GSC,https://www.stockportfolio.pro/stocks/GM/gross-profit,0.0,3.0,0.0,61.0,impression-bearing,0.0,3.0,0.0,61.0,financial research,4,strong,IMPROVE_EXISTING_PAGE,"add a direct, source-backed answer and contextual product CTA",3,2,16.75
google p/e ratio,valuation,OBSERVED_GSC,https://www.stockportfolio.pro/stocks/GOOGL/pe-ratio,0.0,3.0,0.0,39.666666666666664,impression-bearing,0.0,3.0,0.0,39.666666666666664,financial research,4,strong,IMPROVE_TEMPLATE,"stock metric template: add period, source, chart and related metric links",3,2,16.75
nutanix revenue,revenue,OBSERVED_GSC,https://www.stockportfolio.pro/stocks/NTNX/revenue,0.0,3.0,0.0,44.666666666666664,impression-bearing,0.0,3.0,0.0,44.666666666666664,financial research,4,strong,IMPROVE_TEMPLATE,"stock metric template: add period, source, chart and related metric links",3,2,16.75
rh aero systems revenue,revenue,OBSERVED_GSC,https://www.stockportfolio.pro/stocks/RH/revenue,0.0,3.0,0.0,71.33333333333333,impression-bearing,0.0,3.0,0.0,71.33333333333333,financial research,4,strong,IMPROVE_TEMPLATE,"stock metric template: add period, source, chart and related metric links",3,2,16.75
site:stockportfolio.pro,other,OBSERVED_GSC,https://www.stockportfolio.pro/stocks/DELL/shares-outstanding,0.0,3.0,0.0,40.0,impression-bearing,0.0,52.0,0.0,34.07692307692308,financial research,4,strong,IMPROVE_EXISTING_PAGE,"add a direct, source-backed answer and contextual product CTA",3,2,16.75
site:stockportfolio.pro,other,OBSERVED_GSC,https://www.stockportfolio.pro/stocks/EVTC/gross-profit,0.0,3.0,0.0,59.666666666666664,impression-bearing,0.0,52.0,0.0,34.07692307692308,financial research,4,strong,IMPROVE_EXISTING_PAGE,"add a direct, source-backed answer and contextual product CTA",3,2,16.75
waste management debt,other,OBSERVED_GSC,https://www.stockportfolio.pro/stocks/WM/total-debt,0.0,3.0,0.0,34.666666666666664,impression-bearing,0.0,3.0,0.0,34.666666666666664,financial research,4,strong,IMPROVE_EXISTING_PAGE,"add a direct, source-backed answer and contextual product CTA",3,2,16.75
wells fargo dividend history,other,OBSERVED_GSC,https://www.stockportfolio.pro/stocks/WFC/dividend-history,0.0,3.0,0.0,61.666666666666664,impression-bearing,0.0,3.0,0.0,61.666666666666664,financial research,4,strong,IMPROVE_EXISTING_PAGE,"add a direct, source-backed answer and contextual product CTA",3,2,16.75
wfc dividend,other,OBSERVED_GSC,https://www.stockportfolio.pro/stocks/WFC/dividend-history,0.0,3.0,0.0,81.33333333333333,impression-bearing,0.0,3.0,0.0,81.33333333333333,financial research,4,strong,IMPROVE_EXISTING_PAGE,"add a direct, source-backed answer and contextual product CTA",3,2,16.75
meta profit,earnings/profit,OBSERVED_GSC,https://www.stockportfolio.pro/stocks/META,0.0,35.0,0.0,59.97142857142857,impression-bearing,0.0,35.0,0.0,59.97142857142857,financial research,4,strong,IMPROVE_TEMPLATE,"stock metric template: add period, source, chart and related metric links",1,2,16.73
$vsts vestis corporation $vsts earnings revenue financials,revenue,OBSERVED_GSC,https://www.stockportfolio.pro/stocks/VSTS/revenue,0.0,2.0,0.0,50.0,impression-bearing,0.0,2.0,0.0,50.0,financial research,4,strong,IMPROVE_TEMPLATE,"stock metric template: add period, source, chart and related metric links",3,2,16.49
acmr earnings,earnings/profit,OBSERVED_GSC,https://www.stockportfolio.pro/stocks/ACMR/eps,0.0,2.0,0.0,69.5,impression-bearing,0.0,2.0,0.0,69.5,financial research,4,strong,IMPROVE_TEMPLATE,"stock metric template: add period, source, chart and related metric links",3,2,16.49
alphabet net income 2024,earnings/profit,OBSERVED_GSC,https://www.stockportfolio.pro/stocks/GOOGL/net-income,0.0,2.0,0.0,60.5,impression-bearing,0.0,3.0,0.0,64.0,financial research,4,strong,IMPROVE_TEMPLATE,"stock metric template: add period, source, chart and related metric links",3,2,16.49
amazon stock pe ratio,valuation,OBSERVED_GSC,https://www.stockportfolio.pro/stocks/AMZN/pe-ratio,0.0,2.0,0.0,37.0,impression-bearing,0.0,2.0,0.0,37.0,financial research,4,strong,IMPROVE_TEMPLATE,"stock metric template: add period, source, chart and related metric links",3,2,16.49
cart share price,other,OBSERVED_GSC,https://www.stockportfolio.pro/stocks/CART/shares-outstanding,0.0,2.0,0.0,66.0,impression-bearing,0.0,2.0,0.0,66.0,financial research,4,strong,IMPROVE_EXISTING_PAGE,"add a direct, source-backed answer and contextual product CTA",3,2,16.49
cigna health europe turnover,other,OBSERVED_GSC,https://www.stockportfolio.pro/stocks/CI/revenue,0.0,2.0,0.0,71.0,impression-bearing,0.0,2.0,0.0,71.0,financial research,4,strong,IMPROVE_EXISTING_PAGE,"add a direct, source-backed answer and contextual product CTA",3,2,16.49
coca cola yearly profit,earnings/profit,OBSERVED_GSC,https://www.stockportfolio.pro/stocks/KO/revenue,0.0,2.0,0.0,43.5,impression-bearing,0.0,2.0,0.0,43.5,financial research,4,strong,IMPROVE_TEMPLATE,"stock metric template: add period, source, chart and related metric links",3,2,16.49
concentrix revenue,revenue,OBSERVED_GSC,https://www.stockportfolio.pro/stocks/CNXC/revenue,0.0,2.0,0.0,70.5,impression-bearing,0.0,2.0,0.0,70.5,financial research,4,strong,IMPROVE_TEMPLATE,"stock metric template: add period, source, chart and related metric links",3,2,16.49
disney revenue,revenue,OBSERVED_GSC,https://www.stockportfolio.pro/stocks/DIS/revenue,0.0,2.0,0.0,62.0,impression-bearing,0.0,2.0,0.0,62.0,financial research,4,strong,IMPROVE_TEMPLATE,"stock metric template: add period, source, chart and related metric links",3,2,16.49
fortive revenue 2023,revenue,OBSERVED_GSC,https://www.stockportfolio.pro/stocks/FTV/revenue,0.0,2.0,0.0,68.0,impression-bearing,0.0,2.0,0.0,68.0,financial research,4,strong,IMPROVE_TEMPLATE,"stock metric template: add period, source, chart and related metric links",3,2,16.49
ge healthcare revenue,revenue,OBSERVED_GSC,https://www.stockportfolio.pro/stocks/GEHC/revenue,0.0,2.0,0.0,55.0,impression-bearing,0.0,2.0,0.0,55.0,financial research,4,strong,IMPROVE_TEMPLATE,"stock metric template: add period, source, chart and related metric links",3,2,16.49
google forward pe,valuation,OBSERVED_GSC,https://www.stockportfolio.pro/stocks/GOOGL/pe-ratio,0.0,2.0,0.0,48.5,impression-bearing,0.0,2.0,0.0,48.5,financial research,4,strong,IMPROVE_TEMPLATE,"stock metric template: add period, source, chart and related metric links",3,2,16.49
google historical pe ratio,valuation,OBSERVED_GSC,https://www.stockportfolio.pro/stocks/GOOGL/pe-ratio,0.0,2.0,0.0,30.5,impression-bearing,0.0,2.0,0.0,30.5,financial research,4,strong,IMPROVE_TEMPLATE,"stock metric template: add period, source, chart and related metric links",3,2,16.49
google net income,earnings/profit,OBSERVED_GSC,https://www.stockportfolio.pro/stocks/GOOGL/net-income,0.0,2.0,0.0,53.5,impression-bearing,0.0,3.0,0.0,50.666666666666664,financial research,4,strong,IMPROVE_TEMPLATE,"stock metric template: add period, source, chart and related metric links",3,2,16.49
google price per earnings ratio,earnings/profit,OBSERVED_GSC,https://www.stockportfolio.pro/stocks/GOOGL/pe-ratio,0.0,2.0,0.0,40.5,impression-bearing,0.0,2.0,0.0,40.5,financial research,4,strong,IMPROVE_TEMPLATE,"stock metric template: add period, source, chart and related metric links",3,2,16.49
google price to earnings ratio,earnings/profit,OBSERVED_GSC,https://www.stockportfolio.pro/stocks/GOOGL/pe-ratio,0.0,2.0,0.0,37.5,impression-bearing,0.0,2.0,0.0,37.5,financial research,4,strong,IMPROVE_TEMPLATE,"stock metric template: add period, source, chart and related metric links",3,2,16.49
google shares outstanding,shares/dilution,OBSERVED_GSC,https://www.stockportfolio.pro/stocks/GOOGL/shares-outstanding,0.0,2.0,0.0,46.5,impression-bearing,0.0,2.0,0.0,46.5,financial research,4,strong,IMPROVE_TEMPLATE,"stock metric template: add period, source, chart and related metric links",3,2,16.49
google stock pe ratio,valuation,OBSERVED_GSC,https://www.stockportfolio.pro/stocks/GOOGL/pe-ratio,0.0,2.0,0.0,40.5,impression-bearing,0.0,2.0,0.0,40.5,financial research,4,strong,IMPROVE_TEMPLATE,"stock metric template: add period, source, chart and related metric links",3,2,16.49
hban ex dividend date,other,OBSERVED_GSC,https://www.stockportfolio.pro/stocks/HBAN/dividend-history,0.0,2.0,0.0,62.5,impression-bearing,0.0,2.0,0.0,62.5,financial research,4,strong,IMPROVE_EXISTING_PAGE,"add a direct, source-backed answer and contextual product CTA",3,2,16.49
henry schein revenue,revenue,OBSERVED_GSC,https://www.stockportfolio.pro/stocks/HSIC/revenue,0.0,2.0,0.0,46.0,impression-bearing,0.0,2.0,0.0,46.0,financial research,4,strong,IMPROVE_TEMPLATE,"stock metric template: add period, source, chart and related metric links",3,2,16.49
ibm profitability,other,OBSERVED_GSC,https://www.stockportfolio.pro/stocks/IBM/gross-profit,0.0,2.0,0.0,85.0,impression-bearing,0.0,2.0,0.0,85.0,financial research,4,strong,IMPROVE_EXISTING_PAGE,"add a direct, source-backed answer and contextual product CTA",3,2,16.49
kkr stock dividend,other,OBSERVED_GSC,https://www.stockportfolio.pro/stocks/KKR/dividend-history,0.0,2.0,0.0,49.0,impression-bearing,0.0,2.0,0.0,49.0,financial research,4,strong,IMPROVE_EXISTING_PAGE,"add a direct, source-backed answer and contextual product CTA",3,2,16.49
marriott dividend history,other,OBSERVED_GSC,https://www.stockportfolio.pro/stocks/MAR/dividend-history,0.0,2.0,0.0,42.0,impression-bearing,0.0,2.0,0.0,42.0,financial research,4,strong,IMPROVE_EXISTING_PAGE,"add a direct, source-backed answer and contextual product CTA",3,2,16.49
medical properties trust inc,other,OBSERVED_GSC,https://www.stockportfolio.pro/stocks/MPT/ebitda,0.0,2.0,0.0,90.0,impression-bearing,0.0,2.0,0.0,90.0,financial research,4,strong,IMPROVE_EXISTING_PAGE,"add a direct, source-backed answer and contextual product CTA",3,2,16.49
netflix yearly revenue,revenue,OBSERVED_GSC,https://www.stockportfolio.pro/stocks/NFLX/revenue,0.0,2.0,0.0,63.5,impression-bearing,0.0,2.0,0.0,63.5,financial research,4,strong,IMPROVE_TEMPLATE,"stock metric template: add period, source, chart and related metric links",3,2,16.49
p/e ratio google,valuation,OBSERVED_GSC,https://www.stockportfolio.pro/stocks/GOOGL/pe-ratio,0.0,2.0,0.0,40.0,impression-bearing,0.0,2.0,0.0,40.0,financial research,4,strong,IMPROVE_TEMPLATE,"stock metric template: add period, source, chart and related metric links",3,2,16.49
price to earnings ratio google,earnings/profit,OBSERVED_GSC,https://www.stockportfolio.pro/stocks/GOOGL/pe-ratio,0.0,2.0,0.0,44.5,impression-bearing,0.0,2.0,0.0,44.5,financial research,4,strong,IMPROVE_TEMPLATE,"stock metric template: add period, source, chart and related metric links",3,2,16.49
schrodinger revenue,revenue,OBSERVED_GSC,https://www.stockportfolio.pro/stocks/SDGR/revenue,0.0,2.0,0.0,45.5,impression-bearing,0.0,2.0,0.0,45.5,financial research,4,strong,IMPROVE_TEMPLATE,"stock metric template: add period, source, chart and related metric links",3,2,16.49
starwood property trust dividend,other,OBSERVED_GSC,https://www.stockportfolio.pro/stocks/STWD/dividend-history,0.0,2.0,0.0,51.0,impression-bearing,0.0,2.0,0.0,51.0,financial research,4,strong,IMPROVE_EXISTING_PAGE,"add a direct, source-backed answer and contextual product CTA",3,2,16.49
waste management dividend,other,OBSERVED_GSC,https://www.stockportfolio.pro/stocks/WM/dividend-history,0.0,2.0,0.0,59.5,impression-bearing,0.0,2.0,0.0,59.5,financial research,4,strong,IMPROVE_EXISTING_PAGE,"add a direct, source-backed answer and contextual product CTA",3,2,16.49
wells fargo ex dividend,other,OBSERVED_GSC,https://www.stockportfolio.pro/stocks/WFC/dividend-history,0.0,2.0,0.0,68.0,impression-bearing,0.0,2.0,0.0,68.0,financial research,4,strong,IMPROVE_EXISTING_PAGE,"add a direct, source-backed answer and contextual product CTA",3,2,16.49
wfc dividend date,other,OBSERVED_GSC,https://www.stockportfolio.pro/stocks/WFC/dividend-history,0.0,2.0,0.0,85.5,impression-bearing,0.0,2.0,0.0,85.5,financial research,4,strong,IMPROVE_EXISTING_PAGE,"add a direct, source-backed answer and contextual product CTA",3,2,16.49
wm dividend history,other,OBSERVED_GSC,https://www.stockportfolio.pro/stocks/WM/dividend-history,0.0,2.0,0.0,37.0,impression-bearing,0.0,2.0,0.0,37.0,financial research,4,strong,IMPROVE_EXISTING_PAGE,"add a direct, source-backed answer and contextual product CTA",3,2,16.49
wm stock dividend,other,OBSERVED_GSC,https://www.stockportfolio.pro/stocks/WM/dividend-history,0.0,2.0,0.0,66.0,impression-bearing,0.0,2.0,0.0,66.0,financial research,4,strong,IMPROVE_EXISTING_PAGE,"add a direct, source-backed answer and contextual product CTA",3,2,16.49
costco pg,other,OBSERVED_GSC,https://www.stockportfolio.pro/compare/COST-vs-PG,0.0,2.0,0.0,29.0,impression-bearing,0.0,2.0,0.0,29.0,financial research,4,strong,IMPROVE_EXISTING_PAGE,"comparison template: expose metric evidence, filing period and CTA",1,2,16.47
is bdj a good investment,other,OBSERVED_GSC,https://www.stockportfolio.pro/compare/BDJ-vs-LIFE,0.0,2.0,0.0,29.0,impression-bearing,0.0,2.0,0.0,29.0,financial research,4,strong,IMPROVE_EXISTING_PAGE,"comparison template: expose metric evidence, filing period and CTA",1,2,16.47
site:stockportfolio.pro,other,OBSERVED_GSC,https://www.stockportfolio.pro/compare/AMPX-vs-DAC,0.0,2.0,0.0,28.5,impression-bearing,0.0,52.0,0.0,34.07692307692308,financial research,4,strong,IMPROVE_EXISTING_PAGE,"comparison template: expose metric evidence, filing period and CTA",1,2,16.47
site:stockportfolio.pro,other,OBSERVED_GSC,https://www.stockportfolio.pro/compare/BALL-vs-WS,0.0,2.0,0.0,22.0,impression-bearing,0.0,52.0,0.0,34.07692307692308,financial research,4,strong,IMPROVE_EXISTING_PAGE,"comparison template: expose metric evidence, filing period and CTA",1,2,16.47
site:stockportfolio.pro,other,OBSERVED_GSC,https://www.stockportfolio.pro/compare/EZPW-vs-RQI,0.0,2.0,0.0,26.5,impression-bearing,0.0,52.0,0.0,34.07692307692308,financial research,4,strong,IMPROVE_EXISTING_PAGE,"comparison template: expose metric evidence, filing period and CTA",1,2,16.47
aci ir,other,OBSERVED_GSC,https://www.stockportfolio.pro/stocks/ACI/eps,0.0,1.0,0.0,84.0,impression-bearing,0.0,1.0,0.0,84.0,financial research,4,strong,IMPROVE_EXISTING_PAGE,"add a direct, source-backed answer and contextual product CTA",3,2,16.12
adt annual revenue,revenue,OBSERVED_GSC,https://www.stockportfolio.pro/stocks/ADT/net-income,0.0,1.0,0.0,48.0,impression-bearing,0.0,2.0,0.0,47.0,financial research,4,strong,IMPROVE_TEMPLATE,"stock metric template: add period, source, chart and related metric links",3,2,16.12
adt shares outstanding,shares/dilution,OBSERVED_GSC,https://www.stockportfolio.pro/stocks/ADT/eps,0.0,1.0,0.0,75.0,impression-bearing,0.0,1.0,0.0,75.0,financial research,4,strong,IMPROVE_TEMPLATE,"stock metric template: add period, source, chart and related metric links",3,2,16.12
afg us,other,OBSERVED_GSC,https://www.stockportfolio.pro/stocks/AFG/revenue,0.0,1.0,0.0,100.0,impression-bearing,0.0,1.0,0.0,100.0,financial research,4,strong,IMPROVE_EXISTING_PAGE,"add a direct, source-backed answer and contextual product CTA",3,2,16.12
afg usa,other,OBSERVED_GSC,https://www.stockportfolio.pro/stocks/AFG/revenue,0.0,1.0,0.0,61.0,impression-bearing,0.0,1.0,0.0,61.0,financial research,4,strong,IMPROVE_EXISTING_PAGE,"add a direct, source-backed answer and contextual product CTA",3,2,16.12
alphabet forward pe,valuation,OBSERVED_GSC,https://www.stockportfolio.pro/stocks/GOOGL/pe-ratio,0.0,1.0,0.0,40.0,impression-bearing,0.0,1.0,0.0,40.0,financial research,4,strong,IMPROVE_TEMPLATE,"stock metric template: add period, source, chart and related metric links",3,2,16.12
alphabet net income 2024,earnings/profit,OBSERVED_GSC,https://www.stockportfolio.pro/stocks/GOOG/net-income,0.0,1.0,0.0,71.0,impression-bearing,0.0,3.0,0.0,64.0,financial research,4,strong,IMPROVE_TEMPLATE,"stock metric template: add period, source, chart and related metric links",3,2,16.12
alphabet stock pe ratio,valuation,OBSERVED_GSC,https://www.stockportfolio.pro/stocks/GOOGL/pe-ratio,0.0,1.0,0.0,32.0,impression-bearing,0.0,1.0,0.0,32.0,financial research,4,strong,IMPROVE_TEMPLATE,"stock metric template: add period, source, chart and related metric links",3,2,16.12
amazon p/e ratio,valuation,OBSERVED_GSC,https://www.stockportfolio.pro/stocks/AMZN/pe-ratio,0.0,1.0,0.0,45.0,impression-bearing,0.0,1.0,0.0,45.0,financial research,4,strong,IMPROVE_TEMPLATE,"stock metric template: add period, source, chart and related metric links",3,2,16.12
amazon price earnings ratio,earnings/profit,OBSERVED_GSC,https://www.stockportfolio.pro/stocks/AMZN/pe-ratio,0.0,1.0,0.0,37.0,impression-bearing,0.0,1.0,0.0,37.0,financial research,4,strong,IMPROVE_TEMPLATE,"stock metric template: add period, source, chart and related metric links",3,2,16.12
amzn pe ratio,valuation,OBSERVED_GSC,https://www.stockportfolio.pro/stocks/AMZN/pe-ratio,0.0,1.0,0.0,43.0,impression-bearing,0.0,1.0,0.0,43.0,financial research,4,strong,IMPROVE_TEMPLATE,"stock metric template: add period, source, chart and related metric links",3,2,16.12
amzn stock forward pe,valuation,OBSERVED_GSC,https://www.stockportfolio.pro/stocks/AMZN/pe-ratio,0.0,1.0,0.0,50.0,impression-bearing,0.0,1.0,0.0,50.0,financial research,4,strong,IMPROVE_TEMPLATE,"stock metric template: add period, source, chart and related metric links",3,2,16.12
amzn stock pe,valuation,OBSERVED_GSC,https://www.stockportfolio.pro/stocks/AMZN/pe-ratio,0.0,1.0,0.0,47.0,impression-bearing,0.0,1.0,0.0,47.0,financial research,4,strong,IMPROVE_TEMPLATE,"stock metric template: add period, source, chart and related metric links",3,2,16.12
annual revenue coca cola,revenue,OBSERVED_GSC,https://www.stockportfolio.pro/stocks/KO/revenue,0.0,1.0,0.0,50.0,impression-bearing,0.0,1.0,0.0,50.0,financial research,4,strong,IMPROVE_TEMPLATE,"stock metric template: add period, source, chart and related metric links",3,2,16.12
annual revenue disney,revenue,OBSERVED_GSC,https://www.stockportfolio.pro/stocks/DIS/net-income,0.0,1.0,0.0,64.0,impression-bearing,0.0,1.0,0.0,64.0,financial research,4,strong,IMPROVE_TEMPLATE,"stock metric template: add period, source, chart and related metric links",3,2,16.12
apple shares outstanding 2011,shares/dilution,OBSERVED_GSC,https://www.stockportfolio.pro/stocks/AAPL/shares-outstanding,0.0,1.0,0.0,66.0,impression-bearing,0.0,1.0,0.0,66.0,financial research,4,strong,IMPROVE_TEMPLATE,"stock metric template: add period, source, chart and related metric links",3,2,16.12
arr dividend,other,OBSERVED_GSC,https://www.stockportfolio.pro/stocks/ARR/dividend-history,0.0,1.0,0.0,41.0,impression-bearing,0.0,1.0,0.0,41.0,financial research,4,strong,IMPROVE_EXISTING_PAGE,"add a direct, source-backed answer and contextual product CTA",3,2,16.12
arr dividend yield,other,OBSERVED_GSC,https://www.stockportfolio.pro/stocks/ARR/dividend-history,0.0,1.0,0.0,65.0,impression-bearing,0.0,1.0,0.0,65.0,financial research,4,strong,IMPROVE_EXISTING_PAGE,"add a direct, source-backed answer and contextual product CTA",3,2,16.12
carvana shares outstanding 2025,shares/dilution,OBSERVED_GSC,https://www.stockportfolio.pro/stocks/CVNA/shares-outstanding,0.0,1.0,0.0,67.0,impression-bearing,0.0,1.0,0.0,67.0,financial research,4,strong,IMPROVE_TEMPLATE,"stock metric template: add period, source, chart and related metric links",3,2,16.12
celh p/e ratio,valuation,OBSERVED_GSC,https://www.stockportfolio.pro/stocks/CELH/pe-ratio,0.0,1.0,0.0,31.0,impression-bearing,0.0,1.0,0.0,31.0,financial research,4,strong,IMPROVE_TEMPLATE,"stock metric template: add period, source, chart and related metric links",3,2,16.12
celh pe ratio,valuation,OBSERVED_GSC,https://www.stockportfolio.pro/stocks/CELH/eps,0.0,1.0,0.0,83.0,impression-bearing,0.0,1.0,0.0,83.0,financial research,4,strong,IMPROVE_TEMPLATE,"stock metric template: add period, source, chart and related metric links",3,2,16.12
cheesecake factory annual revenue,revenue,OBSERVED_GSC,https://www.stockportfolio.pro/stocks/CAKE/revenue,0.0,1.0,0.0,45.0,impression-bearing,0.0,1.0,0.0,45.0,financial research,4,strong,IMPROVE_TEMPLATE,"stock metric template: add period, source, chart and related metric links",3,2,16.12
clearway energy stock dividend,other,OBSERVED_GSC,https://www.stockportfolio.pro/stocks/CWEN/dividend-history,0.0,1.0,0.0,53.0,impression-bearing,0.0,1.0,0.0,53.0,financial research,4,strong,IMPROVE_EXISTING_PAGE,"add a direct, source-backed answer and contextual product CTA",3,2,16.12
coca cola pe ratio history,valuation,OBSERVED_GSC,https://www.stockportfolio.pro/stocks/KO/pe-ratio,0.0,1.0,0.0,63.0,impression-bearing,0.0,1.0,0.0,63.0,financial research,4,strong,IMPROVE_TEMPLATE,"stock metric template: add period, source, chart and related metric links",3,2,16.12
coca cola price earnings ratio,earnings/profit,OBSERVED_GSC,https://www.stockportfolio.pro/stocks/KO/pe-ratio,0.0,1.0,0.0,71.0,impression-bearing,0.0,1.0,0.0,71.0,financial research,4,strong,IMPROVE_TEMPLATE,"stock metric template: add period, source, chart and related metric links",3,2,16.12
coca-cola revenue,revenue,OBSERVED_GSC,https://www.stockportfolio.pro/stocks/KO/revenue,0.0,1.0,0.0,62.0,impression-bearing,0.0,1.0,0.0,62.0,financial research,4,strong,IMPROVE_TEMPLATE,"stock metric template: add period, source, chart and related metric links",3,2,16.12
cognizant net worth,other,OBSERVED_GSC,https://www.stockportfolio.pro/stocks/CTSH/net-income,0.0,1.0,0.0,31.0,impression-bearing,0.0,1.0,0.0,31.0,financial research,4,strong,IMPROVE_EXISTING_PAGE,"add a direct, source-backed answer and contextual product CTA",3,2,16.12
comcast annual revenue,revenue,OBSERVED_GSC,https://www.stockportfolio.pro/stocks/CMCSA/revenue,0.0,1.0,0.0,53.0,impression-bearing,0.0,1.0,0.0,53.0,financial research,4,strong,IMPROVE_TEMPLATE,"stock metric template: add period, source, chart and related metric links",3,2,16.12
comcast revenue 2024,revenue,OBSERVED_GSC,https://www.stockportfolio.pro/stocks/CMCSA/revenue,0.0,1.0,0.0,58.0,impression-bearing,0.0,1.0,0.0,58.0,financial research,4,strong,IMPROVE_TEMPLATE,"stock metric template: add period, source, chart and related metric links",3,2,16.12
comcast yearly revenue,revenue,OBSERVED_GSC,https://www.stockportfolio.pro/stocks/CMCSA/revenue,0.0,1.0,0.0,51.0,impression-bearing,0.0,1.0,0.0,51.0,financial research,4,strong,IMPROVE_TEMPLATE,"stock metric template: add period, source, chart and related metric links",3,2,16.12
disney revenue breakdown,revenue,OBSERVED_GSC,https://www.stockportfolio.pro/stocks/DIS/revenue,0.0,1.0,0.0,56.0,impression-bearing,0.0,1.0,0.0,56.0,financial research,4,strong,IMPROVE_TEMPLATE,"stock metric template: add period, source, chart and related metric links",3,2,16.12
djia p/e ratio,valuation,OBSERVED_GSC,https://www.stockportfolio.pro/stocks/DOW/pe-ratio,0.0,1.0,0.0,43.0,impression-bearing,0.0,1.0,0.0,43.0,financial research,4,strong,IMPROVE_TEMPLATE,"stock metric template: add period, source, chart and related metric links",3,2,16.12
djia pe ratio chart,valuation,OBSERVED_GSC,https://www.stockportfolio.pro/stocks/DOW/pe-ratio,0.0,1.0,0.0,52.0,impression-bearing,0.0,1.0,0.0,52.0,financial research,4,strong,IMPROVE_TEMPLATE,"stock metric template: add period, source, chart and related metric links",3,2,16.12
doc dividend history,other,OBSERVED_GSC,https://www.stockportfolio.pro/stocks/DOC/dividend-history,0.0,1.0,0.0,34.0,impression-bearing,0.0,1.0,0.0,34.0,financial research,4,strong,IMPROVE_EXISTING_PAGE,"add a direct, source-backed answer and contextual product CTA",3,2,16.12
does crowdstrike offer dividend payments?,other,OBSERVED_GSC,https://www.stockportfolio.pro/stocks/CRWD/dividend-history,0.0,1.0,0.0,46.0,impression-bearing,0.0,1.0,0.0,46.0,financial research,4,strong,IMPROVE_EXISTING_PAGE,"add a direct, source-backed answer and contextual product CTA",3,2,16.12
dow average pe,valuation,OBSERVED_GSC,https://www.stockportfolio.pro/stocks/DOW/pe-ratio,0.0,1.0,0.0,72.0,impression-bearing,0.0,1.0,0.0,72.0,financial research,4,strong,IMPROVE_TEMPLATE,"stock metric template: add period, source, chart and related metric links",3,2,16.12
dow jones average price earnings ratio,earnings/profit,OBSERVED_GSC,https://www.stockportfolio.pro/stocks/DOW/pe-ratio,0.0,1.0,0.0,71.0,impression-bearing,0.0,1.0,0.0,71.0,financial research,4,strong,IMPROVE_TEMPLATE,"stock metric template: add period, source, chart and related metric links",3,2,16.12
dow jones industrial average pe ratio,valuation,OBSERVED_GSC,https://www.stockportfolio.pro/stocks/DOW/pe-ratio,0.0,1.0,0.0,60.0,impression-bearing,0.0,1.0,0.0,60.0,financial research,4,strong,IMPROVE_TEMPLATE,"stock metric template: add period, source, chart and related metric links",3,2,16.12
dow jones p e,other,OBSERVED_GSC,https://www.stockportfolio.pro/stocks/DOW/pe-ratio,0.0,1.0,0.0,78.0,impression-bearing,0.0,1.0,0.0,78.0,financial research,4,strong,IMPROVE_EXISTING_PAGE,"add a direct, source-backed answer and contextual product CTA",3,2,16.12
dow jones p e ratio,other,OBSERVED_GSC,https://www.stockportfolio.pro/stocks/DOW/pe-ratio,0.0,1.0,0.0,79.0,impression-bearing,0.0,1.0,0.0,79.0,financial research,4,strong,IMPROVE_EXISTING_PAGE,"add a direct, source-backed answer and contextual product CTA",3,2,16.12
dow jones pe,valuation,OBSERVED_GSC,https://www.stockportfolio.pro/stocks/DOW/pe-ratio,0.0,1.0,0.0,76.0,impression-bearing,0.0,1.0,0.0,76.0,financial research,4,strong,IMPROVE_TEMPLATE,"stock metric template: add period, source, chart and related metric links",3,2,16.12
dow jones pe ratio historical chart,valuation,OBSERVED_GSC,https://www.stockportfolio.pro/stocks/DOW/pe-ratio,0.0,1.0,0.0,59.0,impression-bearing,0.0,1.0,0.0,59.0,financial research,4,strong,IMPROVE_TEMPLATE,"stock metric template: add period, source, chart and related metric links",3,2,16.12
dow price earnings ratio,earnings/profit,OBSERVED_GSC,https://www.stockportfolio.pro/stocks/DOW/pe-ratio,0.0,1.0,0.0,37.0,impression-bearing,0.0,1.0,0.0,37.0,financial research,4,strong,IMPROVE_TEMPLATE,"stock metric template: add period, source, chart and related metric links",3,2,16.12
e fult com,other,OBSERVED_GSC,https://www.stockportfolio.pro/stocks/FULT/pe-ratio,0.0,1.0,0.0,41.0,impression-bearing,0.0,1.0,0.0,41.0,financial research,4,strong,IMPROVE_EXISTING_PAGE,"add a direct, source-backed answer and contextual product CTA",3,2,16.12
entegris revenue,revenue,OBSERVED_GSC,https://www.stockportfolio.pro/stocks/ENTG/revenue,0.0,1.0,0.0,70.0,impression-bearing,0.0,1.0,0.0,70.0,financial research,4,strong,IMPROVE_TEMPLATE,"stock metric template: add period, source, chart and related metric links",3,2,16.12
eps history,earnings/profit,OBSERVED_GSC,https://www.stockportfolio.pro/stocks/IP/eps,0.0,1.0,0.0,68.0,impression-bearing,0.0,1.0,0.0,68.0,financial research,4,strong,IMPROVE_TEMPLATE,"stock metric template: add period, source, chart and related metric links",3,2,16.12
etd stock dividend,other,OBSERVED_GSC,https://www.stockportfolio.pro/stocks/ETD/dividend-history,0.0,1.0,0.0,40.0,impression-bearing,0.0,1.0,0.0,40.0,financial research,4,strong,IMPROVE_EXISTING_PAGE,"add a direct, source-backed answer and contextual product CTA",3,2,16.12
etsy earnings,earnings/profit,OBSERVED_GSC,https://www.stockportfolio.pro/stocks/ETSY/eps,0.0,1.0,0.0,93.0,impression-bearing,0.0,1.0,0.0,93.0,financial research,4,strong,IMPROVE_TEMPLATE,"stock metric template: add period, source, chart and related metric links",3,2,16.12
ford p e ratio,other,OBSERVED_GSC,https://www.stockportfolio.pro/stocks/F/pe-ratio,0.0,1.0,0.0,37.0,impression-bearing,0.0,1.0,0.0,37.0,financial research,4,strong,IMPROVE_EXISTING_PAGE,"add a direct, source-backed answer and contextual product CTA",3,2,16.12
fortive 2023 annual report revenue,revenue,OBSERVED_GSC,https://www.stockportfolio.pro/stocks/FTV/revenue,0.0,1.0,0.0,67.0,impression-bearing,0.0,1.0,0.0,67.0,financial research,4,strong,IMPROVE_TEMPLATE,"stock metric template: add period, source, chart and related metric links",3,2,16.12
fortive 2023 annual revenue,revenue,OBSERVED_GSC,https://www.stockportfolio.pro/stocks/FTV/revenue,0.0,1.0,0.0,70.0,impression-bearing,0.0,1.0,0.0,70.0,financial research,4,strong,IMPROVE_TEMPLATE,"stock metric template: add period, source, chart and related metric links",3,2,16.12
fortive 2023 revenue,revenue,OBSERVED_GSC,https://www.stockportfolio.pro/stocks/FTV/revenue,0.0,1.0,0.0,73.0,impression-bearing,0.0,1.0,0.0,73.0,financial research,4,strong,IMPROVE_TEMPLATE,"stock metric template: add period, source, chart and related metric links",3,2,16.12
fortive full year 2023 revenue,revenue,OBSERVED_GSC,https://www.stockportfolio.pro/stocks/FTV/revenue,0.0,1.0,0.0,67.0,impression-bearing,0.0,1.0,0.0,67.0,financial research,4,strong,IMPROVE_TEMPLATE,"stock metric template: add period, source, chart and related metric links",3,2,16.12
ge healthcare annual report,other,OBSERVED_GSC,https://www.stockportfolio.pro/stocks/GEHC/revenue,0.0,1.0,0.0,55.0,impression-bearing,0.0,1.0,0.0,55.0,financial research,4,strong,IMPROVE_EXISTING_PAGE,"add a direct, source-backed answer and contextual product CTA",3,2,16.12
ge healthcare annual revenue,revenue,OBSERVED_GSC,https://www.stockportfolio.pro/stocks/GEHC/revenue,0.0,1.0,0.0,47.0,impression-bearing,0.0,1.0,0.0,47.0,financial research,4,strong,IMPROVE_TEMPLATE,"stock metric template: add period, source, chart and related metric links",3,2,16.12
general motors profit,earnings/profit,OBSERVED_GSC,https://www.stockportfolio.pro/stocks/GM/gross-profit,0.0,1.0,0.0,99.0,impression-bearing,0.0,1.0,0.0,99.0,financial research,4,strong,IMPROVE_TEMPLATE,"stock metric template: add period, source, chart and related metric links",3,2,16.12
gm annual revenue,revenue,OBSERVED_GSC,https://www.stockportfolio.pro/stocks/GM/gross-profit,0.0,1.0,0.0,77.0,impression-bearing,0.0,1.0,0.0,77.0,financial research,4,strong,IMPROVE_TEMPLATE,"stock metric template: add period, source, chart and related metric links",3,2,16.12
gm profit,earnings/profit,OBSERVED_GSC,https://www.stockportfolio.pro/stocks/GM/gross-profit,0.0,1.0,0.0,88.0,impression-bearing,0.0,1.0,0.0,88.0,financial research,4,strong,IMPROVE_TEMPLATE,"stock metric template: add period, source, chart and related metric links",3,2,16.12
gm yearly revenue,revenue,OBSERVED_GSC,https://www.stockportfolio.pro/stocks/GM/gross-profit,0.0,1.0,0.0,77.0,impression-bearing,0.0,1.0,0.0,77.0,financial research,4,strong,IMPROVE_TEMPLATE,"stock metric template: add period, source, chart and related metric links",3,2,16.12
gme debt,other,OBSERVED_GSC,https://www.stockportfolio.pro/stocks/GME/total-debt,0.0,1.0,0.0,46.0,impression-bearing,0.0,1.0,0.0,46.0,financial research,4,strong,IMPROVE_EXISTING_PAGE,"add a direct, source-backed answer and contextual product CTA",3,2,16.12
goog financials,other,OBSERVED_GSC,https://www.stockportfolio.pro/stocks/GOOG/net-income,0.0,1.0,0.0,76.0,impression-bearing,0.0,1.0,0.0,76.0,financial research,4,strong,IMPROVE_EXISTING_PAGE,"add a direct, source-backed answer and contextual product CTA",3,2,16.12
goog forward pe,valuation,OBSERVED_GSC,https://www.stockportfolio.pro/stocks/GOOGL/pe-ratio,0.0,1.0,0.0,45.0,impression-bearing,0.0,1.0,0.0,45.0,financial research,4,strong,IMPROVE_TEMPLATE,"stock metric template: add period, source, chart and related metric links",3,2,16.12
goog forward pe ratio,valuation,OBSERVED_GSC,https://www.stockportfolio.pro/stocks/GOOGL/pe-ratio,0.0,1.0,0.0,48.0,impression-bearing,0.0,1.0,0.0,48.0,financial research,4,strong,IMPROVE_TEMPLATE,"stock metric template: add period, source, chart and related metric links",3,2,16.12
goog pe ratio history,valuation,OBSERVED_GSC,https://www.stockportfolio.pro/stocks/GOOGL/pe-ratio,0.0,1.0,0.0,33.0,impression-bearing,0.0,1.0,0.0,33.0,financial research,4,strong,IMPROVE_TEMPLATE,"stock metric template: add period, source, chart and related metric links",3,2,16.12
goog peg ratio,other,OBSERVED_GSC,https://www.stockportfolio.pro/stocks/GOOGL/pe-ratio,0.0,1.0,0.0,40.0,impression-bearing,0.0,1.0,0.0,40.0,financial research,4,strong,IMPROVE_EXISTING_PAGE,"add a direct, source-backed answer and contextual product CTA",3,2,16.12
googl forward pe,valuation,OBSERVED_GSC,https://www.stockportfolio.pro/stocks/GOOGL/pe-ratio,0.0,1.0,0.0,41.0,impression-bearing,0.0,1.0,0.0,41.0,financial research,4,strong,IMPROVE_TEMPLATE,"stock metric template: add period, source, chart and related metric links",3,2,16.12
googl pe ratio,valuation,OBSERVED_GSC,https://www.stockportfolio.pro/stocks/GOOGL/pe-ratio,0.0,1.0,0.0,31.0,impression-bearing,0.0,1.0,0.0,31.0,financial research,4,strong,IMPROVE_TEMPLATE,"stock metric template: add period, source, chart and related metric links",3,2,16.12
google annual profit,earnings/profit,OBSERVED_GSC,https://www.stockportfolio.pro/stocks/GOOGL/net-income,0.0,1.0,0.0,63.0,impression-bearing,0.0,1.0,0.0,63.0,financial research,4,strong,IMPROVE_TEMPLATE,"stock metric template: add period, source, chart and related metric links",3,2,16.12
google earnings per share,earnings/profit,OBSERVED_GSC,https://www.stockportfolio.pro/stocks/GOOGL/eps,0.0,1.0,0.0,48.0,impression-bearing,0.0,1.0,0.0,48.0,financial research,4,strong,IMPROVE_TEMPLATE,"stock metric template: add period, source, chart and related metric links",3,2,16.12
google eps,earnings/profit,OBSERVED_GSC,https://www.stockportfolio.pro/stocks/GOOGL/eps,0.0,1.0,0.0,56.0,impression-bearing,0.0,1.0,0.0,56.0,financial research,4,strong,IMPROVE_TEMPLATE,"stock metric template: add period, source, chart and related metric links",3,2,16.12
google forward p e,other,OBSERVED_GSC,https://www.stockportfolio.pro/stocks/GOOGL/pe-ratio,0.0,1.0,0.0,48.0,impression-bearing,0.0,1.0,0.0,48.0,financial research,4,strong,IMPROVE_EXISTING_PAGE,"add a direct, source-backed answer and contextual product CTA",3,2,16.12
google forward pe ratio,valuation,OBSERVED_GSC,https://www.stockportfolio.pro/stocks/GOOGL/pe-ratio,0.0,1.0,0.0,44.0,impression-bearing,0.0,1.0,0.0,44.0,financial research,4,strong,IMPROVE_TEMPLATE,"stock metric template: add period, source, chart and related metric links",3,2,16.12
google net earnings,earnings/profit,OBSERVED_GSC,https://www.stockportfolio.pro/stocks/GOOGL/net-income,0.0,1.0,0.0,74.0,impression-bearing,0.0,1.0,0.0,74.0,financial research,4,strong,IMPROVE_TEMPLATE,"stock metric template: add period, source, chart and related metric links",3,2,16.12
google net income 2022,earnings/profit,OBSERVED_GSC,https://www.stockportfolio.pro/stocks/GOOGL/net-income,0.0,1.0,0.0,47.0,impression-bearing,0.0,1.0,0.0,47.0,financial research,4,strong,IMPROVE_TEMPLATE,"stock metric template: add period, source, chart and related metric links",3,2,16.12
google net income 2023,earnings/profit,OBSERVED_GSC,https://www.stockportfolio.pro/stocks/GOOGL/net-income,0.0,1.0,0.0,45.0,impression-bearing,0.0,1.0,0.0,45.0,financial research,4,strong,IMPROVE_TEMPLATE,"stock metric template: add period, source, chart and related metric links",3,2,16.12
google net profit,earnings/profit,OBSERVED_GSC,https://www.stockportfolio.pro/stocks/GOOGL/net-income,0.0,1.0,0.0,64.0,impression-bearing,0.0,1.0,0.0,64.0,financial research,4,strong,IMPROVE_TEMPLATE,"stock metric template: add period, source, chart and related metric links",3,2,16.12
google net profit 2025,earnings/profit,OBSERVED_GSC,https://www.stockportfolio.pro/stocks/GOOG/net-income,0.0,1.0,0.0,58.0,impression-bearing,0.0,1.0,0.0,58.0,financial research,4,strong,IMPROVE_TEMPLATE,"stock metric template: add period, source, chart and related metric links",3,2,16.12
google outstanding shares,other,OBSERVED_GSC,https://www.stockportfolio.pro/stocks/GOOGL/shares-outstanding,0.0,1.0,0.0,61.0,impression-bearing,0.0,1.0,0.0,61.0,financial research,4,strong,IMPROVE_EXISTING_PAGE,"add a direct, source-backed answer and contextual product CTA",3,2,16.12
google p e ratio,other,OBSERVED_GSC,https://www.stockportfolio.pro/stocks/GOOGL/pe-ratio,0.0,1.0,0.0,37.0,impression-bearing,0.0,1.0,0.0,37.0,financial research,4,strong,IMPROVE_EXISTING_PAGE,"add a direct, source-backed answer and contextual product CTA",3,2,16.12
google p/e,valuation,OBSERVED_GSC,https://www.stockportfolio.pro/stocks/GOOGL/pe-ratio,0.0,1.0,0.0,46.0,impression-bearing,0.0,1.0,0.0,46.0,financial research,4,strong,IMPROVE_TEMPLATE,"stock metric template: add period, source, chart and related metric links",3,2,16.12
google pe ratio,valuation,OBSERVED_GSC,https://www.stockportfolio.pro/stocks/GOOGL/pe-ratio,0.0,1.0,0.0,41.0,impression-bearing,0.0,1.0,0.0,41.0,financial research,4,strong,IMPROVE_TEMPLATE,"stock metric template: add period, source, chart and related metric links",3,2,16.12
google pe ratio chart,valuation,OBSERVED_GSC,https://www.stockportfolio.pro/stocks/GOOGL/pe-ratio,0.0,1.0,0.0,34.0,impression-bearing,0.0,1.0,0.0,34.0,financial research,4,strong,IMPROVE_TEMPLATE,"stock metric template: add period, source, chart and related metric links",3,2,16.12
google pe ratio today,valuation,OBSERVED_GSC,https://www.stockportfolio.pro/stocks/GOOGL/pe-ratio,0.0,1.0,0.0,37.0,impression-bearing,0.0,1.0,0.0,37.0,financial research,4,strong,IMPROVE_TEMPLATE,"stock metric template: add period, source, chart and related metric links",3,2,16.12
google peg ratio,other,OBSERVED_GSC,https://www.stockportfolio.pro/stocks/GOOGL/pe-ratio,0.0,1.0,0.0,47.0,impression-bearing,0.0,1.0,0.0,47.0,financial research,4,strong,IMPROVE_EXISTING_PAGE,"add a direct, source-backed answer and contextual product CTA",3,2,16.12
google price earnings ratio,earnings/profit,OBSERVED_GSC,https://www.stockportfolio.pro/stocks/GOOGL/pe-ratio,0.0,1.0,0.0,44.0,impression-bearing,0.0,1.0,0.0,44.0,financial research,4,strong,IMPROVE_TEMPLATE,"stock metric template: add period, source, chart and related metric links",3,2,16.12
google stock price to earnings ratio,earnings/profit,OBSERVED_GSC,https://www.stockportfolio.pro/stocks/GOOGL/pe-ratio,0.0,1.0,0.0,44.0,impression-bearing,0.0,1.0,0.0,44.0,financial research,4,strong,IMPROVE_TEMPLATE,"stock metric template: add period, source, chart and related metric links",3,2,16.12
hban dividend,other,OBSERVED_GSC,https://www.stockportfolio.pro/stocks/HBAN/dividend-history,0.0,1.0,0.0,65.0,impression-bearing,0.0,1.0,0.0,65.0,financial research,4,strong,IMPROVE_EXISTING_PAGE,"add a direct, source-backed answer and contextual product CTA",3,2,16.12
hban dividend date,other,OBSERVED_GSC,https://www.stockportfolio.pro/stocks/HBAN/dividend-history,0.0,1.0,0.0,63.0,impression-bearing,0.0,1.0,0.0,63.0,financial research,4,strong,IMPROVE_EXISTING_PAGE,"add a direct, source-backed answer and contextual product CTA",3,2,16.12
how many shares of google are there,other,OBSERVED_GSC,https://www.stockportfolio.pro/stocks/GOOGL/shares-outstanding,0.0,1.0,0.0,100.0,impression-bearing,0.0,1.0,0.0,100.0,financial research,4,strong,IMPROVE_EXISTING_PAGE,"add a direct, source-backed answer and contextual product CTA",3,2,16.12
hss revenue,revenue,OBSERVED_GSC,https://www.stockportfolio.pro/stocks/JBSS/revenue,0.0,1.0,0.0,69.0,impression-bearing,0.0,1.0,0.0,69.0,financial research,4,strong,IMPROVE_TEMPLATE,"stock metric template: add period, source, chart and related metric links",3,2,16.12
huntington bank stock dividend,other,OBSERVED_GSC,https://www.stockportfolio.pro/stocks/HBAN/dividend-history,0.0,1.0,0.0,75.0,impression-bearing,0.0,1.0,0.0,75.0,financial research,4,strong,IMPROVE_EXISTING_PAGE,"add a direct, source-backed answer and contextual product CTA",3,2,16.12
insw dividend history,other,OBSERVED_GSC,https://www.stockportfolio.pro/stocks/INSW/dividend-history,0.0,1.0,0.0,34.0,impression-bearing,0.0,1.0,0.0,34.0,financial research,4,strong,IMPROVE_EXISTING_PAGE,"add a direct, source-backed answer and contextual product CTA",3,2,16.12
international paper earnings,earnings/profit,OBSERVED_GSC,https://www.stockportfolio.pro/stocks/IP/eps,0.0,1.0,0.0,54.0,impression-bearing,0.0,1.0,0.0,54.0,financial research,4,strong,IMPROVE_TEMPLATE,"stock metric template: add period, source, chart and related metric links",3,2,16.12
kkr annual revenue,revenue,OBSERVED_GSC,https://www.stockportfolio.pro/stocks/KKR/revenue,0.0,1.0,0.0,57.0,impression-bearing,0.0,1.0,0.0,57.0,financial research,4,strong,IMPROVE_TEMPLATE,"stock metric template: add period, source, chart and related metric links",3,2,16.12
kkr dividend date,other,OBSERVED_GSC,https://www.stockportfolio.pro/stocks/KKR/dividend-history,0.0,1.0,0.0,62.0,impression-bearing,0.0,1.0,0.0,62.0,financial research,4,strong,IMPROVE_EXISTING_PAGE,"add a direct, source-backed answer and contextual product CTA",3,2,16.12
kkr ex dividend date,other,OBSERVED_GSC,https://www.stockportfolio.pro/stocks/KKR/dividend-history,0.0,1.0,0.0,60.0,impression-bearing,0.0,1.0,0.0,60.0,financial research,4,strong,IMPROVE_EXISTING_PAGE,"add a direct, source-backed answer and contextual product CTA",3,2,16.12
kla annual revenue,revenue,OBSERVED_GSC,https://www.stockportfolio.pro/stocks/KLAC/revenue,0.0,1.0,0.0,56.0,impression-bearing,0.0,1.0,0.0,56.0,financial research,4,strong,IMPROVE_TEMPLATE,"stock metric template: add period, source, chart and related metric links",3,2,16.12
korn ferry net worth,other,OBSERVED_GSC,https://www.stockportfolio.pro/stocks/KFY/revenue,0.0,1.0,0.0,34.0,impression-bearing,0.0,1.0,0.0,34.0,financial research,4,strong,IMPROVE_EXISTING_PAGE,"add a direct, source-backed answer and contextual product CTA",3,2,16.12
krc dividend,other,OBSERVED_GSC,https://www.stockportfolio.pro/stocks/KRC/dividend-history,0.0,1.0,0.0,46.0,impression-bearing,0.0,1.0,0.0,46.0,financial research,4,strong,IMPROVE_EXISTING_PAGE,"add a direct, source-backed answer and contextual product CTA",3,2,16.12
krc dividend history,other,OBSERVED_GSC,https://www.stockportfolio.pro/stocks/KRC/dividend-history,0.0,1.0,0.0,34.0,impression-bearing,0.0,1.0,0.0,34.0,financial research,4,strong,IMPROVE_EXISTING_PAGE,"add a direct, source-backed answer and contextual product CTA",3,2,16.12
lamb weston annual revenue,revenue,OBSERVED_GSC,https://www.stockportfolio.pro/stocks/LW/revenue,0.0,1.0,0.0,44.0,impression-bearing,0.0,1.0,0.0,44.0,financial research,4,strong,IMPROVE_TEMPLATE,"stock metric template: add period, source, chart and related metric links",3,2,16.12
lincoln electric annual revenue,revenue,OBSERVED_GSC,https://www.stockportfolio.pro/stocks/LECO/net-income,0.0,1.0,0.0,56.0,impression-bearing,0.0,1.0,0.0,56.0,financial research,4,strong,IMPROVE_TEMPLATE,"stock metric template: add period, source, chart and related metric links",3,2,16.12
lxp dividend history,other,OBSERVED_GSC,https://www.stockportfolio.pro/stocks/LXP/dividend-history,0.0,1.0,0.0,79.0,impression-bearing,0.0,1.0,0.0,79.0,financial research,4,strong,IMPROVE_EXISTING_PAGE,"add a direct, source-backed answer and contextual product CTA",3,2,16.12
lyft net income,earnings/profit,OBSERVED_GSC,https://www.stockportfolio.pro/stocks/LYFT/revenue,0.0,1.0,0.0,65.0,impression-bearing,0.0,1.0,0.0,65.0,financial research,4,strong,IMPROVE_TEMPLATE,"stock metric template: add period, source, chart and related metric links",3,2,16.12
lyft revenue,revenue,OBSERVED_GSC,https://www.stockportfolio.pro/stocks/LYFT/revenue,0.0,1.0,0.0,53.0,impression-bearing,0.0,1.0,0.0,53.0,financial research,4,strong,IMPROVE_TEMPLATE,"stock metric template: add period, source, chart and related metric links",3,2,16.12
manpowergroup stock,other,OBSERVED_GSC,https://www.stockportfolio.pro/stocks/MAN/ebitda,0.0,1.0,0.0,76.0,impression-bearing,0.0,1.0,0.0,76.0,financial research,4,strong,IMPROVE_EXISTING_PAGE,"add a direct, source-backed answer and contextual product CTA",3,2,16.12
marathon petroleum stock dividend,other,OBSERVED_GSC,https://www.stockportfolio.pro/stocks/MPC/dividend-history,0.0,1.0,0.0,59.0,impression-bearing,0.0,1.0,0.0,59.0,financial research,4,strong,IMPROVE_EXISTING_PAGE,"add a direct, source-backed answer and contextual product CTA",3,2,16.12
medical properties trust,other,OBSERVED_GSC,https://www.stockportfolio.pro/stocks/MPT/ebitda,0.0,1.0,0.0,95.0,impression-bearing,0.0,1.0,0.0,95.0,financial research,4,strong,IMPROVE_EXISTING_PAGE,"add a direct, source-backed answer and contextual product CTA",3,2,16.12
medical properties trust stock price,other,OBSERVED_GSC,https://www.stockportfolio.pro/stocks/MPT/ebitda,0.0,1.0,0.0,88.0,impression-bearing,0.0,1.0,0.0,88.0,financial research,4,strong,IMPROVE_EXISTING_PAGE,"add a direct, source-backed answer and contextual product CTA",3,2,16.12
merck dividends,other,OBSERVED_GSC,https://www.stockportfolio.pro/stocks/MRK/dividend-history,0.0,1.0,0.0,68.0,impression-bearing,0.0,1.0,0.0,68.0,financial research,4,strong,IMPROVE_EXISTING_PAGE,"add a direct, source-backed answer and contextual product CTA",3,2,16.12
mirion technologies revenue,revenue,OBSERVED_GSC,https://www.stockportfolio.pro/stocks/MIR/net-income,0.0,1.0,0.0,60.0,impression-bearing,0.0,1.0,0.0,47.0,financial research,4,strong,IMPROVE_TEMPLATE,"stock metric template: add period, source, chart and related metric links",3,2,16.12
moh stock dividend,other,OBSERVED_GSC,https://www.stockportfolio.pro/stocks/MOH/dividend-history,0.0,1.0,0.0,33.0,impression-bearing,0.0,1.0,0.0,33.0,financial research,4,strong,IMPROVE_EXISTING_PAGE,"add a direct, source-backed answer and contextual product CTA",3,2,16.12
moh stock earnings date,earnings/profit,OBSERVED_GSC,https://www.stockportfolio.pro/stocks/MOH/eps,0.0,1.0,0.0,50.0,impression-bearing,0.0,1.0,0.0,50.0,financial research,4,strong,IMPROVE_TEMPLATE,"stock metric template: add period, source, chart and related metric links",3,2,16.12
mondelez net worth,other,OBSERVED_GSC,https://www.stockportfolio.pro/stocks/MDLZ/revenue,0.0,1.0,0.0,47.0,impression-bearing,0.0,1.0,0.0,47.0,financial research,4,strong,IMPROVE_EXISTING_PAGE,"add a direct, source-backed answer and contextual product CTA",3,2,16.12
motorola solutions annual revenue,revenue,OBSERVED_GSC,https://www.stockportfolio.pro/stocks/MSI/revenue,0.0,1.0,0.0,35.0,impression-bearing,0.0,1.0,0.0,35.0,financial research,4,strong,IMPROVE_TEMPLATE,"stock metric template: add period, source, chart and related metric links",3,2,16.12
mrk dividend,other,OBSERVED_GSC,https://www.stockportfolio.pro/stocks/MRK/dividend-history,0.0,1.0,0.0,65.0,impression-bearing,0.0,1.0,0.0,65.0,financial research,4,strong,IMPROVE_EXISTING_PAGE,"add a direct, source-backed answer and contextual product CTA",3,2,16.12
mrk next dividend date,other,OBSERVED_GSC,https://www.stockportfolio.pro/stocks/MRK/dividend-history,0.0,1.0,0.0,69.0,impression-bearing,0.0,1.0,0.0,69.0,financial research,4,strong,IMPROVE_EXISTING_PAGE,"add a direct, source-backed answer and contextual product CTA",3,2,16.12
net income google,earnings/profit,OBSERVED_GSC,https://www.stockportfolio.pro/stocks/GOOG/net-income,0.0,1.0,0.0,79.0,impression-bearing,0.0,1.0,0.0,66.0,financial research,4,strong,IMPROVE_TEMPLATE,"stock metric template: add period, source, chart and related metric links",3,2,16.12
net income google,earnings/profit,OBSERVED_GSC,https://www.stockportfolio.pro/stocks/GOOGL/net-income,0.0,1.0,0.0,66.0,impression-bearing,0.0,1.0,0.0,66.0,financial research,4,strong,IMPROVE_TEMPLATE,"stock metric template: add period, source, chart and related metric links",3,2,16.12
net income of google,earnings/profit,OBSERVED_GSC,https://www.stockportfolio.pro/stocks/GOOG/net-income,0.0,1.0,0.0,79.0,impression-bearing,0.0,1.0,0.0,52.0,financial research,4,strong,IMPROVE_TEMPLATE,"stock metric template: add period, source, chart and related metric links",3,2,16.12
netflix annual revenue,revenue,OBSERVED_GSC,https://www.stockportfolio.pro/stocks/NFLX/revenue,0.0,1.0,0.0,60.0,impression-bearing,0.0,1.0,0.0,60.0,financial research,4,strong,IMPROVE_TEMPLATE,"stock metric template: add period, source, chart and related metric links",3,2,16.12
netflix revenue per year,revenue,OBSERVED_GSC,https://www.stockportfolio.pro/stocks/NFLX/revenue,0.0,1.0,0.0,71.0,impression-bearing,0.0,1.0,0.0,71.0,financial research,4,strong,IMPROVE_TEMPLATE,"stock metric template: add period, source, chart and related metric links",3,2,16.12
netflix stock 2007,other,OBSERVED_GSC,https://www.stockportfolio.pro/stocks/NFLX/revenue,0.0,1.0,0.0,58.0,impression-bearing,0.0,1.0,0.0,58.0,financial research,4,strong,IMPROVE_EXISTING_PAGE,"add a direct, source-backed answer and contextual product CTA",3,2,16.12
new york times annual revenue,revenue,OBSERVED_GSC,https://www.stockportfolio.pro/stocks/NYT/net-income,0.0,1.0,0.0,62.0,impression-bearing,0.0,1.0,0.0,62.0,financial research,4,strong,IMPROVE_TEMPLATE,"stock metric template: add period, source, chart and related metric links",3,2,16.12
new york times financials,other,OBSERVED_GSC,https://www.stockportfolio.pro/stocks/NYT/shares-outstanding,0.0,1.0,0.0,86.0,impression-bearing,0.0,1.0,0.0,86.0,financial research,4,strong,IMPROVE_EXISTING_PAGE,"add a direct, source-backed answer and contextual product CTA",3,2,16.12
nflx revenue,revenue,OBSERVED_GSC,https://www.stockportfolio.pro/stocks/NFLX/revenue,0.0,1.0,0.0,39.0,impression-bearing,0.0,1.0,0.0,39.0,financial research,4,strong,IMPROVE_TEMPLATE,"stock metric template: add period, source, chart and related metric links",3,2,16.12
njr,other,OBSERVED_GSC,https://www.stockportfolio.pro/stocks/NJR/revenue,0.0,1.0,0.0,70.0,impression-bearing,0.0,1.0,0.0,70.0,financial research,4,strong,IMPROVE_EXISTING_PAGE,"add a direct, source-backed answer and contextual product CTA",3,2,16.12
nxp aktie dividende,other,OBSERVED_GSC,https://www.stockportfolio.pro/stocks/NXPI/dividend-history,0.0,1.0,0.0,83.0,impression-bearing,0.0,1.0,0.0,83.0,financial research,4,strong,IMPROVE_EXISTING_PAGE,"add a direct, source-backed answer and contextual product CTA",3,2,16.12
nxp dividende,other,OBSERVED_GSC,https://www.stockportfolio.pro/stocks/NXPI/dividend-history,0.0,1.0,0.0,78.0,impression-bearing,0.0,1.0,0.0,78.0,financial research,4,strong,IMPROVE_EXISTING_PAGE,"add a direct, source-backed answer and contextual product CTA",3,2,16.12
nyse dlr dividend,other,OBSERVED_GSC,https://www.stockportfolio.pro/stocks/DLR/dividend-history,0.0,1.0,0.0,88.0,impression-bearing,0.0,1.0,0.0,88.0,financial research,4,strong,IMPROVE_EXISTING_PAGE,"add a direct, source-backed answer and contextual product CTA",3,2,16.12
nyse wfc dividend,other,OBSERVED_GSC,https://www.stockportfolio.pro/stocks/WFC/dividend-history,0.0,1.0,0.0,52.0,impression-bearing,0.0,1.0,0.0,52.0,financial research,4,strong,IMPROVE_EXISTING_PAGE,"add a direct, source-backed answer and contextual product CTA",3,2,16.12
organon stock dividend,other,OBSERVED_GSC,https://www.stockportfolio.pro/stocks/OGN/dividend-history,0.0,1.0,0.0,51.0,impression-bearing,0.0,1.0,0.0,51.0,financial research,4,strong,IMPROVE_EXISTING_PAGE,"add a direct, source-backed answer and contextual product CTA",3,2,16.12
outstanding shares of google,other,OBSERVED_GSC,https://www.stockportfolio.pro/stocks/GOOGL/shares-outstanding,0.0,1.0,0.0,53.0,impression-bearing,0.0,1.0,0.0,53.0,financial research,4,strong,IMPROVE_EXISTING_PAGE,"add a direct, source-backed answer and contextual product CTA",3,2,16.12
p/e ratio of amazon,valuation,OBSERVED_GSC,https://www.stockportfolio.pro/stocks/AMZN/pe-ratio,0.0,1.0,0.0,52.0,impression-bearing,0.0,1.0,0.0,52.0,financial research,4,strong,IMPROVE_TEMPLATE,"stock metric template: add period, source, chart and related metric links",3,2,16.12
palantir dividend,other,OBSERVED_GSC,https://www.stockportfolio.pro/stocks/PLTR/dividend-history,0.0,1.0,0.0,64.0,impression-bearing,0.0,1.0,0.0,64.0,financial research,4,strong,IMPROVE_EXISTING_PAGE,"add a direct, source-backed answer and contextual product CTA",3,2,16.12
palantir stock dividend,other,OBSERVED_GSC,https://www.stockportfolio.pro/stocks/PLTR/dividend-history,0.0,1.0,0.0,55.0,impression-bearing,0.0,1.0,0.0,55.0,financial research,4,strong,IMPROVE_EXISTING_PAGE,"add a direct, source-backed answer and contextual product CTA",3,2,16.12
pe ratio dow jones,valuation,OBSERVED_GSC,https://www.stockportfolio.pro/stocks/DOW/pe-ratio,0.0,1.0,0.0,79.0,impression-bearing,0.0,1.0,0.0,79.0,financial research,4,strong,IMPROVE_TEMPLATE,"stock metric template: add period, source, chart and related metric links",3,2,16.12
porfree,other,OBSERVED_GSC,https://www.stockportfolio.pro/stocks/POR/free-cash-flow,0.0,1.0,0.0,82.0,impression-bearing,0.0,1.0,0.0,82.0,financial research,4,strong,IMPROVE_EXISTING_PAGE,"add a direct, source-backed answer and contextual product CTA",3,2,16.12
price earnings ratio dow jones,earnings/profit,OBSERVED_GSC,https://www.stockportfolio.pro/stocks/DOW/pe-ratio,0.0,1.0,0.0,86.0,impression-bearing,0.0,1.0,0.0,86.0,financial research,4,strong,IMPROVE_TEMPLATE,"stock metric template: add period, source, chart and related metric links",3,2,16.12
revenue of genpact,revenue,OBSERVED_GSC,https://www.stockportfolio.pro/stocks/G/revenue,0.0,1.0,0.0,73.0,impression-bearing,0.0,1.0,0.0,73.0,financial research,4,strong,IMPROVE_TEMPLATE,"stock metric template: add period, source, chart and related metric links",3,2,16.12
sbsi,other,OBSERVED_GSC,https://www.stockportfolio.pro/stocks/SBSI/revenue,0.0,1.0,0.0,44.0,impression-bearing,0.0,1.0,0.0,44.0,financial research,4,strong,IMPROVE_EXISTING_PAGE,"add a direct, source-backed answer and contextual product CTA",3,2,16.12
site:stockportfolio.pro,other,OBSERVED_GSC,https://www.stockportfolio.pro/stocks/BILL/net-income,0.0,1.0,0.0,89.0,impression-bearing,0.0,52.0,0.0,34.07692307692308,financial research,4,strong,IMPROVE_EXISTING_PAGE,"add a direct, source-backed answer and contextual product CTA",3,2,16.12
site:stockportfolio.pro,other,OBSERVED_GSC,https://www.stockportfolio.pro/stocks/CXM/dividend-history,0.0,1.0,0.0,80.0,impression-bearing,0.0,52.0,0.0,34.07692307692308,financial research,4,strong,IMPROVE_EXISTING_PAGE,"add a direct, source-backed answer and contextual product CTA",3,2,16.12
site:stockportfolio.pro,other,OBSERVED_GSC,https://www.stockportfolio.pro/stocks/EVTC/revenue,0.0,1.0,0.0,63.0,impression-bearing,0.0,52.0,0.0,34.07692307692308,financial research,4,strong,IMPROVE_EXISTING_PAGE,"add a direct, source-backed answer and contextual product CTA",3,2,16.12
site:stockportfolio.pro,other,OBSERVED_GSC,https://www.stockportfolio.pro/stocks/MAS/shares-outstanding,0.0,1.0,0.0,45.0,impression-bearing,0.0,52.0,0.0,34.07692307692308,financial research,4,strong,IMPROVE_EXISTING_PAGE,"add a direct, source-backed answer and contextual product CTA",3,2,16.12
site:stockportfolio.pro,other,OBSERVED_GSC,https://www.stockportfolio.pro/stocks/SLGN/pe-ratio,0.0,1.0,0.0,79.0,impression-bearing,0.0,52.0,0.0,34.07692307692308,financial research,4,strong,IMPROVE_EXISTING_PAGE,"add a direct, source-backed answer and contextual product CTA",3,2,16.12
six flags net worth,other,OBSERVED_GSC,https://www.stockportfolio.pro/stocks/FUN/net-income,0.0,1.0,0.0,85.0,impression-bearing,0.0,1.0,0.0,85.0,financial research,4,strong,IMPROVE_EXISTING_PAGE,"add a direct, source-backed answer and contextual product CTA",3,2,16.12
slm ltd income,other,OBSERVED_GSC,https://www.stockportfolio.pro/stocks/SLM/dividend-history,0.0,1.0,0.0,69.0,impression-bearing,0.0,1.0,0.0,69.0,financial research,4,strong,IMPROVE_EXISTING_PAGE,"add a direct, source-backed answer and contextual product CTA",3,2,16.12
stwd dividend history,other,OBSERVED_GSC,https://www.stockportfolio.pro/stocks/STWD/dividend-history,0.0,1.0,0.0,39.0,impression-bearing,0.0,1.0,0.0,39.0,financial research,4,strong,IMPROVE_EXISTING_PAGE,"add a direct, source-backed answer and contextual product CTA",3,2,16.12
stwd next dividend date,other,OBSERVED_GSC,https://www.stockportfolio.pro/stocks/STWD/dividend-history,0.0,1.0,0.0,58.0,impression-bearing,0.0,1.0,0.0,58.0,financial research,4,strong,IMPROVE_EXISTING_PAGE,"add a direct, source-backed answer and contextual product CTA",3,2,16.12
stwd stock dividend,other,OBSERVED_GSC,https://www.stockportfolio.pro/stocks/STWD/dividend-history,0.0,1.0,0.0,56.0,impression-bearing,0.0,1.0,0.0,56.0,financial research,4,strong,IMPROVE_EXISTING_PAGE,"add a direct, source-backed answer and contextual product CTA",3,2,16.12
swift trucking net worth,other,OBSERVED_GSC,https://www.stockportfolio.pro/stocks/KNX/revenue,0.0,1.0,0.0,73.0,impression-bearing,0.0,1.0,0.0,73.0,financial research,4,strong,IMPROVE_EXISTING_PAGE,"add a direct, source-backed answer and contextual product CTA",3,2,16.12
sysco stock price history,other,OBSERVED_GSC,https://www.stockportfolio.pro/stocks/SYY/dividend-history,0.0,1.0,0.0,56.0,impression-bearing,0.0,1.0,0.0,56.0,financial research,4,strong,IMPROVE_EXISTING_PAGE,"add a direct, source-backed answer and contextual product CTA",3,2,16.12
tootsie roll dividend,other,OBSERVED_GSC,https://www.stockportfolio.pro/stocks/TR/dividend-history,0.0,1.0,0.0,46.0,impression-bearing,0.0,1.0,0.0,46.0,financial research,4,strong,IMPROVE_EXISTING_PAGE,"add a direct, source-backed answer and contextual product CTA",3,2,16.12
tootsie roll stock dividend,other,OBSERVED_GSC,https://www.stockportfolio.pro/stocks/TR/dividend-history,0.0,1.0,0.0,46.0,impression-bearing,0.0,1.0,0.0,46.0,financial research,4,strong,IMPROVE_EXISTING_PAGE,"add a direct, source-backed answer and contextual product CTA",3,2,16.12
tripadvisor revenue,revenue,OBSERVED_GSC,https://www.stockportfolio.pro/stocks/TRIP/revenue,0.0,1.0,0.0,69.0,impression-bearing,0.0,1.0,0.0,69.0,financial research,4,strong,IMPROVE_TEMPLATE,"stock metric template: add period, source, chart and related metric links",3,2,16.12
uber profits by year,other,OBSERVED_GSC,https://www.stockportfolio.pro/stocks/UBER/free-cash-flow,0.0,1.0,0.0,79.0,impression-bearing,0.0,1.0,0.0,79.0,financial research,4,strong,IMPROVE_EXISTING_PAGE,"add a direct, source-backed answer and contextual product CTA",3,2,16.12
veeva annual revenue,revenue,OBSERVED_GSC,https://www.stockportfolio.pro/stocks/VEEV/revenue,0.0,1.0,0.0,36.0,impression-bearing,0.0,1.0,0.0,36.0,financial research,4,strong,IMPROVE_TEMPLATE,"stock metric template: add period, source, chart and related metric links",3,2,16.12
verizon revenue,revenue,OBSERVED_GSC,https://www.stockportfolio.pro/stocks/VZ/revenue,0.0,1.0,0.0,75.0,impression-bearing,0.0,1.0,0.0,75.0,financial research,4,strong,IMPROVE_TEMPLATE,"stock metric template: add period, source, chart and related metric links",3,2,16.12
verizon revenue 2023,revenue,OBSERVED_GSC,https://www.stockportfolio.pro/stocks/VZ/revenue,0.0,1.0,0.0,81.0,impression-bearing,0.0,1.0,0.0,81.0,financial research,4,strong,IMPROVE_TEMPLATE,"stock metric template: add period, source, chart and related metric links",3,2,16.12
verizon revenues,other,OBSERVED_GSC,https://www.stockportfolio.pro/stocks/VZ/revenue,0.0,1.0,0.0,72.0,impression-bearing,0.0,1.0,0.0,72.0,financial research,4,strong,IMPROVE_EXISTING_PAGE,"add a direct, source-backed answer and contextual product CTA",3,2,16.12
verizon turnover,other,OBSERVED_GSC,https://www.stockportfolio.pro/stocks/VZ/revenue,0.0,1.0,0.0,72.0,impression-bearing,0.0,1.0,0.0,72.0,financial research,4,strong,IMPROVE_EXISTING_PAGE,"add a direct, source-backed answer and contextual product CTA",3,2,16.12
verizon wireless annual revenue,revenue,OBSERVED_GSC,https://www.stockportfolio.pro/stocks/VZ/revenue,0.0,1.0,0.0,82.0,impression-bearing,0.0,1.0,0.0,82.0,financial research,4,strong,IMPROVE_TEMPLATE,"stock metric template: add period, source, chart and related metric links",3,2,16.12
w.w. grainger revenue,revenue,OBSERVED_GSC,https://www.stockportfolio.pro/stocks/GWW/revenue,0.0,1.0,0.0,56.0,impression-bearing,0.0,1.0,0.0,56.0,financial research,4,strong,IMPROVE_TEMPLATE,"stock metric template: add period, source, chart and related metric links",3,2,16.12
walt disney company revenue,revenue,OBSERVED_GSC,https://www.stockportfolio.pro/stocks/DIS/revenue,0.0,1.0,0.0,52.0,impression-bearing,0.0,1.0,0.0,52.0,financial research,4,strong,IMPROVE_TEMPLATE,"stock metric template: add period, source, chart and related metric links",3,2,16.12
warner bros revenue,revenue,OBSERVED_GSC,https://www.stockportfolio.pro/stocks/WBD/revenue,0.0,1.0,0.0,59.0,impression-bearing,0.0,1.0,0.0,59.0,financial research,4,strong,IMPROVE_TEMPLATE,"stock metric template: add period, source, chart and related metric links",3,2,16.12
waste management dividend yield,other,OBSERVED_GSC,https://www.stockportfolio.pro/stocks/WM/dividend-history,0.0,1.0,0.0,74.0,impression-bearing,0.0,1.0,0.0,74.0,financial research,4,strong,IMPROVE_EXISTING_PAGE,"add a direct, source-backed answer and contextual product CTA",3,2,16.12
wells fargo dividend date,other,OBSERVED_GSC,https://www.stockportfolio.pro/stocks/WFC/dividend-history,0.0,1.0,0.0,86.0,impression-bearing,0.0,1.0,0.0,86.0,financial research,4,strong,IMPROVE_EXISTING_PAGE,"add a direct, source-backed answer and contextual product CTA",3,2,16.12
wells fargo dividend pay date,other,OBSERVED_GSC,https://www.stockportfolio.pro/stocks/WFC/dividend-history,0.0,1.0,0.0,88.0,impression-bearing,0.0,1.0,0.0,88.0,financial research,4,strong,IMPROVE_EXISTING_PAGE,"add a direct, source-backed answer and contextual product CTA",3,2,16.12
wells fargo dividend schedule,other,OBSERVED_GSC,https://www.stockportfolio.pro/stocks/WFC/dividend-history,0.0,1.0,0.0,76.0,impression-bearing,0.0,1.0,0.0,76.0,financial research,4,strong,IMPROVE_EXISTING_PAGE,"add a direct, source-backed answer and contextual product CTA",3,2,16.12
wells fargo dividend stock,other,OBSERVED_GSC,https://www.stockportfolio.pro/stocks/WFC/dividend-history,0.0,1.0,0.0,57.0,impression-bearing,0.0,1.0,0.0,57.0,financial research,4,strong,IMPROVE_EXISTING_PAGE,"add a direct, source-backed answer and contextual product CTA",3,2,16.12
wells fargo dividends,other,OBSERVED_GSC,https://www.stockportfolio.pro/stocks/WFC/dividend-history,0.0,1.0,0.0,85.0,impression-bearing,0.0,1.0,0.0,85.0,financial research,4,strong,IMPROVE_EXISTING_PAGE,"add a direct, source-backed answer and contextual product CTA",3,2,16.12
wells fargo stock dividend history,other,OBSERVED_GSC,https://www.stockportfolio.pro/stocks/WFC/dividend-history,0.0,1.0,0.0,73.0,impression-bearing,0.0,1.0,0.0,73.0,financial research,4,strong,IMPROVE_EXISTING_PAGE,"add a direct, source-backed answer and contextual product CTA",3,2,16.12
wellsfargo dividend,other,OBSERVED_GSC,https://www.stockportfolio.pro/stocks/WFC/dividend-history,0.0,1.0,0.0,80.0,impression-bearing,0.0,1.0,0.0,80.0,financial research,4,strong,IMPROVE_EXISTING_PAGE,"add a direct, source-backed answer and contextual product CTA",3,2,16.12
welltower dividend,other,OBSERVED_GSC,https://www.stockportfolio.pro/stocks/WELL/dividend-history,0.0,1.0,0.0,83.0,impression-bearing,0.0,1.0,0.0,83.0,financial research,4,strong,IMPROVE_EXISTING_PAGE,"add a direct, source-backed answer and contextual product CTA",3,2,16.12
wendy's debt,other,OBSERVED_GSC,https://www.stockportfolio.pro/stocks/WEN/total-debt,0.0,1.0,0.0,48.0,impression-bearing,0.0,1.0,0.0,48.0,financial research,4,strong,IMPROVE_EXISTING_PAGE,"add a direct, source-backed answer and contextual product CTA",3,2,16.12
western union turnover,other,OBSERVED_GSC,https://www.stockportfolio.pro/stocks/WU/revenue,0.0,1.0,0.0,48.0,impression-bearing,0.0,1.0,0.0,48.0,financial research,4,strong,IMPROVE_EXISTING_PAGE,"add a direct, source-backed answer and contextual product CTA",3,2,16.12
wf dividend,other,OBSERVED_GSC,https://www.stockportfolio.pro/stocks/WFC/dividend-history,0.0,1.0,0.0,81.0,impression-bearing,0.0,1.0,0.0,81.0,financial research,4,strong,IMPROVE_EXISTING_PAGE,"add a direct, source-backed answer and contextual product CTA",3,2,16.12
wfc dividends,other,OBSERVED_GSC,https://www.stockportfolio.pro/stocks/WFC/dividend-history,0.0,1.0,0.0,80.0,impression-bearing,0.0,1.0,0.0,80.0,financial research,4,strong,IMPROVE_EXISTING_PAGE,"add a direct, source-backed answer and contextual product CTA",3,2,16.12
wfc ex dividend,other,OBSERVED_GSC,https://www.stockportfolio.pro/stocks/WFC/dividend-history,0.0,1.0,0.0,81.0,impression-bearing,0.0,1.0,0.0,81.0,financial research,4,strong,IMPROVE_EXISTING_PAGE,"add a direct, source-backed answer and contextual product CTA",3,2,16.12
wfc ex dividend date,other,OBSERVED_GSC,https://www.stockportfolio.pro/stocks/WFC/dividend-history,0.0,1.0,0.0,79.0,impression-bearing,0.0,1.0,0.0,79.0,financial research,4,strong,IMPROVE_EXISTING_PAGE,"add a direct, source-backed answer and contextual product CTA",3,2,16.12
wfc stock dividend,other,OBSERVED_GSC,https://www.stockportfolio.pro/stocks/WFC/dividend-history,0.0,1.0,0.0,56.0,impression-bearing,0.0,1.0,0.0,56.0,financial research,4,strong,IMPROVE_EXISTING_PAGE,"add a direct, source-backed answer and contextual product CTA",3,2,16.12
wfc stock split history,other,OBSERVED_GSC,https://www.stockportfolio.pro/stocks/WFC/dividend-history,0.0,1.0,0.0,71.0,impression-bearing,0.0,1.0,0.0,71.0,financial research,4,strong,IMPROVE_EXISTING_PAGE,"add a direct, source-backed answer and contextual product CTA",3,2,16.12
yum ex dividend date,other,OBSERVED_GSC,https://www.stockportfolio.pro/stocks/YUM/dividend-history,0.0,1.0,0.0,54.0,impression-bearing,0.0,1.0,0.0,54.0,financial research,4,strong,IMPROVE_EXISTING_PAGE,"add a direct, source-backed answer and contextual product CTA",3,2,16.12
simply wall,other,OBSERVED_GSC,https://www.stockportfolio.pro/vs/simply-wall-st,0.0,14.0,0.0,34.57142857142857,impression-bearing,0.0,14.0,0.0,34.57142857142857,financial research,4,review,IMPROVE_EXISTING_PAGE,"add a direct, source-backed answer and contextual product CTA",1,2,15.94
dynex corp,other,OBSERVED_GSC,https://www.stockportfolio.pro/stocks/DX,0.0,13.0,0.0,67.07692307692308,impression-bearing,0.0,13.0,0.0,67.07692307692308,financial research,4,strong,IMPROVE_EXISTING_PAGE,"add a direct, source-backed answer and contextual product CTA",1,2,15.88
fastest growing stocks,other,OBSERVED_GSC,https://www.stockportfolio.pro/screens/high-growth-stocks,0.0,11.0,0.0,52.90909090909091,impression-bearing,0.0,11.0,0.0,52.90909090909091,financial research,4,review,IMPROVE_EXISTING_PAGE,"add a direct, source-backed answer and contextual product CTA",1,2,15.74
etoro stock,other,OBSERVED_GSC,https://www.stockportfolio.pro/stocks/ETOR,0.0,7.0,0.0,75.71428571428571,impression-bearing,0.0,7.0,0.0,75.71428571428571,financial research,4,strong,IMPROVE_EXISTING_PAGE,"add a direct, source-backed answer and contextual product CTA",1,2,15.37
apc rpc,other,OBSERVED_GSC,https://www.stockportfolio.pro/compare/APC-vs-RES,0.0,1.0,0.0,23.0,impression-bearing,0.0,1.0,0.0,23.0,financial research,4,strong,IMPROVE_EXISTING_PAGE,"comparison template: expose metric evidence, filing period and CTA",1,2,15.37
blackrock vs charles schwab,comparison,OBSERVED_GSC,https://www.stockportfolio.pro/compare/BLK-vs-SCHW,0.0,1.0,0.0,30.0,impression-bearing,0.0,1.0,0.0,30.0,financial research,4,strong,IMPROVE_EXISTING_PAGE,"comparison template: expose metric evidence, filing period and CTA",1,2,15.37
boyd corporation revenue,revenue,OBSERVED_GSC,https://www.stockportfolio.pro/stocks/BYD,0.0,1.0,0.0,29.0,impression-bearing,0.0,1.0,0.0,29.0,financial research,4,strong,IMPROVE_TEMPLATE,"stock metric template: add period, source, chart and related metric links",1,2,15.37
fastest growing stock,other,OBSERVED_GSC,https://www.stockportfolio.pro/screens/high-growth-stocks,0.0,1.0,0.0,27.0,impression-bearing,0.0,1.0,0.0,27.0,financial research,4,review,IMPROVE_EXISTING_PAGE,"add a direct, source-backed answer and contextual product CTA",1,2,15.37
gap inc financials,other,OBSERVED_GSC,https://www.stockportfolio.pro/stocks/GAP,0.0,1.0,0.0,29.0,impression-bearing,0.0,1.0,0.0,29.0,financial research,4,strong,IMPROVE_EXISTING_PAGE,"add a direct, source-backed answer and contextual product CTA",1,2,15.37
scholastic net worth,other,OBSERVED_GSC,https://www.stockportfolio.pro/stocks/SCHL,0.0,1.0,0.0,25.0,impression-bearing,0.0,1.0,0.0,25.0,financial research,4,strong,IMPROVE_EXISTING_PAGE,"add a direct, source-backed answer and contextual product CTA",1,2,15.37
sdrlf stock,other,OBSERVED_GSC,https://www.stockportfolio.pro/stocks/SDRL,0.0,1.0,0.0,27.0,impression-bearing,0.0,1.0,0.0,27.0,financial research,4,strong,IMPROVE_EXISTING_PAGE,"add a direct, source-backed answer and contextual product CTA",1,2,15.37
site:stockportfolio.pro,other,OBSERVED_GSC,https://www.stockportfolio.pro/compare/ADTN-vs-RDWR,0.0,1.0,0.0,28.0,impression-bearing,0.0,52.0,0.0,34.07692307692308,financial research,4,strong,IMPROVE_EXISTING_PAGE,"comparison template: expose metric evidence, filing period and CTA",1,2,15.37
site:stockportfolio.pro,other,OBSERVED_GSC,https://www.stockportfolio.pro/compare/AMP-vs-HIG,0.0,1.0,0.0,22.0,impression-bearing,0.0,52.0,0.0,34.07692307692308,financial research,4,strong,IMPROVE_EXISTING_PAGE,"comparison template: expose metric evidence, filing period and CTA",1,2,15.37
site:stockportfolio.pro,other,OBSERVED_GSC,https://www.stockportfolio.pro/compare/APO-vs-TFC,0.0,1.0,0.0,28.0,impression-bearing,0.0,52.0,0.0,34.07692307692308,financial research,4,strong,IMPROVE_EXISTING_PAGE,"comparison template: expose metric evidence, filing period and CTA",1,2,15.37
site:stockportfolio.pro,other,OBSERVED_GSC,https://www.stockportfolio.pro/compare/APOG-vs-KFRC,0.0,1.0,0.0,30.0,impression-bearing,0.0,52.0,0.0,34.07692307692308,financial research,4,strong,IMPROVE_EXISTING_PAGE,"comparison template: expose metric evidence, filing period and CTA",1,2,15.37
site:stockportfolio.pro,other,OBSERVED_GSC,https://www.stockportfolio.pro/compare/AUPH-vs-IMNM,0.0,1.0,0.0,29.0,impression-bearing,0.0,52.0,0.0,34.07692307692308,financial research,4,strong,IMPROVE_EXISTING_PAGE,"comparison template: expose metric evidence, filing period and CTA",1,2,15.37
site:stockportfolio.pro,other,OBSERVED_GSC,https://www.stockportfolio.pro/compare/BA-vs-RUSHA,0.0,1.0,0.0,29.0,impression-bearing,0.0,52.0,0.0,34.07692307692308,financial research,4,strong,IMPROVE_EXISTING_PAGE,"comparison template: expose metric evidence, filing period and CTA",1,2,15.37
site:stockportfolio.pro,other,OBSERVED_GSC,https://www.stockportfolio.pro/compare/CEPF-vs-IIM,0.0,1.0,0.0,21.0,impression-bearing,0.0,52.0,0.0,34.07692307692308,financial research,4,strong,IMPROVE_EXISTING_PAGE,"comparison template: expose metric evidence, filing period and CTA",1,2,15.37
site:stockportfolio.pro,other,OBSERVED_GSC,https://www.stockportfolio.pro/compare/CMPR-vs-CXT,0.0,1.0,0.0,24.0,impression-bearing,0.0,52.0,0.0,34.07692307692308,financial research,4,strong,IMPROVE_EXISTING_PAGE,"comparison template: expose metric evidence, filing period and CTA",1,2,15.37
site:stockportfolio.pro,other,OBSERVED_GSC,https://www.stockportfolio.pro/compare/CW-vs-DOV,0.0,1.0,0.0,30.0,impression-bearing,0.0,52.0,0.0,34.07692307692308,financial research,4,strong,IMPROVE_EXISTING_PAGE,"comparison template: expose metric evidence, filing period and CTA",1,2,15.37
site:stockportfolio.pro,other,OBSERVED_GSC,https://www.stockportfolio.pro/compare/JBHT-vs-SYM,0.0,1.0,0.0,30.0,impression-bearing,0.0,52.0,0.0,34.07692307692308,financial research,4,strong,IMPROVE_EXISTING_PAGE,"comparison template: expose metric evidence, filing period and CTA",1,2,15.37
site:stockportfolio.pro,other,OBSERVED_GSC,https://www.stockportfolio.pro/compare/MKSI-vs-ZS,0.0,1.0,0.0,24.0,impression-bearing,0.0,52.0,0.0,34.07692307692308,financial research,4,strong,IMPROVE_EXISTING_PAGE,"comparison template: expose metric evidence, filing period and CTA",1,2,15.37
site:stockportfolio.pro,other,OBSERVED_GSC,https://www.stockportfolio.pro/compare/SGRY-vs-TRVI,0.0,1.0,0.0,25.0,impression-bearing,0.0,52.0,0.0,34.07692307692308,financial research,4,strong,IMPROVE_EXISTING_PAGE,"comparison template: expose metric evidence, filing period and CTA",1,2,15.37
wallstreetzen review,other,OBSERVED_GSC,https://www.stockportfolio.pro/vs/wallstreetzen,0.0,1.0,0.0,25.0,impression-bearing,0.0,1.0,0.0,25.0,financial research,4,review,IMPROVE_EXISTING_PAGE,"add a direct, source-backed answer and contextual product CTA",1,2,15.37
dbx stock,other,OBSERVED_GSC,https://www.stockportfolio.pro/stocks/DBX,0.0,6.0,0.0,69.83333333333333,impression-bearing,0.0,6.0,0.0,69.83333333333333,financial research,4,strong,IMPROVE_EXISTING_PAGE,"add a direct, source-backed answer and contextual product CTA",1,2,15.25
fastest growing stock right now,other,OBSERVED_GSC,https://www.stockportfolio.pro/screens/high-growth-stocks,0.0,6.0,0.0,77.83333333333333,impression-bearing,0.0,6.0,0.0,77.83333333333333,financial research,4,review,IMPROVE_EXISTING_PAGE,"add a direct, source-backed answer and contextual product CTA",1,2,15.25
figr stock,other,OBSERVED_GSC,https://www.stockportfolio.pro/stocks/FIGR,0.0,6.0,0.0,81.5,impression-bearing,0.0,6.0,0.0,81.5,financial research,4,strong,IMPROVE_EXISTING_PAGE,"add a direct, source-backed answer and contextual product CTA",1,2,15.25
simply wall st,other,OBSERVED_GSC,https://www.stockportfolio.pro/vs/simply-wall-st,0.0,6.0,0.0,38.5,impression-bearing,0.0,6.0,0.0,38.5,financial research,4,review,IMPROVE_EXISTING_PAGE,"add a direct, source-backed answer and contextual product CTA",1,2,15.25
site:stockportfolio.pro,other,OBSERVED_GSC,https://www.stockportfolio.pro/vs/stockanalysis,0.0,5.0,0.0,31.0,impression-bearing,0.0,52.0,0.0,34.07692307692308,financial research,4,review,IMPROVE_EXISTING_PAGE,"add a direct, source-backed answer and contextual product CTA",1,2,15.11
abat stocktwits,other,OBSERVED_GSC,https://www.stockportfolio.pro/compare/ABAT-vs-MTW,0.0,4.0,0.0,60.0,impression-bearing,0.0,4.0,0.0,60.0,financial research,4,strong,IMPROVE_EXISTING_PAGE,"comparison template: expose metric evidence, filing period and CTA",1,2,14.95
amprius stock,other,OBSERVED_GSC,https://www.stockportfolio.pro/stocks/AMPX,0.0,4.0,0.0,80.75,impression-bearing,0.0,4.0,0.0,80.75,financial research,4,strong,IMPROVE_EXISTING_PAGE,"add a direct, source-backed answer and contextual product CTA",1,2,14.95
aqn stock,other,OBSERVED_GSC,https://www.stockportfolio.pro/stocks/AQN,0.0,4.0,0.0,71.5,impression-bearing,0.0,4.0,0.0,71.5,financial research,4,strong,IMPROVE_EXISTING_PAGE,"add a direct, source-backed answer and contextual product CTA",1,2,14.95
dx stock,other,OBSERVED_GSC,https://www.stockportfolio.pro/stocks/DX,0.0,4.0,0.0,93.75,impression-bearing,0.0,4.0,0.0,93.75,financial research,4,strong,IMPROVE_EXISTING_PAGE,"add a direct, source-backed answer and contextual product CTA",1,2,14.95
lly jnj 관련주,other,OBSERVED_GSC,https://www.stockportfolio.pro/compare/JNJ-vs-LLY,0.0,4.0,0.0,41.75,impression-bearing,0.0,4.0,0.0,41.75,financial research,4,strong,IMPROVE_EXISTING_PAGE,"comparison template: expose metric evidence, filing period and CTA",1,2,14.95
rithm capital,other,OBSERVED_GSC,https://www.stockportfolio.pro/stocks/RITM,0.0,4.0,0.0,59.0,impression-bearing,0.0,4.0,0.0,59.0,financial research,4,strong,IMPROVE_EXISTING_PAGE,"add a direct, source-backed answer and contextual product CTA",1,2,14.95
site:stockportfolio.pro,other,OBSERVED_GSC,https://www.stockportfolio.pro/company?symbol=APG,0.0,4.0,0.0,33.25,impression-bearing,0.0,52.0,0.0,34.07692307692308,financial research,4,review,IMPROVE_EXISTING_PAGE,"add a direct, source-backed answer and contextual product CTA",1,2,14.95
site:stockportfolio.pro,other,OBSERVED_GSC,https://www.stockportfolio.pro/company?symbol=FBP,0.0,4.0,0.0,43.5,impression-bearing,0.0,52.0,0.0,34.07692307692308,financial research,4,review,IMPROVE_EXISTING_PAGE,"add a direct, source-backed answer and contextual product CTA",1,2,14.95
site:stockportfolio.pro,other,OBSERVED_GSC,https://www.stockportfolio.pro/company?symbol=HCC,0.0,4.0,0.0,36.25,impression-bearing,0.0,52.0,0.0,34.07692307692308,financial research,4,review,IMPROVE_EXISTING_PAGE,"add a direct, source-backed answer and contextual product CTA",1,2,14.95
site:stockportfolio.pro,other,OBSERVED_GSC,https://www.stockportfolio.pro/company?symbol=KNF,0.0,4.0,0.0,42.0,impression-bearing,0.0,52.0,0.0,34.07692307692308,financial research,4,review,IMPROVE_EXISTING_PAGE,"add a direct, source-backed answer and contextual product CTA",1,2,14.95
site:stockportfolio.pro,other,OBSERVED_GSC,https://www.stockportfolio.pro/company?symbol=LRN,0.0,4.0,0.0,35.25,impression-bearing,0.0,52.0,0.0,34.07692307692308,financial research,4,review,IMPROVE_EXISTING_PAGE,"add a direct, source-backed answer and contextual product CTA",1,2,14.95
site:stockportfolio.pro,other,OBSERVED_GSC,https://www.stockportfolio.pro/company?symbol=RRC,0.0,4.0,0.0,37.25,impression-bearing,0.0,52.0,0.0,34.07692307692308,financial research,4,review,IMPROVE_EXISTING_PAGE,"add a direct, source-backed answer and contextual product CTA",1,2,14.95
site:stockportfolio.pro,other,OBSERVED_GSC,https://www.stockportfolio.pro/company?symbol=SKYW,0.0,4.0,0.0,40.75,impression-bearing,0.0,52.0,0.0,34.07692307692308,financial research,4,review,IMPROVE_EXISTING_PAGE,"add a direct, source-backed answer and contextual product CTA",1,2,14.95
site:stockportfolio.pro,other,OBSERVED_GSC,https://www.stockportfolio.pro/company?symbol=YUMC,0.0,4.0,0.0,39.75,impression-bearing,0.0,52.0,0.0,34.07692307692308,financial research,4,review,IMPROVE_EXISTING_PAGE,"add a direct, source-backed answer and contextual product CTA",1,2,14.95
site:stockportfolio.pro,other,OBSERVED_GSC,https://www.stockportfolio.pro/compare/DIOD-vs-EXLS,0.0,4.0,0.0,53.75,impression-bearing,0.0,52.0,0.0,34.07692307692308,financial research,4,strong,IMPROVE_EXISTING_PAGE,"comparison template: expose metric evidence, filing period and CTA",1,2,14.95
site:stockportfolio.pro,other,OBSERVED_GSC,https://www.stockportfolio.pro/compare/EFX-vs-VLTO,0.0,4.0,0.0,49.5,impression-bearing,0.0,52.0,0.0,34.07692307692308,financial research,4,strong,IMPROVE_EXISTING_PAGE,"comparison template: expose metric evidence, filing period and CTA",1,2,14.95
site:stockportfolio.pro,other,OBSERVED_GSC,https://www.stockportfolio.pro/compare/LMRI-vs-QDEL,0.0,4.0,0.0,77.5,impression-bearing,0.0,52.0,0.0,34.07692307692308,financial research,4,strong,IMPROVE_EXISTING_PAGE,"comparison template: expose metric evidence, filing period and CTA",1,2,14.95
site:stockportfolio.pro,other,OBSERVED_GSC,https://www.stockportfolio.pro/compare/MUJ-vs-PAXS,0.0,4.0,0.0,78.75,impression-bearing,0.0,52.0,0.0,34.07692307692308,financial research,4,strong,IMPROVE_EXISTING_PAGE,"comparison template: expose metric evidence, filing period and CTA",1,2,14.95
site:stockportfolio.pro,other,OBSERVED_GSC,https://www.stockportfolio.pro/vs/tikr,0.0,4.0,0.0,32.25,impression-bearing,0.0,52.0,0.0,34.07692307692308,financial research,4,review,IMPROVE_EXISTING_PAGE,"add a direct, source-backed answer and contextual product CTA",1,2,14.95
the metal company stock,other,OBSERVED_GSC,https://www.stockportfolio.pro/stocks/TMC,0.0,4.0,0.0,83.25,impression-bearing,0.0,4.0,0.0,83.25,financial research,4,strong,IMPROVE_EXISTING_PAGE,"add a direct, source-backed answer and contextual product CTA",1,2,14.95
the metals company stock,other,OBSERVED_GSC,https://www.stockportfolio.pro/stocks/TMC,0.0,4.0,0.0,76.75,impression-bearing,0.0,4.0,0.0,76.75,financial research,4,strong,IMPROVE_EXISTING_PAGE,"add a direct, source-backed answer and contextual product CTA",1,2,14.95
clear channel share price,other,OBSERVED_GSC,https://www.stockportfolio.pro/stocks/CCO,0.0,3.0,0.0,67.66666666666667,impression-bearing,0.0,3.0,0.0,67.66666666666667,financial research,4,strong,IMPROVE_EXISTING_PAGE,"add a direct, source-backed answer and contextual product CTA",1,2,14.75
dell vs ibm,comparison,OBSERVED_GSC,https://www.stockportfolio.pro/compare/DELL-vs-IBM,0.0,3.0,0.0,31.666666666666668,impression-bearing,0.0,3.0,0.0,31.666666666666668,financial research,4,strong,IMPROVE_EXISTING_PAGE,"comparison template: expose metric evidence, filing period and CTA",1,2,14.75
dropbox stock,other,OBSERVED_GSC,https://www.stockportfolio.pro/stocks/DBX,0.0,3.0,0.0,74.0,impression-bearing,0.0,3.0,0.0,74.0,financial research,4,strong,IMPROVE_EXISTING_PAGE,"add a direct, source-backed answer and contextual product CTA",1,2,14.75
dynex capital,other,OBSERVED_GSC,https://www.stockportfolio.pro/stocks/DX,0.0,3.0,0.0,84.66666666666667,impression-bearing,0.0,3.0,0.0,84.66666666666667,financial research,4,strong,IMPROVE_EXISTING_PAGE,"add a direct, source-backed answer and contextual product CTA",1,2,14.75
dynex financial,other,OBSERVED_GSC,https://www.stockportfolio.pro/stocks/DX,0.0,3.0,0.0,67.0,impression-bearing,0.0,3.0,0.0,67.0,financial research,4,strong,IMPROVE_EXISTING_PAGE,"add a direct, source-backed answer and contextual product CTA",1,2,14.75
rithm,other,OBSERVED_GSC,https://www.stockportfolio.pro/stocks/RITM,0.0,3.0,0.0,59.333333333333336,impression-bearing,0.0,4.0,0.0,64.0,financial research,4,strong,IMPROVE_EXISTING_PAGE,"add a direct, source-backed answer and contextual product CTA",1,2,14.75
site:stockportfolio.pro,other,OBSERVED_GSC,https://www.stockportfolio.pro/company?symbol=BURL,0.0,3.0,0.0,45.666666666666664,impression-bearing,0.0,52.0,0.0,34.07692307692308,financial research,4,review,IMPROVE_EXISTING_PAGE,"add a direct, source-backed answer and contextual product CTA",1,2,14.75
site:stockportfolio.pro,other,OBSERVED_GSC,https://www.stockportfolio.pro/company?symbol=KNTK,0.0,3.0,0.0,56.333333333333336,impression-bearing,0.0,52.0,0.0,34.07692307692308,financial research,4,review,IMPROVE_EXISTING_PAGE,"add a direct, source-backed answer and contextual product CTA",1,2,14.75
site:stockportfolio.pro,other,OBSERVED_GSC,https://www.stockportfolio.pro/company?symbol=PATK,0.0,3.0,0.0,46.666666666666664,impression-bearing,0.0,52.0,0.0,34.07692307692308,financial research,4,review,IMPROVE_EXISTING_PAGE,"add a direct, source-backed answer and contextual product CTA",1,2,14.75
site:stockportfolio.pro,other,OBSERVED_GSC,https://www.stockportfolio.pro/company?symbol=STT,0.0,3.0,0.0,40.666666666666664,impression-bearing,0.0,52.0,0.0,34.07692307692308,financial research,4,review,IMPROVE_EXISTING_PAGE,"add a direct, source-backed answer and contextual product CTA",1,2,14.75
site:stockportfolio.pro,other,OBSERVED_GSC,https://www.stockportfolio.pro/company?symbol=XEL,0.0,3.0,0.0,34.333333333333336,impression-bearing,0.0,52.0,0.0,34.07692307692308,financial research,4,review,IMPROVE_EXISTING_PAGE,"add a direct, source-backed answer and contextual product CTA",1,2,14.75
site:stockportfolio.pro,other,OBSERVED_GSC,https://www.stockportfolio.pro/company?symbol=XRAY,0.0,3.0,0.0,55.333333333333336,impression-bearing,0.0,52.0,0.0,34.07692307692308,financial research,4,review,IMPROVE_EXISTING_PAGE,"add a direct, source-backed answer and contextual product CTA",1,2,14.75
site:stockportfolio.pro,other,OBSERVED_GSC,https://www.stockportfolio.pro/compare/ALKS-vs-GKOS,0.0,3.0,0.0,85.0,impression-bearing,0.0,52.0,0.0,34.07692307692308,financial research,4,strong,IMPROVE_EXISTING_PAGE,"comparison template: expose metric evidence, filing period and CTA",1,2,14.75
site:stockportfolio.pro,other,OBSERVED_GSC,https://www.stockportfolio.pro/compare/APG-vs-LII,0.0,3.0,0.0,68.33333333333333,impression-bearing,0.0,52.0,0.0,34.07692307692308,financial research,4,strong,IMPROVE_EXISTING_PAGE,"comparison template: expose metric evidence, filing period and CTA",1,2,14.75
site:stockportfolio.pro,other,OBSERVED_GSC,https://www.stockportfolio.pro/compare/APP-vs-VZ,0.0,3.0,0.0,87.0,impression-bearing,0.0,52.0,0.0,34.07692307692308,financial research,4,strong,IMPROVE_EXISTING_PAGE,"comparison template: expose metric evidence, filing period and CTA",1,2,14.75
site:stockportfolio.pro,other,OBSERVED_GSC,https://www.stockportfolio.pro/compare/ASPI-vs-GROY,0.0,3.0,0.0,79.33333333333333,impression-bearing,0.0,52.0,0.0,34.07692307692308,financial research,4,strong,IMPROVE_EXISTING_PAGE,"comparison template: expose metric evidence, filing period and CTA",1,2,14.75
site:stockportfolio.pro,other,OBSERVED_GSC,https://www.stockportfolio.pro/compare/BOBS-vs-LIND,0.0,3.0,0.0,66.33333333333333,impression-bearing,0.0,52.0,0.0,34.07692307692308,financial research,4,strong,IMPROVE_EXISTING_PAGE,"comparison template: expose metric evidence, filing period and CTA",1,2,14.75
site:stockportfolio.pro,other,OBSERVED_GSC,https://www.stockportfolio.pro/compare/CRCT-vs-SCSC,0.0,3.0,0.0,69.66666666666667,impression-bearing,0.0,52.0,0.0,34.07692307692308,financial research,4,strong,IMPROVE_EXISTING_PAGE,"comparison template: expose metric evidence, filing period and CTA",1,2,14.75
site:stockportfolio.pro,other,OBSERVED_GSC,https://www.stockportfolio.pro/compare/DE-vs-UNP,0.0,3.0,0.0,64.66666666666666,impression-bearing,0.0,52.0,0.0,34.07692307692308,financial research,4,strong,IMPROVE_EXISTING_PAGE,"comparison template: expose metric evidence, filing period and CTA",1,2,14.75
site:stockportfolio.pro,other,OBSERVED_GSC,https://www.stockportfolio.pro/compare/FBNC-vs-NBTB,0.0,3.0,0.0,55.666666666666664,impression-bearing,0.0,52.0,0.0,34.07692307692308,financial research,4,strong,IMPROVE_EXISTING_PAGE,"comparison template: expose metric evidence, filing period and CTA",1,2,14.75
site:stockportfolio.pro,other,OBSERVED_GSC,https://www.stockportfolio.pro/compare/FIX-vs-PCAR,0.0,3.0,0.0,36.0,impression-bearing,0.0,52.0,0.0,34.07692307692308,financial research,4,strong,IMPROVE_EXISTING_PAGE,"comparison template: expose metric evidence, filing period and CTA",1,2,14.75
site:stockportfolio.pro,other,OBSERVED_GSC,https://www.stockportfolio.pro/compare/FR-vs-VNO,0.0,3.0,0.0,48.0,impression-bearing,0.0,52.0,0.0,34.07692307692308,financial research,4,strong,IMPROVE_EXISTING_PAGE,"comparison template: expose metric evidence, filing period and CTA",1,2,14.75
site:stockportfolio.pro,other,OBSERVED_GSC,https://www.stockportfolio.pro/compare/GL-vs-GLXY,0.0,3.0,0.0,67.33333333333333,impression-bearing,0.0,52.0,0.0,34.07692307692308,financial research,4,strong,IMPROVE_EXISTING_PAGE,"comparison template: expose metric evidence, filing period and CTA",1,2,14.75
site:stockportfolio.pro,other,OBSERVED_GSC,https://www.stockportfolio.pro/compare/GRDN-vs-TARS,0.0,3.0,0.0,83.66666666666667,impression-bearing,0.0,52.0,0.0,34.07692307692308,financial research,4,strong,IMPROVE_EXISTING_PAGE,"comparison template: expose metric evidence, filing period and CTA",1,2,14.75
site:stockportfolio.pro,other,OBSERVED_GSC,https://www.stockportfolio.pro/compare/HSY-vs-KMB,0.0,3.0,0.0,72.0,impression-bearing,0.0,52.0,0.0,34.07692307692308,financial research,4,strong,IMPROVE_EXISTING_PAGE,"comparison template: expose metric evidence, filing period and CTA",1,2,14.75
site:stockportfolio.pro,other,OBSERVED_GSC,https://www.stockportfolio.pro/compare/MNR-vs-NOG,0.0,3.0,0.0,30.666666666666668,impression-bearing,0.0,52.0,0.0,34.07692307692308,financial research,4,strong,IMPROVE_EXISTING_PAGE,"comparison template: expose metric evidence, filing period and CTA",1,2,14.75
site:stockportfolio.pro,other,OBSERVED_GSC,https://www.stockportfolio.pro/compare/MOV-vs-WGO,0.0,3.0,0.0,73.33333333333333,impression-bearing,0.0,52.0,0.0,34.07692307692308,financial research,4,strong,IMPROVE_EXISTING_PAGE,"comparison template: expose metric evidence, filing period and CTA",1,2,14.75
site:stockportfolio.pro,other,OBSERVED_GSC,https://www.stockportfolio.pro/compare/QUBT-vs-SPSC,0.0,3.0,0.0,45.333333333333336,impression-bearing,0.0,52.0,0.0,34.07692307692308,financial research,4,strong,IMPROVE_EXISTING_PAGE,"comparison template: expose metric evidence, filing period and CTA",1,2,14.75
site:stockportfolio.pro,other,OBSERVED_GSC,https://www.stockportfolio.pro/compare/RBBN-vs-RPD,0.0,3.0,0.0,63.666666666666664,impression-bearing,0.0,52.0,0.0,34.07692307692308,financial research,4,strong,IMPROVE_EXISTING_PAGE,"comparison template: expose metric evidence, filing period and CTA",1,2,14.75
stag industrial reit,other,OBSERVED_GSC,https://www.stockportfolio.pro/stocks/STAG,0.0,3.0,0.0,65.66666666666667,impression-bearing,0.0,3.0,0.0,65.66666666666667,financial research,4,strong,IMPROVE_EXISTING_PAGE,"add a direct, source-backed answer and contextual product CTA",1,2,14.75
total share price,other,OBSERVED_GSC,https://www.stockportfolio.pro/stocks/TTE,0.0,3.0,0.0,70.66666666666667,impression-bearing,0.0,3.0,0.0,70.66666666666667,financial research,4,strong,IMPROVE_EXISTING_PAGE,"add a direct, source-backed answer and contextual product CTA",1,2,14.75
uipath revenue,revenue,OBSERVED_GSC,https://www.stockportfolio.pro/stocks/PATH,0.0,3.0,0.0,46.666666666666664,impression-bearing,0.0,3.0,0.0,46.666666666666664,financial research,4,strong,IMPROVE_TEMPLATE,"stock metric template: add period, source, chart and related metric links",1,2,14.75
"""open geni""",other,OBSERVED_GSC,https://www.stockportfolio.pro/compare/DJT-vs-GENI,0.0,2.0,0.0,45.0,impression-bearing,0.0,3.0,0.0,43.333333333333336,financial research,4,strong,IMPROVE_EXISTING_PAGE,"comparison template: expose metric evidence, filing period and CTA",1,2,14.49
afrm stocktwits,other,OBSERVED_GSC,https://www.stockportfolio.pro/compare/AFRM-vs-TW,0.0,2.0,0.0,55.5,impression-bearing,0.0,2.0,0.0,55.5,financial research,4,strong,IMPROVE_EXISTING_PAGE,"comparison template: expose metric evidence, filing period and CTA",1,2,14.49
amprius technologies stock,other,OBSERVED_GSC,https://www.stockportfolio.pro/stocks/AMPX,0.0,2.0,0.0,74.5,impression-bearing,0.0,2.0,0.0,74.5,financial research,4,strong,IMPROVE_EXISTING_PAGE,"add a direct, source-backed answer and contextual product CTA",1,2,14.49
amtd digital share price,other,OBSERVED_GSC,https://www.stockportfolio.pro/stocks/HKD,0.0,2.0,0.0,70.5,impression-bearing,0.0,2.0,0.0,70.5,financial research,4,strong,IMPROVE_EXISTING_PAGE,"add a direct, source-backed answer and contextual product CTA",1,2,14.49
apg annual report,other,OBSERVED_GSC,https://www.stockportfolio.pro/company?symbol=APG,0.0,2.0,0.0,46.5,impression-bearing,0.0,2.0,0.0,46.5,financial research,4,review,IMPROVE_EXISTING_PAGE,"add a direct, source-backed answer and contextual product CTA",1,2,14.49
blln stock,other,OBSERVED_GSC,https://www.stockportfolio.pro/stocks/BLLN,0.0,2.0,0.0,82.0,impression-bearing,0.0,2.0,0.0,82.0,financial research,4,strong,IMPROVE_EXISTING_PAGE,"add a direct, source-backed answer and contextual product CTA",1,2,14.49
book value stock,other,OBSERVED_GSC,https://www.stockportfolio.pro/screens/stocks-below-book-value,0.0,2.0,0.0,84.0,impression-bearing,0.0,2.0,0.0,84.0,financial research,4,review,IMPROVE_EXISTING_PAGE,"add a direct, source-backed answer and contextual product CTA",1,2,14.49
book value stocks,other,OBSERVED_GSC,https://www.stockportfolio.pro/screens/stocks-below-book-value,0.0,2.0,0.0,65.0,impression-bearing,0.0,2.0,0.0,65.0,financial research,4,review,IMPROVE_EXISTING_PAGE,"add a direct, source-backed answer and contextual product CTA",1,2,14.49
carl's jr stock,other,OBSERVED_GSC,https://www.stockportfolio.pro/stocks/QSR,0.0,2.0,0.0,75.5,impression-bearing,0.0,2.0,0.0,75.5,financial research,4,strong,IMPROVE_EXISTING_PAGE,"add a direct, source-backed answer and contextual product CTA",1,2,14.49
cbiz competitors,other,OBSERVED_GSC,https://www.stockportfolio.pro/compare/CBZ-vs-PLPC,0.0,2.0,0.0,55.5,impression-bearing,0.0,2.0,0.0,55.5,financial research,4,strong,IMPROVE_EXISTING_PAGE,"comparison template: expose metric evidence, filing period and CTA",1,2,14.49
comparedge.com,other,OBSERVED_GSC,https://www.stockportfolio.pro/compare/GEV-vs-RTX,0.0,2.0,0.0,67.5,impression-bearing,0.0,2.0,0.0,67.5,financial research,4,strong,IMPROVE_EXISTING_PAGE,"comparison template: expose metric evidence, filing period and CTA",1,2,14.49
dell ibm,other,OBSERVED_GSC,https://www.stockportfolio.pro/compare/DELL-vs-IBM,0.0,2.0,0.0,79.0,impression-bearing,0.0,2.0,0.0,79.0,financial research,4,strong,IMPROVE_EXISTING_PAGE,"comparison template: expose metric evidence, filing period and CTA",1,2,14.49
eto share price,other,OBSERVED_GSC,https://www.stockportfolio.pro/company?symbol=ETO,0.0,2.0,0.0,42.5,impression-bearing,0.0,2.0,0.0,42.5,financial research,4,review,IMPROVE_EXISTING_PAGE,"add a direct, source-backed answer and contextual product CTA",1,2,14.49
fastest growing stocks right now,other,OBSERVED_GSC,https://www.stockportfolio.pro/screens/high-growth-stocks,0.0,2.0,0.0,89.0,impression-bearing,0.0,2.0,0.0,89.0,financial research,4,review,IMPROVE_EXISTING_PAGE,"add a direct, source-backed answer and contextual product CTA",1,2,14.49
figure stock,other,OBSERVED_GSC,https://www.stockportfolio.pro/stocks/FIGR,0.0,2.0,0.0,83.5,impression-bearing,0.0,2.0,0.0,83.5,financial research,4,strong,IMPROVE_EXISTING_PAGE,"add a direct, source-backed answer and contextual product CTA",1,2,14.49
gates corporation revenue,revenue,OBSERVED_GSC,https://www.stockportfolio.pro/stocks/GTES,0.0,2.0,0.0,33.0,impression-bearing,0.0,2.0,0.0,33.0,financial research,4,strong,IMPROVE_TEMPLATE,"stock metric template: add period, source, chart and related metric links",1,2,14.49
hafn stock,other,OBSERVED_GSC,https://www.stockportfolio.pro/stocks/HAFN,0.0,2.0,0.0,68.0,impression-bearing,0.0,2.0,0.0,68.0,financial research,4,strong,IMPROVE_EXISTING_PAGE,"add a direct, source-backed answer and contextual product CTA",1,2,14.49
low pe ratio stocks,valuation,OBSERVED_GSC,https://www.stockportfolio.pro/screens/low-pe-stocks,0.0,2.0,0.0,55.5,impression-bearing,0.0,2.0,0.0,55.5,financial research,4,review,IMPROVE_EXISTING_PAGE,"add a direct, source-backed answer and contextual product CTA",1,2,14.49
microsoft gross profit margin,earnings/profit,OBSERVED_GSC,https://www.stockportfolio.pro/stocks/MSFT,0.0,2.0,0.0,74.5,impression-bearing,0.0,2.0,0.0,74.5,financial research,4,strong,IMPROVE_TEMPLATE,"stock metric template: add period, source, chart and related metric links",1,2,14.49
microsoft profit margins,earnings/profit,OBSERVED_GSC,https://www.stockportfolio.pro/stocks/MSFT,0.0,2.0,0.0,83.5,impression-bearing,0.0,2.0,0.0,83.5,financial research,4,strong,IMPROVE_TEMPLATE,"stock metric template: add period, source, chart and related metric links",1,2,14.49
microsoft worth,other,OBSERVED_GSC,https://www.stockportfolio.pro/stocks/MSFT,0.0,2.0,0.0,83.5,impression-bearing,0.0,2.0,0.0,83.5,financial research,4,strong,IMPROVE_EXISTING_PAGE,"add a direct, source-backed answer and contextual product CTA",1,2,14.49
morningstar revenue,revenue,OBSERVED_GSC,https://www.stockportfolio.pro/stocks/MORN,0.0,2.0,0.0,65.5,impression-bearing,0.0,2.0,0.0,65.5,financial research,4,strong,IMPROVE_TEMPLATE,"stock metric template: add period, source, chart and related metric links",1,2,14.49
nasdaq googl financials,other,OBSERVED_GSC,https://www.stockportfolio.pro/stocks/GOOGL,0.0,2.0,0.0,57.0,impression-bearing,0.0,2.0,0.0,57.0,financial research,4,strong,IMPROVE_EXISTING_PAGE,"add a direct, source-backed answer and contextual product CTA",1,2,14.49
profit margin of microsoft,earnings/profit,OBSERVED_GSC,https://www.stockportfolio.pro/stocks/MSFT,0.0,2.0,0.0,79.5,impression-bearing,0.0,2.0,0.0,79.5,financial research,4,strong,IMPROVE_TEMPLATE,"stock metric template: add period, source, chart and related metric links",1,2,14.49
qsr market cap,other,OBSERVED_GSC,https://www.stockportfolio.pro/stocks/QSR,0.0,2.0,0.0,88.0,impression-bearing,0.0,2.0,0.0,88.0,financial research,4,strong,IMPROVE_EXISTING_PAGE,"add a direct, source-backed answer and contextual product CTA",1,2,14.49
rithm capital corp,other,OBSERVED_GSC,https://www.stockportfolio.pro/stocks/RITM,0.0,2.0,0.0,62.5,impression-bearing,0.0,2.0,0.0,62.5,financial research,4,strong,IMPROVE_EXISTING_PAGE,"add a direct, source-backed answer and contextual product CTA",1,2,14.49
rithm capital corporation,other,OBSERVED_GSC,https://www.stockportfolio.pro/stocks/RITM,0.0,2.0,0.0,53.0,impression-bearing,0.0,2.0,0.0,53.0,financial research,4,strong,IMPROVE_EXISTING_PAGE,"add a direct, source-backed answer and contextual product CTA",1,2,14.49
sherwin williams annual revenue,revenue,OBSERVED_GSC,https://www.stockportfolio.pro/stocks/SHW,0.0,2.0,0.0,80.0,impression-bearing,0.0,2.0,0.0,80.0,financial research,4,strong,IMPROVE_TEMPLATE,"stock metric template: add period, source, chart and related metric links",1,2,14.49
sherwin williams net worth,other,OBSERVED_GSC,https://www.stockportfolio.pro/stocks/SHW,0.0,2.0,0.0,46.0,impression-bearing,0.0,2.0,0.0,46.0,financial research,4,strong,IMPROVE_EXISTING_PAGE,"add a direct, source-backed answer and contextual product CTA",1,2,14.49
sherwin williams share price,other,OBSERVED_GSC,https://www.stockportfolio.pro/stocks/SHW,0.0,2.0,0.0,87.5,impression-bearing,0.0,2.0,0.0,87.5,financial research,4,strong,IMPROVE_EXISTING_PAGE,"add a direct, source-backed answer and contextual product CTA",1,2,14.49
simply wall street price,other,OBSERVED_GSC,https://www.stockportfolio.pro/vs/simply-wall-st,0.0,2.0,0.0,42.5,impression-bearing,0.0,2.0,0.0,42.5,financial research,4,review,IMPROVE_EXISTING_PAGE,"add a direct, source-backed answer and contextual product CTA",1,2,14.49
simply wall street subscription,other,OBSERVED_GSC,https://www.stockportfolio.pro/vs/simply-wall-st,0.0,2.0,0.0,53.5,impression-bearing,0.0,2.0,0.0,53.5,financial research,4,review,IMPROVE_EXISTING_PAGE,"add a direct, source-backed answer and contextual product CTA",1,2,14.49
simply wall street website,other,OBSERVED_GSC,https://www.stockportfolio.pro/vs/simply-wall-st,0.0,2.0,0.0,36.5,impression-bearing,0.0,2.0,0.0,36.5,financial research,4,review,IMPROVE_EXISTING_PAGE,"add a direct, source-backed answer and contextual product CTA",1,2,14.49
site:stockportfolio.pro,other,OBSERVED_GSC,https://www.stockportfolio.pro/company?symbol=AEP,0.0,2.0,0.0,58.0,impression-bearing,0.0,52.0,0.0,34.07692307692308,financial research,4,review,IMPROVE_EXISTING_PAGE,"add a direct, source-backed answer and contextual product CTA",1,2,14.49
site:stockportfolio.pro,other,OBSERVED_GSC,https://www.stockportfolio.pro/company?symbol=AIT,0.0,2.0,0.0,39.5,impression-bearing,0.0,52.0,0.0,34.07692307692308,financial research,4,review,IMPROVE_EXISTING_PAGE,"add a direct, source-backed answer and contextual product CTA",1,2,14.49
site:stockportfolio.pro,other,OBSERVED_GSC,https://www.stockportfolio.pro/company?symbol=EPRT,0.0,2.0,0.0,50.0,impression-bearing,0.0,52.0,0.0,34.07692307692308,financial research,4,review,IMPROVE_EXISTING_PAGE,"add a direct, source-backed answer and contextual product CTA",1,2,14.49
site:stockportfolio.pro,other,OBSERVED_GSC,https://www.stockportfolio.pro/company?symbol=EVR,0.0,2.0,0.0,50.5,impression-bearing,0.0,52.0,0.0,34.07692307692308,financial research,4,review,IMPROVE_EXISTING_PAGE,"add a direct, source-backed answer and contextual product CTA",1,2,14.49
site:stockportfolio.pro,other,OBSERVED_GSC,https://www.stockportfolio.pro/company?symbol=F,0.0,2.0,0.0,47.5,impression-bearing,0.0,52.0,0.0,34.07692307692308,financial research,4,review,IMPROVE_EXISTING_PAGE,"add a direct, source-backed answer and contextual product CTA",1,2,14.49
site:stockportfolio.pro,other,OBSERVED_GSC,https://www.stockportfolio.pro/company?symbol=INDV,0.0,2.0,0.0,55.5,impression-bearing,0.0,52.0,0.0,34.07692307692308,financial research,4,review,IMPROVE_EXISTING_PAGE,"add a direct, source-backed answer and contextual product CTA",1,2,14.49
site:stockportfolio.pro,other,OBSERVED_GSC,https://www.stockportfolio.pro/company?symbol=LEGN,0.0,2.0,0.0,46.0,impression-bearing,0.0,52.0,0.0,34.07692307692308,financial research,4,review,IMPROVE_EXISTING_PAGE,"add a direct, source-backed answer and contextual product CTA",1,2,14.49
site:stockportfolio.pro,other,OBSERVED_GSC,https://www.stockportfolio.pro/company?symbol=ROIV,0.0,2.0,0.0,56.5,impression-bearing,0.0,52.0,0.0,34.07692307692308,financial research,4,review,IMPROVE_EXISTING_PAGE,"add a direct, source-backed answer and contextual product CTA",1,2,14.49
site:stockportfolio.pro,other,OBSERVED_GSC,https://www.stockportfolio.pro/company?symbol=SYK,0.0,2.0,0.0,51.5,impression-bearing,0.0,52.0,0.0,34.07692307692308,financial research,4,review,IMPROVE_EXISTING_PAGE,"add a direct, source-backed answer and contextual product CTA",1,2,14.49
site:stockportfolio.pro,other,OBSERVED_GSC,https://www.stockportfolio.pro/company?symbol=WD,0.0,2.0,0.0,60.0,impression-bearing,0.0,52.0,0.0,34.07692307692308,financial research,4,review,IMPROVE_EXISTING_PAGE,"add a direct, source-backed answer and contextual product CTA",1,2,14.49
site:stockportfolio.pro,other,OBSERVED_GSC,https://www.stockportfolio.pro/compare/AERO-vs-AMPX,0.0,2.0,0.0,67.0,impression-bearing,0.0,52.0,0.0,34.07692307692308,financial research,4,strong,IMPROVE_EXISTING_PAGE,"comparison template: expose metric evidence, filing period and CTA",1,2,14.49
site:stockportfolio.pro,other,OBSERVED_GSC,https://www.stockportfolio.pro/compare/AGNC-vs-EGP,0.0,2.0,0.0,80.0,impression-bearing,0.0,52.0,0.0,34.07692307692308,financial research,4,strong,IMPROVE_EXISTING_PAGE,"comparison template: expose metric evidence, filing period and CTA",1,2,14.49
site:stockportfolio.pro,other,OBSERVED_GSC,https://www.stockportfolio.pro/compare/AHRT-vs-CTO,0.0,2.0,0.0,61.5,impression-bearing,0.0,52.0,0.0,34.07692307692308,financial research,4,strong,IMPROVE_EXISTING_PAGE,"comparison template: expose metric evidence, filing period and CTA",1,2,14.49
site:stockportfolio.pro,other,OBSERVED_GSC,https://www.stockportfolio.pro/compare/AMAL-vs-BHRB,0.0,2.0,0.0,42.5,impression-bearing,0.0,52.0,0.0,34.07692307692308,financial research,4,strong,IMPROVE_EXISTING_PAGE,"comparison template: expose metric evidence, filing period and CTA",1,2,14.49
site:stockportfolio.pro,other,OBSERVED_GSC,https://www.stockportfolio.pro/compare/AMTB-vs-FSBC,0.0,2.0,0.0,37.5,impression-bearing,0.0,52.0,0.0,34.07692307692308,financial research,4,strong,IMPROVE_EXISTING_PAGE,"comparison template: expose metric evidence, filing period and CTA",1,2,14.49
site:stockportfolio.pro,other,OBSERVED_GSC,https://www.stockportfolio.pro/compare/BGSI-vs-SAH,0.0,2.0,0.0,91.5,impression-bearing,0.0,52.0,0.0,34.07692307692308,financial research,4,strong,IMPROVE_EXISTING_PAGE,"comparison template: expose metric evidence, filing period and CTA",1,2,14.49
site:stockportfolio.pro,other,OBSERVED_GSC,https://www.stockportfolio.pro/compare/BRAI-vs-CNXC,0.0,2.0,0.0,31.5,impression-bearing,0.0,52.0,0.0,34.07692307692308,financial research,4,strong,IMPROVE_EXISTING_PAGE,"comparison template: expose metric evidence, filing period and CTA",1,2,14.49
site:stockportfolio.pro,other,OBSERVED_GSC,https://www.stockportfolio.pro/compare/CBU-vs-GBDC,0.0,2.0,0.0,82.0,impression-bearing,0.0,52.0,0.0,34.07692307692308,financial research,4,strong,IMPROVE_EXISTING_PAGE,"comparison template: expose metric evidence, filing period and CTA",1,2,14.49
site:stockportfolio.pro,other,OBSERVED_GSC,https://www.stockportfolio.pro/compare/DVA-vs-EXEL,0.0,2.0,0.0,57.0,impression-bearing,0.0,52.0,0.0,34.07692307692308,financial research,4,strong,IMPROVE_EXISTING_PAGE,"comparison template: expose metric evidence, filing period and CTA",1,2,14.49
site:stockportfolio.pro,other,OBSERVED_GSC,https://www.stockportfolio.pro/compare/DY-vs-LGN,0.0,2.0,0.0,53.0,impression-bearing,0.0,52.0,0.0,34.07692307692308,financial research,4,strong,IMPROVE_EXISTING_PAGE,"comparison template: expose metric evidence, filing period and CTA",1,2,14.49
site:stockportfolio.pro,other,OBSERVED_GSC,https://www.stockportfolio.pro/compare/FLYW-vs-PLAB,0.0,2.0,0.0,47.5,impression-bearing,0.0,52.0,0.0,34.07692307692308,financial research,4,strong,IMPROVE_EXISTING_PAGE,"comparison template: expose metric evidence, filing period and CTA",1,2,14.49
site:stockportfolio.pro,other,OBSERVED_GSC,https://www.stockportfolio.pro/compare/FOUR-vs-XNDU,0.0,2.0,0.0,68.0,impression-bearing,0.0,52.0,0.0,34.07692307692308,financial research,4,strong,IMPROVE_EXISTING_PAGE,"comparison template: expose metric evidence, filing period and CTA",1,2,14.49
site:stockportfolio.pro,other,OBSERVED_GSC,https://www.stockportfolio.pro/compare/FWRD-vs-MTW,0.0,2.0,0.0,70.5,impression-bearing,0.0,52.0,0.0,34.07692307692308,financial research,4,strong,IMPROVE_EXISTING_PAGE,"comparison template: expose metric evidence, filing period and CTA",1,2,14.49
site:stockportfolio.pro,other,OBSERVED_GSC,https://www.stockportfolio.pro/compare/GEVO-vs-LZM,0.0,2.0,0.0,48.5,impression-bearing,0.0,52.0,0.0,34.07692307692308,financial research,4,strong,IMPROVE_EXISTING_PAGE,"comparison template: expose metric evidence, filing period and CTA",1,2,14.49
site:stockportfolio.pro,other,OBSERVED_GSC,https://www.stockportfolio.pro/compare/MAC-vs-RHP,0.0,2.0,0.0,94.5,impression-bearing,0.0,52.0,0.0,34.07692307692308,financial research,4,strong,IMPROVE_EXISTING_PAGE,"comparison template: expose metric evidence, filing period and CTA",1,2,14.49
site:stockportfolio.pro,other,OBSERVED_GSC,https://www.stockportfolio.pro/compare/NTST-vs-VRE,0.0,2.0,0.0,85.5,impression-bearing,0.0,52.0,0.0,34.07692307692308,financial research,4,strong,IMPROVE_EXISTING_PAGE,"comparison template: expose metric evidence, filing period and CTA",1,2,14.49
site:stockportfolio.pro,other,OBSERVED_GSC,https://www.stockportfolio.pro/compare/OCGN-vs-SGMT,0.0,2.0,0.0,54.0,impression-bearing,0.0,52.0,0.0,34.07692307692308,financial research,4,strong,IMPROVE_EXISTING_PAGE,"comparison template: expose metric evidence, filing period and CTA",1,2,14.49
site:stockportfolio.pro,other,OBSERVED_GSC,https://www.stockportfolio.pro/compare/PAX-vs-SRCE,0.0,2.0,0.0,61.5,impression-bearing,0.0,52.0,0.0,34.07692307692308,financial research,4,strong,IMPROVE_EXISTING_PAGE,"comparison template: expose metric evidence, filing period and CTA",1,2,14.49
site:stockportfolio.pro,other,OBSERVED_GSC,https://www.stockportfolio.pro/compare/PM-vs-WMT,0.0,2.0,0.0,39.0,impression-bearing,0.0,52.0,0.0,34.07692307692308,financial research,4,strong,IMPROVE_EXISTING_PAGE,"comparison template: expose metric evidence, filing period and CTA",1,2,14.49
site:stockportfolio.pro,other,OBSERVED_GSC,https://www.stockportfolio.pro/compare/RLI-vs-TFSL,0.0,2.0,0.0,48.5,impression-bearing,0.0,52.0,0.0,34.07692307692308,financial research,4,strong,IMPROVE_EXISTING_PAGE,"comparison template: expose metric evidence, filing period and CTA",1,2,14.49
site:stockportfolio.pro,other,OBSERVED_GSC,https://www.stockportfolio.pro/compare/SPFI-vs-WRLD,0.0,2.0,0.0,88.5,impression-bearing,0.0,52.0,0.0,34.07692307692308,financial research,4,strong,IMPROVE_EXISTING_PAGE,"comparison template: expose metric evidence, filing period and CTA",1,2,14.49
sndx,other,OBSERVED_GSC,https://www.stockportfolio.pro/stocks/SNDX,0.0,2.0,0.0,87.5,impression-bearing,0.0,2.0,0.0,87.5,financial research,4,strong,IMPROVE_EXISTING_PAGE,"add a direct, source-backed answer and contextual product CTA",1,2,14.49
sofi stocktwits,other,OBSERVED_GSC,https://www.stockportfolio.pro/compare/SOFI-vs-TW,0.0,2.0,0.0,88.5,impression-bearing,0.0,2.0,0.0,88.5,financial research,4,strong,IMPROVE_EXISTING_PAGE,"comparison template: expose metric evidence, filing period and CTA",1,2,14.49
solid power stock,other,OBSERVED_GSC,https://www.stockportfolio.pro/stocks/SLDP,0.0,2.0,0.0,83.5,impression-bearing,0.0,2.0,0.0,83.5,financial research,4,strong,IMPROVE_EXISTING_PAGE,"add a direct, source-backed answer and contextual product CTA",1,2,14.49
total sa stock,other,OBSERVED_GSC,https://www.stockportfolio.pro/stocks/TTE,0.0,2.0,0.0,67.0,impression-bearing,0.0,2.0,0.0,67.0,financial research,4,strong,IMPROVE_EXISTING_PAGE,"add a direct, source-backed answer and contextual product CTA",1,2,14.49
under armor net worth,other,OBSERVED_GSC,https://www.stockportfolio.pro/stocks/UA,0.0,2.0,0.0,40.5,impression-bearing,0.0,2.0,0.0,40.5,financial research,4,strong,IMPROVE_EXISTING_PAGE,"add a direct, source-backed answer and contextual product CTA",1,2,14.49
under armour income statement,other,OBSERVED_GSC,https://www.stockportfolio.pro/stocks/UA,0.0,2.0,0.0,30.5,impression-bearing,0.0,2.0,0.0,30.5,financial research,4,strong,IMPROVE_EXISTING_PAGE,"add a direct, source-backed answer and contextual product CTA",1,2,14.49
under armour revenue,revenue,OBSERVED_GSC,https://www.stockportfolio.pro/stocks/UA,0.0,2.0,0.0,41.5,impression-bearing,0.0,2.0,0.0,41.5,financial research,4,strong,IMPROVE_TEMPLATE,"stock metric template: add period, source, chart and related metric links",1,2,14.49
upwork revenue,revenue,OBSERVED_GSC,https://www.stockportfolio.pro/stocks/UPWK,0.0,2.0,0.0,57.0,impression-bearing,0.0,2.0,0.0,57.0,financial research,4,strong,IMPROVE_TEMPLATE,"stock metric template: add period, source, chart and related metric links",1,2,14.49
wts coinbase account -site:coinbase.com,other,OBSERVED_GSC,https://www.stockportfolio.pro/stocks,0.0,2.0,0.0,37.0,impression-bearing,0.0,2.0,0.0,37.0,financial research,4,review,IMPROVE_EXISTING_PAGE,"add a direct, source-backed answer and contextual product CTA",1,2,14.49
"""open geni""",other,OBSERVED_GSC,https://www.stockportfolio.pro/compare/AMC-vs-GENI,0.0,1.0,0.0,40.0,impression-bearing,0.0,3.0,0.0,43.333333333333336,financial research,4,strong,IMPROVE_EXISTING_PAGE,"comparison template: expose metric evidence, filing period and CTA",1,2,14.12
$pl stock,other,OBSERVED_GSC,https://www.stockportfolio.pro/stocks/PL,0.0,1.0,0.0,81.0,impression-bearing,0.0,1.0,0.0,81.0,financial research,4,strong,IMPROVE_EXISTING_PAGE,"add a direct, source-backed answer and contextual product CTA",1,2,14.12
1 share of meta,other,OBSERVED_GSC,https://www.stockportfolio.pro/stocks/META,0.0,1.0,0.0,80.0,impression-bearing,0.0,1.0,0.0,80.0,financial research,4,strong,IMPROVE_EXISTING_PAGE,"add a direct, source-backed answer and contextual product CTA",1,2,14.12
aaav,other,OBSERVED_GSC,https://www.stockportfolio.pro/compare/AAL-vs-AVAV,0.0,1.0,0.0,72.0,impression-bearing,0.0,1.0,0.0,72.0,financial research,4,strong,IMPROVE_EXISTING_PAGE,"comparison template: expose metric evidence, filing period and CTA",1,2,14.12
aapl nvda,other,OBSERVED_GSC,https://www.stockportfolio.pro/compare/AAPL-vs-NVDA,0.0,1.0,0.0,54.0,impression-bearing,0.0,1.0,0.0,54.0,financial research,4,strong,IMPROVE_EXISTING_PAGE,"comparison template: expose metric evidence, filing period and CTA",1,2,14.12
abat stock stocktwits,other,OBSERVED_GSC,https://www.stockportfolio.pro/compare/ABAT-vs-MTW,0.0,1.0,0.0,73.0,impression-bearing,0.0,1.0,0.0,73.0,financial research,4,strong,IMPROVE_EXISTING_PAGE,"comparison template: expose metric evidence, filing period and CTA",1,2,14.12
abm industries competitors,other,OBSERVED_GSC,https://www.stockportfolio.pro/compare/ABM-vs-FA,0.0,1.0,0.0,88.0,impression-bearing,0.0,1.0,0.0,88.0,financial research,4,strong,IMPROVE_EXISTING_PAGE,"comparison template: expose metric evidence, filing period and CTA",1,2,14.12
aci worldwide revenue,revenue,OBSERVED_GSC,https://www.stockportfolio.pro/stocks/ACIW,0.0,1.0,0.0,42.0,impression-bearing,0.0,1.0,0.0,42.0,financial research,4,strong,IMPROVE_TEMPLATE,"stock metric template: add period, source, chart and related metric links",1,2,14.12
acushnet holdings,other,OBSERVED_GSC,https://www.stockportfolio.pro/stocks/GOLF,0.0,1.0,0.0,50.0,impression-bearing,0.0,1.0,0.0,50.0,financial research,4,strong,IMPROVE_EXISTING_PAGE,"add a direct, source-backed answer and contextual product CTA",1,2,14.12
acushnet holdings corp,other,OBSERVED_GSC,https://www.stockportfolio.pro/stocks/GOLF,0.0,1.0,0.0,44.0,impression-bearing,0.0,1.0,0.0,44.0,financial research,4,strong,IMPROVE_EXISTING_PAGE,"add a direct, source-backed answer and contextual product CTA",1,2,14.12
adt annual revenue,revenue,OBSERVED_GSC,https://www.stockportfolio.pro/stocks/ADT,0.0,1.0,0.0,46.0,impression-bearing,0.0,2.0,0.0,47.0,financial research,4,strong,IMPROVE_TEMPLATE,"stock metric template: add period, source, chart and related metric links",1,2,14.12
alb performance,other,OBSERVED_GSC,https://www.stockportfolio.pro/company?symbol=ALB,0.0,1.0,0.0,86.0,impression-bearing,0.0,1.0,0.0,86.0,financial research,4,review,IMPROVE_EXISTING_PAGE,"add a direct, source-backed answer and contextual product CTA",1,2,14.12
albertsons ticker symbol,other,OBSERVED_GSC,https://www.stockportfolio.pro/stocks/ACI,0.0,1.0,0.0,78.0,impression-bearing,0.0,1.0,0.0,78.0,financial research,4,strong,IMPROVE_EXISTING_PAGE,"add a direct, source-backed answer and contextual product CTA",1,2,14.12
algonquin stock,other,OBSERVED_GSC,https://www.stockportfolio.pro/stocks/AQN,0.0,1.0,0.0,67.0,impression-bearing,0.0,1.0,0.0,67.0,financial research,4,strong,IMPROVE_EXISTING_PAGE,"add a direct, source-backed answer and contextual product CTA",1,2,14.12
alphabet annual revenue,revenue,OBSERVED_GSC,https://www.stockportfolio.pro/stocks/GOOGL,0.0,1.0,0.0,81.0,impression-bearing,0.0,1.0,0.0,81.0,financial research,4,strong,IMPROVE_TEMPLATE,"stock metric template: add period, source, chart and related metric links",1,2,14.12
alphabet revenue,revenue,OBSERVED_GSC,https://www.stockportfolio.pro/stocks/GOOGL,0.0,1.0,0.0,74.0,impression-bearing,0.0,1.0,0.0,74.0,financial research,4,strong,IMPROVE_TEMPLATE,"stock metric template: add period, source, chart and related metric links",1,2,14.12
amprius technologies stocks,other,OBSERVED_GSC,https://www.stockportfolio.pro/stocks/AMPX,0.0,1.0,0.0,68.0,impression-bearing,0.0,1.0,0.0,68.0,financial research,4,strong,IMPROVE_EXISTING_PAGE,"add a direct, source-backed answer and contextual product CTA",1,2,14.12
ampx ticker,other,OBSERVED_GSC,https://www.stockportfolio.pro/stocks/AMPX,0.0,1.0,0.0,74.0,impression-bearing,0.0,1.0,0.0,74.0,financial research,4,strong,IMPROVE_EXISTING_PAGE,"add a direct, source-backed answer and contextual product CTA",1,2,14.12
aqn,other,OBSERVED_GSC,https://www.stockportfolio.pro/stocks/AQN,0.0,1.0,0.0,69.0,impression-bearing,0.0,1.0,0.0,69.0,financial research,4,strong,IMPROVE_EXISTING_PAGE,"add a direct, source-backed answer and contextual product CTA",1,2,14.12
avgo vs amd,comparison,OBSERVED_GSC,https://www.stockportfolio.pro/compare/AMD-vs-AVGO,0.0,1.0,0.0,41.0,impression-bearing,0.0,1.0,0.0,41.0,financial research,4,strong,IMPROVE_EXISTING_PAGE,"comparison template: expose metric evidence, filing period and CTA",1,2,14.12
bah inc,other,OBSERVED_GSC,https://www.stockportfolio.pro/stocks/BAH,0.0,1.0,0.0,68.0,impression-bearing,0.0,1.0,0.0,68.0,financial research,4,strong,IMPROVE_EXISTING_PAGE,"add a direct, source-backed answer and contextual product CTA",1,2,14.12
billiontoone stock,other,OBSERVED_GSC,https://www.stockportfolio.pro/stocks/BLLN,0.0,1.0,0.0,77.0,impression-bearing,0.0,1.0,0.0,77.0,financial research,4,strong,IMPROVE_EXISTING_PAGE,"add a direct, source-backed answer and contextual product CTA",1,2,14.12
blln,other,OBSERVED_GSC,https://www.stockportfolio.pro/stocks/BLLN,0.0,1.0,0.0,86.0,impression-bearing,0.0,1.0,0.0,86.0,financial research,4,strong,IMPROVE_EXISTING_PAGE,"add a direct, source-backed answer and contextual product CTA",1,2,14.12
blln ticker,other,OBSERVED_GSC,https://www.stockportfolio.pro/stocks/BLLN,0.0,1.0,0.0,79.0,impression-bearing,0.0,1.0,0.0,79.0,financial research,4,strong,IMPROVE_EXISTING_PAGE,"add a direct, source-backed answer and contextual product CTA",1,2,14.12
brkr,other,OBSERVED_GSC,https://www.stockportfolio.pro/stocks/BRKR,0.0,1.0,0.0,50.0,impression-bearing,0.0,1.0,0.0,50.0,financial research,4,strong,IMPROVE_EXISTING_PAGE,"add a direct, source-backed answer and contextual product CTA",1,2,14.12
bruker revenue,revenue,OBSERVED_GSC,https://www.stockportfolio.pro/stocks/BRKR,0.0,1.0,0.0,41.0,impression-bearing,0.0,1.0,0.0,41.0,financial research,4,strong,IMPROVE_TEMPLATE,"stock metric template: add period, source, chart and related metric links",1,2,14.12
burger king market cap,other,OBSERVED_GSC,https://www.stockportfolio.pro/stocks/QSR,0.0,1.0,0.0,63.0,impression-bearing,0.0,1.0,0.0,63.0,financial research,4,strong,IMPROVE_EXISTING_PAGE,"add a direct, source-backed answer and contextual product CTA",1,2,14.12
burger king stock value,other,OBSERVED_GSC,https://www.stockportfolio.pro/stocks/QSR,0.0,1.0,0.0,76.0,impression-bearing,0.0,1.0,0.0,76.0,financial research,4,strong,IMPROVE_EXISTING_PAGE,"add a direct, source-backed answer and contextual product CTA",1,2,14.12
bwa company,other,OBSERVED_GSC,https://www.stockportfolio.pro/stocks/BWA,0.0,1.0,0.0,70.0,impression-bearing,0.0,1.0,0.0,70.0,financial research,4,strong,IMPROVE_EXISTING_PAGE,"add a direct, source-backed answer and contextual product CTA",1,2,14.12
bwa ir,other,OBSERVED_GSC,https://www.stockportfolio.pro/stocks/BWA,0.0,1.0,0.0,50.0,impression-bearing,0.0,1.0,0.0,50.0,financial research,4,strong,IMPROVE_EXISTING_PAGE,"add a direct, source-backed answer and contextual product CTA",1,2,14.12
chimera investment corp,other,OBSERVED_GSC,https://www.stockportfolio.pro/stocks/CIM-PB,0.0,1.0,0.0,64.0,impression-bearing,0.0,1.0,0.0,64.0,financial research,4,strong,IMPROVE_EXISTING_PAGE,"add a direct, source-backed answer and contextual product CTA",1,2,14.12
cirrus logic revenue,revenue,OBSERVED_GSC,https://www.stockportfolio.pro/stocks/CRUS,0.0,1.0,0.0,37.0,impression-bearing,0.0,1.0,0.0,37.0,financial research,4,strong,IMPROVE_TEMPLATE,"stock metric template: add period, source, chart and related metric links",1,2,14.12
concentrix 3 vs,comparison,OBSERVED_GSC,https://www.stockportfolio.pro/compare/AI-vs-CNXC,0.0,1.0,0.0,66.0,impression-bearing,0.0,1.0,0.0,66.0,financial research,4,strong,IMPROVE_EXISTING_PAGE,"comparison template: expose metric evidence, filing period and CTA",1,2,14.12
crocs revenue,revenue,OBSERVED_GSC,https://www.stockportfolio.pro/stocks/CROX,0.0,1.0,0.0,62.0,impression-bearing,0.0,1.0,0.0,62.0,financial research,4,strong,IMPROVE_TEMPLATE,"stock metric template: add period, source, chart and related metric links",1,2,14.12
dbx share price,other,OBSERVED_GSC,https://www.stockportfolio.pro/stocks/DBX,0.0,1.0,0.0,90.0,impression-bearing,0.0,1.0,0.0,90.0,financial research,4,strong,IMPROVE_EXISTING_PAGE,"add a direct, source-backed answer and contextual product CTA",1,2,14.12
dbx stock price,other,OBSERVED_GSC,https://www.stockportfolio.pro/stocks/DBX,0.0,1.0,0.0,71.0,impression-bearing,0.0,1.0,0.0,71.0,financial research,4,strong,IMPROVE_EXISTING_PAGE,"add a direct, source-backed answer and contextual product CTA",1,2,14.12
dbx stocks,other,OBSERVED_GSC,https://www.stockportfolio.pro/stocks/DBX,0.0,1.0,0.0,93.0,impression-bearing,0.0,1.0,0.0,93.0,financial research,4,strong,IMPROVE_EXISTING_PAGE,"add a direct, source-backed answer and contextual product CTA",1,2,14.12
digital galaxy stock,other,OBSERVED_GSC,https://www.stockportfolio.pro/stocks/GLXY,0.0,1.0,0.0,96.0,impression-bearing,0.0,1.0,0.0,96.0,financial research,4,strong,IMPROVE_EXISTING_PAGE,"add a direct, source-backed answer and contextual product CTA",1,2,14.12
drop box share price,other,OBSERVED_GSC,https://www.stockportfolio.pro/stocks/DBX,0.0,1.0,0.0,76.0,impression-bearing,0.0,1.0,0.0,76.0,financial research,4,strong,IMPROVE_EXISTING_PAGE,"add a direct, source-backed answer and contextual product CTA",1,2,14.12
dropbox stocks,other,OBSERVED_GSC,https://www.stockportfolio.pro/stocks/DBX,0.0,1.0,0.0,82.0,impression-bearing,0.0,1.0,0.0,82.0,financial research,4,strong,IMPROVE_EXISTING_PAGE,"add a direct, source-backed answer and contextual product CTA",1,2,14.12
dvlt full form,other,OBSERVED_GSC,https://www.stockportfolio.pro/compare/DVLT-vs-OSS,0.0,1.0,0.0,47.0,impression-bearing,0.0,1.0,0.0,47.0,financial research,4,strong,IMPROVE_EXISTING_PAGE,"comparison template: expose metric evidence, filing period and CTA",1,2,14.12
dx capital,other,OBSERVED_GSC,https://www.stockportfolio.pro/stocks/DX,0.0,1.0,0.0,94.0,impression-bearing,0.0,1.0,0.0,94.0,financial research,4,strong,IMPROVE_EXISTING_PAGE,"add a direct, source-backed answer and contextual product CTA",1,2,14.12
dynex capital stock,other,OBSERVED_GSC,https://www.stockportfolio.pro/stocks/DX,0.0,1.0,0.0,86.0,impression-bearing,0.0,1.0,0.0,86.0,financial research,4,strong,IMPROVE_EXISTING_PAGE,"add a direct, source-backed answer and contextual product CTA",1,2,14.12
dynex stock price,other,OBSERVED_GSC,https://www.stockportfolio.pro/stocks/DX,0.0,1.0,0.0,92.0,impression-bearing,0.0,1.0,0.0,92.0,financial research,4,strong,IMPROVE_EXISTING_PAGE,"add a direct, source-backed answer and contextual product CTA",1,2,14.12
elan corporation investors,other,OBSERVED_GSC,https://www.stockportfolio.pro/company?symbol=ELAN,0.0,1.0,0.0,88.0,impression-bearing,0.0,1.0,0.0,88.0,financial research,4,review,IMPROVE_EXISTING_PAGE,"add a direct, source-backed answer and contextual product CTA",1,2,14.12
etoro share price,other,OBSERVED_GSC,https://www.stockportfolio.pro/stocks/ETOR,0.0,1.0,0.0,81.0,impression-bearing,0.0,1.0,0.0,81.0,financial research,4,strong,IMPROVE_EXISTING_PAGE,"add a direct, source-backed answer and contextual product CTA",1,2,14.12
face share price,other,OBSERVED_GSC,https://www.stockportfolio.pro/stocks/META,0.0,1.0,0.0,85.0,impression-bearing,0.0,1.0,0.0,85.0,financial research,4,strong,IMPROVE_EXISTING_PAGE,"add a direct, source-backed answer and contextual product CTA",1,2,14.12
facebook ebitda,other,OBSERVED_GSC,https://www.stockportfolio.pro/stocks/META,0.0,1.0,0.0,58.0,impression-bearing,0.0,1.0,0.0,58.0,financial research,4,strong,IMPROVE_EXISTING_PAGE,"add a direct, source-backed answer and contextual product CTA",1,2,14.12
fair value of meta stock,other,OBSERVED_GSC,https://www.stockportfolio.pro/stocks/META,0.0,1.0,0.0,46.0,impression-bearing,0.0,1.0,0.0,46.0,financial research,4,strong,IMPROVE_EXISTING_PAGE,"add a direct, source-backed answer and contextual product CTA",1,2,14.12
fast growing stocks,other,OBSERVED_GSC,https://www.stockportfolio.pro/screens/high-growth-stocks,0.0,1.0,0.0,48.0,impression-bearing,0.0,1.0,0.0,48.0,financial research,4,review,IMPROVE_EXISTING_PAGE,"add a direct, source-backed answer and contextual product CTA",1,2,14.12
fast-growing stocks,other,OBSERVED_GSC,https://www.stockportfolio.pro/screens/high-growth-stocks,0.0,1.0,0.0,50.0,impression-bearing,0.0,1.0,0.0,50.0,financial research,4,review,IMPROVE_EXISTING_PAGE,"add a direct, source-backed answer and contextual product CTA",1,2,14.12
fb shares outstanding,shares/dilution,OBSERVED_GSC,https://www.stockportfolio.pro/stocks/META,0.0,1.0,0.0,51.0,impression-bearing,0.0,1.0,0.0,51.0,financial research,4,strong,IMPROVE_TEMPLATE,"stock metric template: add period, source, chart and related metric links",1,2,14.12
fhn chicago,other,OBSERVED_GSC,https://www.stockportfolio.pro/stocks/FHN,0.0,1.0,0.0,62.0,impression-bearing,0.0,1.0,0.0,62.0,financial research,4,strong,IMPROVE_EXISTING_PAGE,"add a direct, source-backed answer and contextual product CTA",1,2,14.12
figr,other,OBSERVED_GSC,https://www.stockportfolio.pro/stocks/FIGR,0.0,1.0,0.0,80.0,impression-bearing,0.0,1.0,0.0,80.0,financial research,4,strong,IMPROVE_EXISTING_PAGE,"add a direct, source-backed answer and contextual product CTA",1,2,14.12
figr quote,other,OBSERVED_GSC,https://www.stockportfolio.pro/stocks/FIGR,0.0,1.0,0.0,83.0,impression-bearing,0.0,1.0,0.0,83.0,financial research,4,strong,IMPROVE_EXISTING_PAGE,"add a direct, source-backed answer and contextual product CTA",1,2,14.12
figr share price,other,OBSERVED_GSC,https://www.stockportfolio.pro/stocks/FIGR,0.0,1.0,0.0,79.0,impression-bearing,0.0,1.0,0.0,79.0,financial research,4,strong,IMPROVE_EXISTING_PAGE,"add a direct, source-backed answer and contextual product CTA",1,2,14.12
figr stock price,other,OBSERVED_GSC,https://www.stockportfolio.pro/stocks/FIGR,0.0,1.0,0.0,79.0,impression-bearing,0.0,1.0,0.0,79.0,financial research,4,strong,IMPROVE_EXISTING_PAGE,"add a direct, source-backed answer and contextual product CTA",1,2,14.12
figure stock price,other,OBSERVED_GSC,https://www.stockportfolio.pro/stocks/FIGR,0.0,1.0,0.0,77.0,impression-bearing,0.0,1.0,0.0,77.0,financial research,4,strong,IMPROVE_EXISTING_PAGE,"add a direct, source-backed answer and contextual product CTA",1,2,14.12
figure technologies stock,other,OBSERVED_GSC,https://www.stockportfolio.pro/stocks/FIGR,0.0,1.0,0.0,78.0,impression-bearing,0.0,1.0,0.0,78.0,financial research,4,strong,IMPROVE_EXISTING_PAGE,"add a direct, source-backed answer and contextual product CTA",1,2,14.12
figure technologies stock price,other,OBSERVED_GSC,https://www.stockportfolio.pro/stocks/FIGR,0.0,1.0,0.0,77.0,impression-bearing,0.0,1.0,0.0,77.0,financial research,4,strong,IMPROVE_EXISTING_PAGE,"add a direct, source-backed answer and contextual product CTA",1,2,14.12
figure technology stock,other,OBSERVED_GSC,https://www.stockportfolio.pro/stocks/FIGR,0.0,1.0,0.0,81.0,impression-bearing,0.0,1.0,0.0,81.0,financial research,4,strong,IMPROVE_EXISTING_PAGE,"add a direct, source-backed answer and contextual product CTA",1,2,14.12
gamestop annual revenue,revenue,OBSERVED_GSC,https://www.stockportfolio.pro/stocks/GME,0.0,1.0,0.0,45.0,impression-bearing,0.0,1.0,0.0,45.0,financial research,4,strong,IMPROVE_TEMPLATE,"stock metric template: add period, source, chart and related metric links",1,2,14.12
gamestop financials,other,OBSERVED_GSC,https://www.stockportfolio.pro/stocks/GME,0.0,1.0,0.0,38.0,impression-bearing,0.0,1.0,0.0,38.0,financial research,4,strong,IMPROVE_EXISTING_PAGE,"add a direct, source-backed answer and contextual product CTA",1,2,14.12
gamestop revenue,revenue,OBSERVED_GSC,https://www.stockportfolio.pro/stocks/GME,0.0,1.0,0.0,48.0,impression-bearing,0.0,1.0,0.0,48.0,financial research,4,strong,IMPROVE_TEMPLATE,"stock metric template: add period, source, chart and related metric links",1,2,14.12
gaming and leisure properties,other,OBSERVED_GSC,https://www.stockportfolio.pro/stocks/GLPI,0.0,1.0,0.0,58.0,impression-bearing,0.0,1.0,0.0,58.0,financial research,4,strong,IMPROVE_EXISTING_PAGE,"add a direct, source-backed answer and contextual product CTA",1,2,14.12
gap inc net worth,other,OBSERVED_GSC,https://www.stockportfolio.pro/stocks/GAP,0.0,1.0,0.0,40.0,impression-bearing,0.0,1.0,0.0,40.0,financial research,4,strong,IMPROVE_EXISTING_PAGE,"add a direct, source-backed answer and contextual product CTA",1,2,14.12
gap inc revenue,revenue,OBSERVED_GSC,https://www.stockportfolio.pro/stocks/GAP,0.0,1.0,0.0,32.0,impression-bearing,0.0,1.0,0.0,32.0,financial research,4,strong,IMPROVE_TEMPLATE,"stock metric template: add period, source, chart and related metric links",1,2,14.12
gmtlf,other,OBSERVED_GSC,https://www.stockportfolio.pro/stocks/GMTL,0.0,1.0,0.0,80.0,impression-bearing,0.0,1.0,0.0,80.0,financial research,4,strong,IMPROVE_EXISTING_PAGE,"add a direct, source-backed answer and contextual product CTA",1,2,14.12
goog-20220930 revenue backlog remaining performance obligations,revenue,OBSERVED_GSC,https://www.stockportfolio.pro/stocks/GOOGL,0.0,1.0,0.0,83.0,impression-bearing,0.0,1.0,0.0,83.0,financial research,4,strong,IMPROVE_TEMPLATE,"stock metric template: add period, source, chart and related metric links",1,2,14.12
googl financials,other,OBSERVED_GSC,https://www.stockportfolio.pro/stocks/GOOGL,0.0,1.0,0.0,45.0,impression-bearing,0.0,1.0,0.0,45.0,financial research,4,strong,IMPROVE_EXISTING_PAGE,"add a direct, source-backed answer and contextual product CTA",1,2,14.12
google net income,earnings/profit,OBSERVED_GSC,https://www.stockportfolio.pro/stocks/GOOGL,0.0,1.0,0.0,45.0,impression-bearing,0.0,3.0,0.0,50.666666666666664,financial research,4,strong,IMPROVE_TEMPLATE,"stock metric template: add period, source, chart and related metric links",1,2,14.12
hafnia stock,other,OBSERVED_GSC,https://www.stockportfolio.pro/stocks/HAFN,0.0,1.0,0.0,74.0,impression-bearing,0.0,1.0,0.0,74.0,financial research,4,strong,IMPROVE_EXISTING_PAGE,"add a direct, source-backed answer and contextual product CTA",1,2,14.12
how big is jll,other,OBSERVED_GSC,https://www.stockportfolio.pro/stocks/JLL,0.0,1.0,0.0,57.0,impression-bearing,0.0,1.0,0.0,57.0,financial research,4,strong,IMPROVE_EXISTING_PAGE,"add a direct, source-backed answer and contextual product CTA",1,2,14.12
how much is microsoft worth,other,OBSERVED_GSC,https://www.stockportfolio.pro/stocks/MSFT,0.0,1.0,0.0,77.0,impression-bearing,0.0,1.0,0.0,77.0,financial research,4,strong,IMPROVE_EXISTING_PAGE,"add a direct, source-backed answer and contextual product CTA",1,2,14.12
hrti llc,other,OBSERVED_GSC,https://www.stockportfolio.pro/stocks/HR,0.0,1.0,0.0,68.0,impression-bearing,0.0,1.0,0.0,68.0,financial research,4,strong,IMPROVE_EXISTING_PAGE,"add a direct, source-backed answer and contextual product CTA",1,2,14.12
hut robinhood,other,OBSERVED_GSC,https://www.stockportfolio.pro/stocks/HUT,0.0,1.0,0.0,76.0,impression-bearing,0.0,1.0,0.0,76.0,financial research,4,strong,IMPROVE_EXISTING_PAGE,"add a direct, source-backed answer and contextual product CTA",1,2,14.12
ibm dell,other,OBSERVED_GSC,https://www.stockportfolio.pro/compare/DELL-vs-IBM,0.0,1.0,0.0,81.0,impression-bearing,0.0,1.0,0.0,81.0,financial research,4,strong,IMPROVE_EXISTING_PAGE,"comparison template: expose metric evidence, filing period and CTA",1,2,14.12
ibm vs dell,comparison,OBSERVED_GSC,https://www.stockportfolio.pro/compare/DELL-vs-IBM,0.0,1.0,0.0,38.0,impression-bearing,0.0,1.0,0.0,38.0,financial research,4,strong,IMPROVE_EXISTING_PAGE,"comparison template: expose metric evidence, filing period and CTA",1,2,14.12
is bstz a good investment,other,OBSERVED_GSC,https://www.stockportfolio.pro/compare/BSTZ-vs-LC,0.0,1.0,0.0,58.0,impression-bearing,0.0,1.0,0.0,58.0,financial research,4,strong,IMPROVE_EXISTING_PAGE,"comparison template: expose metric evidence, filing period and CTA",1,2,14.12
is gap a publicly traded company,other,OBSERVED_GSC,https://www.stockportfolio.pro/stocks/GAP,0.0,1.0,0.0,88.0,impression-bearing,0.0,1.0,0.0,88.0,financial research,4,strong,IMPROVE_EXISTING_PAGE,"add a direct, source-backed answer and contextual product CTA",1,2,14.12
is jll a public company,other,OBSERVED_GSC,https://www.stockportfolio.pro/stocks/JLL,0.0,1.0,0.0,72.0,impression-bearing,0.0,1.0,0.0,72.0,financial research,4,strong,IMPROVE_EXISTING_PAGE,"add a direct, source-backed answer and contextual product CTA",1,2,14.12
is polaris publicly traded,other,OBSERVED_GSC,https://www.stockportfolio.pro/stocks/PII,0.0,1.0,0.0,62.0,impression-bearing,0.0,1.0,0.0,62.0,financial research,4,strong,IMPROVE_EXISTING_PAGE,"add a direct, source-backed answer and contextual product CTA",1,2,14.12
key principal,other,OBSERVED_GSC,https://www.stockportfolio.pro/compare/KEY-vs-PFG,0.0,1.0,0.0,33.0,impression-bearing,0.0,1.0,0.0,33.0,financial research,4,strong,IMPROVE_EXISTING_PAGE,"comparison template: expose metric evidence, filing period and CTA",1,2,14.12
kratos revenue,revenue,OBSERVED_GSC,https://www.stockportfolio.pro/stocks/KTOS,0.0,1.0,0.0,51.0,impression-bearing,0.0,1.0,0.0,51.0,financial research,4,strong,IMPROVE_TEMPLATE,"stock metric template: add period, source, chart and related metric links",1,2,14.12
lamb weston annual revenue,revenue,OBSERVED_GSC,https://www.stockportfolio.pro/stocks/LW,0.0,1.0,0.0,58.0,impression-bearing,0.0,1.0,0.0,44.0,financial research,4,strong,IMPROVE_TEMPLATE,"stock metric template: add period, source, chart and related metric links",1,2,14.12
lear revenue,revenue,OBSERVED_GSC,https://www.stockportfolio.pro/stocks/LEA,0.0,1.0,0.0,44.0,impression-bearing,0.0,1.0,0.0,44.0,financial research,4,strong,IMPROVE_TEMPLATE,"stock metric template: add period, source, chart and related metric links",1,2,14.12
liberty live stock,other,OBSERVED_GSC,https://www.stockportfolio.pro/stocks/LLYVK,0.0,1.0,0.0,73.0,impression-bearing,0.0,1.0,0.0,73.0,financial research,4,strong,IMPROVE_EXISTING_PAGE,"add a direct, source-backed answer and contextual product CTA",1,2,14.12
lincoln electric annual revenue,revenue,OBSERVED_GSC,https://www.stockportfolio.pro/stocks/LECO,0.0,1.0,0.0,70.0,impression-bearing,0.0,1.0,0.0,56.0,financial research,4,strong,IMPROVE_TEMPLATE,"stock metric template: add period, source, chart and related metric links",1,2,14.12
llyvk,other,OBSERVED_GSC,https://www.stockportfolio.pro/stocks/LLYVK,0.0,1.0,0.0,72.0,impression-bearing,0.0,1.0,0.0,72.0,financial research,4,strong,IMPROVE_EXISTING_PAGE,"add a direct, source-backed answer and contextual product CTA",1,2,14.12
low p/e stocks,valuation,OBSERVED_GSC,https://www.stockportfolio.pro/screens/low-pe-stocks,0.0,1.0,0.0,51.0,impression-bearing,0.0,1.0,0.0,51.0,financial research,4,review,IMPROVE_EXISTING_PAGE,"add a direct, source-backed answer and contextual product CTA",1,2,14.12
low pe growth stocks,valuation,OBSERVED_GSC,https://www.stockportfolio.pro/screens/low-pe-stocks,0.0,1.0,0.0,55.0,impression-bearing,0.0,1.0,0.0,55.0,financial research,4,review,IMPROVE_EXISTING_PAGE,"add a direct, source-backed answer and contextual product CTA",1,2,14.12
low pe ratio companies,valuation,OBSERVED_GSC,https://www.stockportfolio.pro/screens/low-pe-stocks,0.0,1.0,0.0,63.0,impression-bearing,0.0,1.0,0.0,63.0,financial research,4,review,IMPROVE_EXISTING_PAGE,"add a direct, source-backed answer and contextual product CTA",1,2,14.12
lowest pe growth stocks,valuation,OBSERVED_GSC,https://www.stockportfolio.pro/screens/low-pe-stocks,0.0,1.0,0.0,52.0,impression-bearing,0.0,1.0,0.0,52.0,financial research,4,review,IMPROVE_EXISTING_PAGE,"add a direct, source-backed answer and contextual product CTA",1,2,14.12
lowest pe stocks,valuation,OBSERVED_GSC,https://www.stockportfolio.pro/screens/low-pe-stocks,0.0,1.0,0.0,51.0,impression-bearing,0.0,1.0,0.0,51.0,financial research,4,review,IMPROVE_EXISTING_PAGE,"add a direct, source-backed answer and contextual product CTA",1,2,14.12
lowest pe stocks in s&p 500,valuation,OBSERVED_GSC,https://www.stockportfolio.pro/screens/low-pe-stocks,0.0,1.0,0.0,82.0,impression-bearing,0.0,1.0,0.0,82.0,financial research,4,review,IMPROVE_EXISTING_PAGE,"add a direct, source-backed answer and contextual product CTA",1,2,14.12
lowest peg ratio stocks,other,OBSERVED_GSC,https://www.stockportfolio.pro/screens/low-pe-stocks,0.0,1.0,0.0,52.0,impression-bearing,0.0,1.0,0.0,52.0,financial research,4,review,IMPROVE_EXISTING_PAGE,"add a direct, source-backed answer and contextual product CTA",1,2,14.12
lowest peg ratio stocks in s&p 500,other,OBSERVED_GSC,https://www.stockportfolio.pro/screens/low-pe-stocks,0.0,1.0,0.0,70.0,impression-bearing,0.0,1.0,0.0,70.0,financial research,4,review,IMPROVE_EXISTING_PAGE,"add a direct, source-backed answer and contextual product CTA",1,2,14.12
ma vs v,comparison,OBSERVED_GSC,https://www.stockportfolio.pro/compare/MA-vs-V,0.0,1.0,0.0,36.0,impression-bearing,0.0,1.0,0.0,36.0,financial research,4,strong,IMPROVE_EXISTING_PAGE,"comparison template: expose metric evidence, filing period and CTA",1,2,14.12
ma vs v stock,comparison,OBSERVED_GSC,https://www.stockportfolio.pro/compare/MA-vs-V,0.0,1.0,0.0,43.0,impression-bearing,0.0,1.0,0.0,43.0,financial research,4,strong,IMPROVE_EXISTING_PAGE,"comparison template: expose metric evidence, filing period and CTA",1,2,14.12
mastec worth,other,OBSERVED_GSC,https://www.stockportfolio.pro/stocks/MTZ,0.0,1.0,0.0,55.0,impression-bearing,0.0,1.0,0.0,55.0,financial research,4,strong,IMPROVE_EXISTING_PAGE,"add a direct, source-backed answer and contextual product CTA",1,2,14.12
mat turnover,other,OBSERVED_GSC,https://www.stockportfolio.pro/company?symbol=MAT,0.0,1.0,0.0,93.0,impression-bearing,0.0,1.0,0.0,93.0,financial research,4,review,IMPROVE_EXISTING_PAGE,"add a direct, source-backed answer and contextual product CTA",1,2,14.12
medical properties trust logo,other,OBSERVED_GSC,https://www.stockportfolio.pro/stocks/MPT,0.0,1.0,0.0,51.0,impression-bearing,0.0,1.0,0.0,51.0,financial research,4,strong,IMPROVE_EXISTING_PAGE,"add a direct, source-backed answer and contextual product CTA",1,2,14.12
meta cash flow,cash flow,OBSERVED_GSC,https://www.stockportfolio.pro/stocks/META,0.0,1.0,0.0,69.0,impression-bearing,0.0,1.0,0.0,69.0,financial research,4,strong,IMPROVE_TEMPLATE,"stock metric template: add period, source, chart and related metric links",1,2,14.12
meta profitability,other,OBSERVED_GSC,https://www.stockportfolio.pro/stocks/META,0.0,1.0,0.0,72.0,impression-bearing,0.0,1.0,0.0,72.0,financial research,4,strong,IMPROVE_EXISTING_PAGE,"add a direct, source-backed answer and contextual product CTA",1,2,14.12
metals company stock,other,OBSERVED_GSC,https://www.stockportfolio.pro/stocks/TMC,0.0,1.0,0.0,88.0,impression-bearing,0.0,1.0,0.0,88.0,financial research,4,strong,IMPROVE_EXISTING_PAGE,"add a direct, source-backed answer and contextual product CTA",1,2,14.12
microsoft gross margin,margins,OBSERVED_GSC,https://www.stockportfolio.pro/stocks/MSFT,0.0,1.0,0.0,78.0,impression-bearing,0.0,1.0,0.0,78.0,financial research,4,strong,IMPROVE_TEMPLATE,"stock metric template: add period, source, chart and related metric links",1,2,14.12
microsoft gross profit,earnings/profit,OBSERVED_GSC,https://www.stockportfolio.pro/stocks/MSFT,0.0,1.0,0.0,82.0,impression-bearing,0.0,1.0,0.0,82.0,financial research,4,strong,IMPROVE_TEMPLATE,"stock metric template: add period, source, chart and related metric links",1,2,14.12
microsoft net income,earnings/profit,OBSERVED_GSC,https://www.stockportfolio.pro/stocks/MSFT,0.0,1.0,0.0,83.0,impression-bearing,0.0,1.0,0.0,83.0,financial research,4,strong,IMPROVE_TEMPLATE,"stock metric template: add period, source, chart and related metric links",1,2,14.12
microsoft net profit margin,earnings/profit,OBSERVED_GSC,https://www.stockportfolio.pro/stocks/MSFT,0.0,1.0,0.0,71.0,impression-bearing,0.0,1.0,0.0,71.0,financial research,4,strong,IMPROVE_TEMPLATE,"stock metric template: add period, source, chart and related metric links",1,2,14.12
microsoft operating margin,margins,OBSERVED_GSC,https://www.stockportfolio.pro/stocks/MSFT,0.0,1.0,0.0,82.0,impression-bearing,0.0,1.0,0.0,82.0,financial research,4,strong,IMPROVE_TEMPLATE,"stock metric template: add period, source, chart and related metric links",1,2,14.12
microsoft profit margin,earnings/profit,OBSERVED_GSC,https://www.stockportfolio.pro/stocks/MSFT,0.0,1.0,0.0,79.0,impression-bearing,0.0,1.0,0.0,79.0,financial research,4,strong,IMPROVE_TEMPLATE,"stock metric template: add period, source, chart and related metric links",1,2,14.12
microsoft return on equity,other,OBSERVED_GSC,https://www.stockportfolio.pro/stocks/MSFT,0.0,1.0,0.0,77.0,impression-bearing,0.0,1.0,0.0,77.0,financial research,4,strong,IMPROVE_EXISTING_PAGE,"add a direct, source-backed answer and contextual product CTA",1,2,14.12
microsoft roe,other,OBSERVED_GSC,https://www.stockportfolio.pro/stocks/MSFT,0.0,1.0,0.0,78.0,impression-bearing,0.0,1.0,0.0,78.0,financial research,4,strong,IMPROVE_EXISTING_PAGE,"add a direct, source-backed answer and contextual product CTA",1,2,14.12
mirion technologies revenue,revenue,OBSERVED_GSC,https://www.stockportfolio.pro/stocks/MIR,0.0,1.0,0.0,47.0,impression-bearing,0.0,1.0,0.0,47.0,financial research,4,strong,IMPROVE_TEMPLATE,"stock metric template: add period, source, chart and related metric links",1,2,14.12
monday.com revenue,revenue,OBSERVED_GSC,https://www.stockportfolio.pro/stocks/MNDY,0.0,1.0,0.0,62.0,impression-bearing,0.0,1.0,0.0,62.0,financial research,4,strong,IMPROVE_TEMPLATE,"stock metric template: add period, source, chart and related metric links",1,2,14.12
mpt earnings,earnings/profit,OBSERVED_GSC,https://www.stockportfolio.pro/stocks/MPT,0.0,1.0,0.0,41.0,impression-bearing,0.0,1.0,0.0,41.0,financial research,4,strong,IMPROVE_TEMPLATE,"stock metric template: add period, source, chart and related metric links",1,2,14.12
msft free cash flow,cash flow,OBSERVED_GSC,https://www.stockportfolio.pro/stocks/MSFT,0.0,1.0,0.0,78.0,impression-bearing,0.0,1.0,0.0,78.0,financial research,4,strong,IMPROVE_TEMPLATE,"stock metric template: add period, source, chart and related metric links",1,2,14.12
msft net profit margin,earnings/profit,OBSERVED_GSC,https://www.stockportfolio.pro/stocks/MSFT,0.0,1.0,0.0,83.0,impression-bearing,0.0,1.0,0.0,83.0,financial research,4,strong,IMPROVE_TEMPLATE,"stock metric template: add period, source, chart and related metric links",1,2,14.12
murphy usa revenue,revenue,OBSERVED_GSC,https://www.stockportfolio.pro/stocks/MUSA,0.0,1.0,0.0,53.0,impression-bearing,0.0,1.0,0.0,53.0,financial research,4,strong,IMPROVE_TEMPLATE,"stock metric template: add period, source, chart and related metric links",1,2,14.12
n-able revenue,revenue,OBSERVED_GSC,https://www.stockportfolio.pro/stocks/NABL,0.0,1.0,0.0,52.0,impression-bearing,0.0,1.0,0.0,52.0,financial research,4,strong,IMPROVE_TEMPLATE,"stock metric template: add period, source, chart and related metric links",1,2,14.12
nasdaq good financials,other,OBSERVED_GSC,https://www.stockportfolio.pro/stocks/GOOD,0.0,1.0,0.0,60.0,impression-bearing,0.0,1.0,0.0,60.0,financial research,4,strong,IMPROVE_EXISTING_PAGE,"add a direct, source-backed answer and contextual product CTA",1,2,14.12
nasdaq owls,other,OBSERVED_GSC,https://www.stockportfolio.pro/stocks/OWLS,0.0,1.0,0.0,80.0,impression-bearing,0.0,1.0,0.0,80.0,financial research,4,strong,IMPROVE_EXISTING_PAGE,"add a direct, source-backed answer and contextual product CTA",1,2,14.12
national vision revenue,revenue,OBSERVED_GSC,https://www.stockportfolio.pro/stocks/EYE,0.0,1.0,0.0,44.0,impression-bearing,0.0,1.0,0.0,44.0,financial research,4,strong,IMPROVE_TEMPLATE,"stock metric template: add period, source, chart and related metric links",1,2,14.12
neogen revenue,revenue,OBSERVED_GSC,https://www.stockportfolio.pro/stocks/NEOG,0.0,1.0,0.0,58.0,impression-bearing,0.0,1.0,0.0,58.0,financial research,4,strong,IMPROVE_TEMPLATE,"stock metric template: add period, source, chart and related metric links",1,2,14.12
net income of google,earnings/profit,OBSERVED_GSC,https://www.stockportfolio.pro/stocks/GOOGL,0.0,1.0,0.0,52.0,impression-bearing,0.0,1.0,0.0,52.0,financial research,4,strong,IMPROVE_TEMPLATE,"stock metric template: add period, source, chart and related metric links",1,2,14.12
nvda aapl,other,OBSERVED_GSC,https://www.stockportfolio.pro/compare/AAPL-vs-NVDA,0.0,1.0,0.0,47.0,impression-bearing,0.0,1.0,0.0,47.0,financial research,4,strong,IMPROVE_EXISTING_PAGE,"comparison template: expose metric evidence, filing period and CTA",1,2,14.12
prudential table ratings,other,OBSERVED_GSC,https://www.stockportfolio.pro/compare/PRU-vs-PYPL,0.0,1.0,0.0,72.0,impression-bearing,0.0,1.0,0.0,72.0,financial research,4,strong,IMPROVE_EXISTING_PAGE,"comparison template: expose metric evidence, filing period and CTA",1,2,14.12
ps public storage,other,OBSERVED_GSC,https://www.stockportfolio.pro/stocks/PSA-PS,0.0,1.0,0.0,35.0,impression-bearing,0.0,1.0,0.0,35.0,financial research,4,strong,IMPROVE_EXISTING_PAGE,"add a direct, source-backed answer and contextual product CTA",1,2,14.12
psa public storage stock,other,OBSERVED_GSC,https://www.stockportfolio.pro/stocks/PSA-PS,0.0,1.0,0.0,75.0,impression-bearing,0.0,1.0,0.0,75.0,financial research,4,strong,IMPROVE_EXISTING_PAGE,"add a direct, source-backed answer and contextual product CTA",1,2,14.12
public storage reit,other,OBSERVED_GSC,https://www.stockportfolio.pro/stocks/PSA-PS,0.0,1.0,0.0,85.0,impression-bearing,0.0,1.0,0.0,85.0,financial research,4,strong,IMPROVE_EXISTING_PAGE,"add a direct, source-backed answer and contextual product CTA",1,2,14.12
pursuit attractions and hospitality stock,other,OBSERVED_GSC,https://www.stockportfolio.pro/stocks/PRSU,0.0,1.0,0.0,67.0,impression-bearing,0.0,1.0,0.0,67.0,financial research,4,strong,IMPROVE_EXISTING_PAGE,"add a direct, source-backed answer and contextual product CTA",1,2,14.12
qsr stocks,other,OBSERVED_GSC,https://www.stockportfolio.pro/stocks/QSR,0.0,1.0,0.0,90.0,impression-bearing,0.0,1.0,0.0,90.0,financial research,4,strong,IMPROVE_EXISTING_PAGE,"add a direct, source-backed answer and contextual product CTA",1,2,14.12
quickest growing stocks,other,OBSERVED_GSC,https://www.stockportfolio.pro/screens/high-growth-stocks,0.0,1.0,0.0,47.0,impression-bearing,0.0,1.0,0.0,47.0,financial research,4,review,IMPROVE_EXISTING_PAGE,"add a direct, source-backed answer and contextual product CTA",1,2,14.12
regn,other,OBSERVED_GSC,https://www.stockportfolio.pro/company?symbol=REGN,0.0,1.0,0.0,78.0,impression-bearing,0.0,1.0,0.0,78.0,financial research,4,review,IMPROVE_EXISTING_PAGE,"add a direct, source-backed answer and contextual product CTA",1,2,14.12
rithm,other,OBSERVED_GSC,https://www.stockportfolio.pro/stocks/RITM-PB,0.0,1.0,0.0,78.0,impression-bearing,0.0,4.0,0.0,64.0,financial research,4,strong,IMPROVE_EXISTING_PAGE,"add a direct, source-backed answer and contextual product CTA",1,2,14.12
rithm capital corp.,other,OBSERVED_GSC,https://www.stockportfolio.pro/stocks/RITM-PB,0.0,1.0,0.0,75.0,impression-bearing,0.0,1.0,0.0,75.0,financial research,4,strong,IMPROVE_EXISTING_PAGE,"add a direct, source-backed answer and contextual product CTA",1,2,14.12
rithm mortgage,other,OBSERVED_GSC,https://www.stockportfolio.pro/stocks/RITM,0.0,1.0,0.0,49.0,impression-bearing,0.0,1.0,0.0,49.0,financial research,4,strong,IMPROVE_EXISTING_PAGE,"add a direct, source-backed answer and contextual product CTA",1,2,14.12
rithm reit,other,OBSERVED_GSC,https://www.stockportfolio.pro/stocks/RITM,0.0,1.0,0.0,47.0,impression-bearing,0.0,1.0,0.0,47.0,financial research,4,strong,IMPROVE_EXISTING_PAGE,"add a direct, source-backed answer and contextual product CTA",1,2,14.12
royce value trust inc,other,OBSERVED_GSC,https://www.stockportfolio.pro/stocks/RVT,0.0,1.0,0.0,65.0,impression-bearing,0.0,1.0,0.0,65.0,financial research,4,strong,IMPROVE_EXISTING_PAGE,"add a direct, source-backed answer and contextual product CTA",1,2,14.12
rpc energy,other,OBSERVED_GSC,https://www.stockportfolio.pro/stocks/RES,0.0,1.0,0.0,40.0,impression-bearing,0.0,1.0,0.0,40.0,financial research,4,strong,IMPROVE_EXISTING_PAGE,"add a direct, source-backed answer and contextual product CTA",1,2,14.12
rpc energy services,other,OBSERVED_GSC,https://www.stockportfolio.pro/stocks/RES,0.0,1.0,0.0,40.0,impression-bearing,0.0,1.0,0.0,40.0,financial research,4,strong,IMPROVE_EXISTING_PAGE,"add a direct, source-backed answer and contextual product CTA",1,2,14.12
rpc inc,other,OBSERVED_GSC,https://www.stockportfolio.pro/stocks/RES,0.0,1.0,0.0,47.0,impression-bearing,0.0,1.0,0.0,47.0,financial research,4,strong,IMPROVE_EXISTING_PAGE,"add a direct, source-backed answer and contextual product CTA",1,2,14.12
rpc inc stock,other,OBSERVED_GSC,https://www.stockportfolio.pro/stocks/RES,0.0,1.0,0.0,38.0,impression-bearing,0.0,1.0,0.0,38.0,financial research,4,strong,IMPROVE_EXISTING_PAGE,"add a direct, source-backed answer and contextual product CTA",1,2,14.12
rpc stock,other,OBSERVED_GSC,https://www.stockportfolio.pro/stocks/RES,0.0,1.0,0.0,56.0,impression-bearing,0.0,1.0,0.0,56.0,financial research,4,strong,IMPROVE_EXISTING_PAGE,"add a direct, source-backed answer and contextual product CTA",1,2,14.12
safe bulkers stock,other,OBSERVED_GSC,https://www.stockportfolio.pro/stocks/SB,0.0,1.0,0.0,71.0,impression-bearing,0.0,1.0,0.0,71.0,financial research,4,strong,IMPROVE_EXISTING_PAGE,"add a direct, source-backed answer and contextual product CTA",1,2,14.12
safeway profits,other,OBSERVED_GSC,https://www.stockportfolio.pro/stocks/ACI,0.0,1.0,0.0,49.0,impression-bearing,0.0,1.0,0.0,49.0,financial research,4,strong,IMPROVE_EXISTING_PAGE,"add a direct, source-backed answer and contextual product CTA",1,2,14.12
se stock,other,OBSERVED_GSC,https://www.stockportfolio.pro/stocks/SE,0.0,1.0,0.0,83.0,impression-bearing,0.0,1.0,0.0,83.0,financial research,4,strong,IMPROVE_EXISTING_PAGE,"add a direct, source-backed answer and contextual product CTA",1,2,14.12
sea share price,other,OBSERVED_GSC,https://www.stockportfolio.pro/stocks/SE,0.0,1.0,0.0,88.0,impression-bearing,0.0,1.0,0.0,88.0,financial research,4,strong,IMPROVE_EXISTING_PAGE,"add a direct, source-backed answer and contextual product CTA",1,2,14.12
sea stock,other,OBSERVED_GSC,https://www.stockportfolio.pro/stocks/SE,0.0,1.0,0.0,77.0,impression-bearing,0.0,1.0,0.0,77.0,financial research,4,strong,IMPROVE_EXISTING_PAGE,"add a direct, source-backed answer and contextual product CTA",1,2,14.12
seagroup share price,other,OBSERVED_GSC,https://www.stockportfolio.pro/stocks/SE,0.0,1.0,0.0,77.0,impression-bearing,0.0,1.0,0.0,77.0,financial research,4,strong,IMPROVE_EXISTING_PAGE,"add a direct, source-backed answer and contextual product CTA",1,2,14.12
selective insurance revenue,revenue,OBSERVED_GSC,https://www.stockportfolio.pro/stocks/SIGI,0.0,1.0,0.0,50.0,impression-bearing,0.0,1.0,0.0,50.0,financial research,4,strong,IMPROVE_TEMPLATE,"stock metric template: add period, source, chart and related metric links",1,2,14.12
serv robotics stock,other,OBSERVED_GSC,https://www.stockportfolio.pro/stocks/SERV,0.0,1.0,0.0,96.0,impression-bearing,0.0,1.0,0.0,96.0,financial research,4,strong,IMPROVE_EXISTING_PAGE,"add a direct, source-backed answer and contextual product CTA",1,2,14.12
serve robotics stock,other,OBSERVED_GSC,https://www.stockportfolio.pro/stocks/SERV,0.0,1.0,0.0,83.0,impression-bearing,0.0,1.0,0.0,83.0,financial research,4,strong,IMPROVE_EXISTING_PAGE,"add a direct, source-backed answer and contextual product CTA",1,2,14.12
service robotics stock,other,OBSERVED_GSC,https://www.stockportfolio.pro/stocks/SERV,0.0,1.0,0.0,98.0,impression-bearing,0.0,1.0,0.0,98.0,financial research,4,strong,IMPROVE_EXISTING_PAGE,"add a direct, source-backed answer and contextual product CTA",1,2,14.12
shares below book value,other,OBSERVED_GSC,https://www.stockportfolio.pro/screens/stocks-below-book-value,0.0,1.0,0.0,47.0,impression-bearing,0.0,1.0,0.0,47.0,financial research,4,review,IMPROVE_EXISTING_PAGE,"add a direct, source-backed answer and contextual product CTA",1,2,14.12
sharesight pricing,other,OBSERVED_GSC,https://www.stockportfolio.pro/vs/sharesight,0.0,1.0,0.0,60.0,impression-bearing,0.0,1.0,0.0,60.0,financial research,4,review,IMPROVE_EXISTING_PAGE,"add a direct, source-backed answer and contextual product CTA",1,2,14.12
sherwin williams stocks,other,OBSERVED_GSC,https://www.stockportfolio.pro/stocks/SHW,0.0,1.0,0.0,69.0,impression-bearing,0.0,1.0,0.0,69.0,financial research,4,strong,IMPROVE_EXISTING_PAGE,"add a direct, source-backed answer and contextual product CTA",1,2,14.12
sherwin-williams net worth,other,OBSERVED_GSC,https://www.stockportfolio.pro/stocks/SHW,0.0,1.0,0.0,79.0,impression-bearing,0.0,1.0,0.0,79.0,financial research,4,strong,IMPROVE_EXISTING_PAGE,"add a direct, source-backed answer and contextual product CTA",1,2,14.12
sherwin-williams share price,other,OBSERVED_GSC,https://www.stockportfolio.pro/stocks/SHW,0.0,1.0,0.0,91.0,impression-bearing,0.0,1.0,0.0,91.0,financial research,4,strong,IMPROVE_EXISTING_PAGE,"add a direct, source-backed answer and contextual product CTA",1,2,14.12
simply wall st cost,other,OBSERVED_GSC,https://www.stockportfolio.pro/vs/simply-wall-st,0.0,1.0,0.0,44.0,impression-bearing,0.0,1.0,0.0,44.0,financial research,4,review,IMPROVE_EXISTING_PAGE,"add a direct, source-backed answer and contextual product CTA",1,2,14.12
simply wall street,other,OBSERVED_GSC,https://www.stockportfolio.pro/vs/simply-wall-st,0.0,1.0,0.0,42.0,impression-bearing,0.0,1.0,0.0,42.0,financial research,4,review,IMPROVE_EXISTING_PAGE,"add a direct, source-backed answer and contextual product CTA",1,2,14.12
simply wall street cost,other,OBSERVED_GSC,https://www.stockportfolio.pro/vs/simply-wall-st,0.0,1.0,0.0,46.0,impression-bearing,0.0,1.0,0.0,46.0,financial research,4,review,IMPROVE_EXISTING_PAGE,"add a direct, source-backed answer and contextual product CTA",1,2,14.12
simply wall street pricing,other,OBSERVED_GSC,https://www.stockportfolio.pro/vs/simply-wall-st,0.0,1.0,0.0,48.0,impression-bearing,0.0,1.0,0.0,48.0,financial research,4,review,IMPROVE_EXISTING_PAGE,"add a direct, source-backed answer and contextual product CTA",1,2,14.12
site:stockportfolio.pro,other,OBSERVED_GSC,https://www.stockportfolio.pro/company.html?symbol=CHRW,0.0,1.0,0.0,35.0,impression-bearing,0.0,52.0,0.0,34.07692307692308,financial research,4,review,IMPROVE_EXISTING_PAGE,"add a direct, source-backed answer and contextual product CTA",1,2,14.12
site:stockportfolio.pro,other,OBSERVED_GSC,https://www.stockportfolio.pro/company?symbol=APGE,0.0,1.0,0.0,54.0,impression-bearing,0.0,52.0,0.0,34.07692307692308,financial research,4,review,IMPROVE_EXISTING_PAGE,"add a direct, source-backed answer and contextual product CTA",1,2,14.12
site:stockportfolio.pro,other,OBSERVED_GSC,https://www.stockportfolio.pro/company?symbol=AYI,0.0,1.0,0.0,56.0,impression-bearing,0.0,52.0,0.0,34.07692307692308,financial research,4,review,IMPROVE_EXISTING_PAGE,"add a direct, source-backed answer and contextual product CTA",1,2,14.12
site:stockportfolio.pro,other,OBSERVED_GSC,https://www.stockportfolio.pro/company?symbol=BR,0.0,1.0,0.0,61.0,impression-bearing,0.0,52.0,0.0,34.07692307692308,financial research,4,review,IMPROVE_EXISTING_PAGE,"add a direct, source-backed answer and contextual product CTA",1,2,14.12
site:stockportfolio.pro,other,OBSERVED_GSC,https://www.stockportfolio.pro/company?symbol=DIOD,0.0,1.0,0.0,65.0,impression-bearing,0.0,52.0,0.0,34.07692307692308,financial research,4,review,IMPROVE_EXISTING_PAGE,"add a direct, source-backed answer and contextual product CTA",1,2,14.12
site:stockportfolio.pro,other,OBSERVED_GSC,https://www.stockportfolio.pro/company?symbol=DPG,0.0,1.0,0.0,53.0,impression-bearing,0.0,52.0,0.0,34.07692307692308,financial research,4,review,IMPROVE_EXISTING_PAGE,"add a direct, source-backed answer and contextual product CTA",1,2,14.12
site:stockportfolio.pro,other,OBSERVED_GSC,https://www.stockportfolio.pro/company?symbol=EME,0.0,1.0,0.0,57.0,impression-bearing,0.0,52.0,0.0,34.07692307692308,financial research,4,review,IMPROVE_EXISTING_PAGE,"add a direct, source-backed answer and contextual product CTA",1,2,14.12
site:stockportfolio.pro,other,OBSERVED_GSC,https://www.stockportfolio.pro/company?symbol=ESAB,0.0,1.0,0.0,68.0,impression-bearing,0.0,52.0,0.0,34.07692307692308,financial research,4,review,IMPROVE_EXISTING_PAGE,"add a direct, source-backed answer and contextual product CTA",1,2,14.12
site:stockportfolio.pro,other,OBSERVED_GSC,https://www.stockportfolio.pro/company?symbol=ESNT,0.0,1.0,0.0,59.0,impression-bearing,0.0,52.0,0.0,34.07692307692308,financial research,4,review,IMPROVE_EXISTING_PAGE,"add a direct, source-backed answer and contextual product CTA",1,2,14.12
site:stockportfolio.pro,other,OBSERVED_GSC,https://www.stockportfolio.pro/company?symbol=GOLF,0.0,1.0,0.0,70.0,impression-bearing,0.0,52.0,0.0,34.07692307692308,financial research,4,review,IMPROVE_EXISTING_PAGE,"add a direct, source-backed answer and contextual product CTA",1,2,14.12
site:stockportfolio.pro,other,OBSERVED_GSC,https://www.stockportfolio.pro/company?symbol=HAE,0.0,1.0,0.0,49.0,impression-bearing,0.0,52.0,0.0,34.07692307692308,financial research,4,review,IMPROVE_EXISTING_PAGE,"add a direct, source-backed answer and contextual product CTA",1,2,14.12
site:stockportfolio.pro,other,OBSERVED_GSC,https://www.stockportfolio.pro/company?symbol=HL,0.0,1.0,0.0,52.0,impression-bearing,0.0,52.0,0.0,34.07692307692308,financial research,4,review,IMPROVE_EXISTING_PAGE,"add a direct, source-backed answer and contextual product CTA",1,2,14.12
site:stockportfolio.pro,other,OBSERVED_GSC,https://www.stockportfolio.pro/company?symbol=HR,0.0,1.0,0.0,67.0,impression-bearing,0.0,52.0,0.0,34.07692307692308,financial research,4,review,IMPROVE_EXISTING_PAGE,"add a direct, source-backed answer and contextual product CTA",1,2,14.12
site:stockportfolio.pro,other,OBSERVED_GSC,https://www.stockportfolio.pro/company?symbol=IONS,0.0,1.0,0.0,54.0,impression-bearing,0.0,52.0,0.0,34.07692307692308,financial research,4,review,IMPROVE_EXISTING_PAGE,"add a direct, source-backed answer and contextual product CTA",1,2,14.12
site:stockportfolio.pro,other,OBSERVED_GSC,https://www.stockportfolio.pro/company?symbol=KALU,0.0,1.0,0.0,62.0,impression-bearing,0.0,52.0,0.0,34.07692307692308,financial research,4,review,IMPROVE_EXISTING_PAGE,"add a direct, source-backed answer and contextual product CTA",1,2,14.12
site:stockportfolio.pro,other,OBSERVED_GSC,https://www.stockportfolio.pro/company?symbol=MSGS,0.0,1.0,0.0,45.0,impression-bearing,0.0,52.0,0.0,34.07692307692308,financial research,4,review,IMPROVE_EXISTING_PAGE,"add a direct, source-backed answer and contextual product CTA",1,2,14.12
site:stockportfolio.pro,other,OBSERVED_GSC,https://www.stockportfolio.pro/company?symbol=MTZ,0.0,1.0,0.0,60.0,impression-bearing,0.0,52.0,0.0,34.07692307692308,financial research,4,review,IMPROVE_EXISTING_PAGE,"add a direct, source-backed answer and contextual product CTA",1,2,14.12
site:stockportfolio.pro,other,OBSERVED_GSC,https://www.stockportfolio.pro/company?symbol=MU,0.0,1.0,0.0,42.0,impression-bearing,0.0,52.0,0.0,34.07692307692308,financial research,4,review,IMPROVE_EXISTING_PAGE,"add a direct, source-backed answer and contextual product CTA",1,2,14.12
site:stockportfolio.pro,other,OBSERVED_GSC,https://www.stockportfolio.pro/company?symbol=QDEL,0.0,1.0,0.0,55.0,impression-bearing,0.0,52.0,0.0,34.07692307692308,financial research,4,review,IMPROVE_EXISTING_PAGE,"add a direct, source-backed answer and contextual product CTA",1,2,14.12
site:stockportfolio.pro,other,OBSERVED_GSC,https://www.stockportfolio.pro/company?symbol=QUBT,0.0,1.0,0.0,55.0,impression-bearing,0.0,52.0,0.0,34.07692307692308,financial research,4,review,IMPROVE_EXISTING_PAGE,"add a direct, source-backed answer and contextual product CTA",1,2,14.12
site:stockportfolio.pro,other,OBSERVED_GSC,https://www.stockportfolio.pro/company?symbol=STEL,0.0,1.0,0.0,64.0,impression-bearing,0.0,52.0,0.0,34.07692307692308,financial research,4,review,IMPROVE_EXISTING_PAGE,"add a direct, source-backed answer and contextual product CTA",1,2,14.12
site:stockportfolio.pro,other,OBSERVED_GSC,https://www.stockportfolio.pro/company?symbol=TMUS,0.0,1.0,0.0,53.0,impression-bearing,0.0,52.0,0.0,34.07692307692308,financial research,4,review,IMPROVE_EXISTING_PAGE,"add a direct, source-backed answer and contextual product CTA",1,2,14.12
site:stockportfolio.pro,other,OBSERVED_GSC,https://www.stockportfolio.pro/company?symbol=UMBF,0.0,1.0,0.0,36.0,impression-bearing,0.0,52.0,0.0,34.07692307692308,financial research,4,review,IMPROVE_EXISTING_PAGE,"add a direct, source-backed answer and contextual product CTA",1,2,14.12
site:stockportfolio.pro,other,OBSERVED_GSC,https://www.stockportfolio.pro/company?symbol=VSH,0.0,1.0,0.0,57.0,impression-bearing,0.0,52.0,0.0,34.07692307692308,financial research,4,review,IMPROVE_EXISTING_PAGE,"add a direct, source-backed answer and contextual product CTA",1,2,14.12
site:stockportfolio.pro,other,OBSERVED_GSC,https://www.stockportfolio.pro/company?symbol=WTRG,0.0,1.0,0.0,58.0,impression-bearing,0.0,52.0,0.0,34.07692307692308,financial research,4,review,IMPROVE_EXISTING_PAGE,"add a direct, source-backed answer and contextual product CTA",1,2,14.12
site:stockportfolio.pro,other,OBSERVED_GSC,https://www.stockportfolio.pro/compare/AAL-vs-ACM,0.0,1.0,0.0,62.0,impression-bearing,0.0,52.0,0.0,34.07692307692308,financial research,4,strong,IMPROVE_EXISTING_PAGE,"comparison template: expose metric evidence, filing period and CTA",1,2,14.12
site:stockportfolio.pro,other,OBSERVED_GSC,https://www.stockportfolio.pro/compare/AAMI-vs-FBK,0.0,1.0,0.0,86.0,impression-bearing,0.0,52.0,0.0,34.07692307692308,financial research,4,strong,IMPROVE_EXISTING_PAGE,"comparison template: expose metric evidence, filing period and CTA",1,2,14.12
site:stockportfolio.pro,other,OBSERVED_GSC,https://www.stockportfolio.pro/compare/ABBV-vs-INCY,0.0,1.0,0.0,70.0,impression-bearing,0.0,52.0,0.0,34.07692307692308,financial research,4,strong,IMPROVE_EXISTING_PAGE,"comparison template: expose metric evidence, filing period and CTA",1,2,14.12
site:stockportfolio.pro,other,OBSERVED_GSC,https://www.stockportfolio.pro/compare/ABNB-vs-H,0.0,1.0,0.0,88.0,impression-bearing,0.0,52.0,0.0,34.07692307692308,financial research,4,strong,IMPROVE_EXISTING_PAGE,"comparison template: expose metric evidence, filing period and CTA",1,2,14.12
site:stockportfolio.pro,other,OBSERVED_GSC,https://www.stockportfolio.pro/compare/ABR-vs-SVC,0.0,1.0,0.0,82.0,impression-bearing,0.0,52.0,0.0,34.07692307692308,financial research,4,strong,IMPROVE_EXISTING_PAGE,"comparison template: expose metric evidence, filing period and CTA",1,2,14.12
site:stockportfolio.pro,other,OBSERVED_GSC,https://www.stockportfolio.pro/compare/ACHV-vs-CTMX,0.0,1.0,0.0,41.0,impression-bearing,0.0,52.0,0.0,34.07692307692308,financial research,4,strong,IMPROVE_EXISTING_PAGE,"comparison template: expose metric evidence, filing period and CTA",1,2,14.12
site:stockportfolio.pro,other,OBSERVED_GSC,https://www.stockportfolio.pro/compare/ACI-vs-SFD,0.0,1.0,0.0,77.0,impression-bearing,0.0,52.0,0.0,34.07692307692308,financial research,4,strong,IMPROVE_EXISTING_PAGE,"comparison template: expose metric evidence, filing period and CTA",1,2,14.12
site:stockportfolio.pro,other,OBSERVED_GSC,https://www.stockportfolio.pro/compare/ACM-vs-BR,0.0,1.0,0.0,36.0,impression-bearing,0.0,52.0,0.0,34.07692307692308,financial research,4,strong,IMPROVE_EXISTING_PAGE,"comparison template: expose metric evidence, filing period and CTA",1,2,14.12
site:stockportfolio.pro,other,OBSERVED_GSC,https://www.stockportfolio.pro/compare/ACN-vs-COHR,0.0,1.0,0.0,38.0,impression-bearing,0.0,52.0,0.0,34.07692307692308,financial research,4,strong,IMPROVE_EXISTING_PAGE,"comparison template: expose metric evidence, filing period and CTA",1,2,14.12
site:stockportfolio.pro,other,OBSERVED_GSC,https://www.stockportfolio.pro/compare/ACN-vs-IPGP,0.0,1.0,0.0,92.0,impression-bearing,0.0,52.0,0.0,34.07692307692308,financial research,4,strong,IMPROVE_EXISTING_PAGE,"comparison template: expose metric evidence, filing period and CTA",1,2,14.12
site:stockportfolio.pro,other,OBSERVED_GSC,https://www.stockportfolio.pro/compare/ACNB-vs-STEL,0.0,1.0,0.0,46.0,impression-bearing,0.0,52.0,0.0,34.07692307692308,financial research,4,strong,IMPROVE_EXISTING_PAGE,"comparison template: expose metric evidence, filing period and CTA",1,2,14.12
site:stockportfolio.pro,other,OBSERVED_GSC,https://www.stockportfolio.pro/compare/ADBE-vs-INTU,0.0,1.0,0.0,90.0,impression-bearing,0.0,52.0,0.0,34.07692307692308,financial research,4,strong,IMPROVE_EXISTING_PAGE,"comparison template: expose metric evidence, filing period and CTA",1,2,14.12
site:stockportfolio.pro,other,OBSERVED_GSC,https://www.stockportfolio.pro/compare/ADC-vs-BRX,0.0,1.0,0.0,69.0,impression-bearing,0.0,52.0,0.0,34.07692307692308,financial research,4,strong,IMPROVE_EXISTING_PAGE,"comparison template: expose metric evidence, filing period and CTA",1,2,14.12
site:stockportfolio.pro,other,OBSERVED_GSC,https://www.stockportfolio.pro/compare/ADP-vs-LZ,0.0,1.0,0.0,66.0,impression-bearing,0.0,52.0,0.0,34.07692307692308,financial research,4,strong,IMPROVE_EXISTING_PAGE,"comparison template: expose metric evidence, filing period and CTA",1,2,14.12
site:stockportfolio.pro,other,OBSERVED_GSC,https://www.stockportfolio.pro/compare/ADSK-vs-MSFT,0.0,1.0,0.0,89.0,impression-bearing,0.0,52.0,0.0,34.07692307692308,financial research,4,strong,IMPROVE_EXISTING_PAGE,"comparison template: expose metric evidence, filing period and CTA",1,2,14.12
site:stockportfolio.pro,other,OBSERVED_GSC,https://www.stockportfolio.pro/compare/ADV-vs-NRDS,0.0,1.0,0.0,68.0,impression-bearing,0.0,52.0,0.0,34.07692307692308,financial research,4,strong,IMPROVE_EXISTING_PAGE,"comparison template: expose metric evidence, filing period and CTA",1,2,14.12
site:stockportfolio.pro,other,OBSERVED_GSC,https://www.stockportfolio.pro/compare/AFRM-vs-TW,0.0,1.0,0.0,39.0,impression-bearing,0.0,52.0,0.0,34.07692307692308,financial research,4,strong,IMPROVE_EXISTING_PAGE,"comparison template: expose metric evidence, filing period and CTA",1,2,14.12
site:stockportfolio.pro,other,OBSERVED_GSC,https://www.stockportfolio.pro/compare/AIZ-vs-ECPG,0.0,1.0,0.0,75.0,impression-bearing,0.0,52.0,0.0,34.07692307692308,financial research,4,strong,IMPROVE_EXISTING_PAGE,"comparison template: expose metric evidence, filing period and CTA",1,2,14.12
site:stockportfolio.pro,other,OBSERVED_GSC,https://www.stockportfolio.pro/compare/AIZ-vs-ICE,0.0,1.0,0.0,94.0,impression-bearing,0.0,52.0,0.0,34.07692307692308,financial research,4,strong,IMPROVE_EXISTING_PAGE,"comparison template: expose metric evidence, filing period and CTA",1,2,14.12
site:stockportfolio.pro,other,OBSERVED_GSC,https://www.stockportfolio.pro/compare/AJG-vs-TFC,0.0,1.0,0.0,81.0,impression-bearing,0.0,52.0,0.0,34.07692307692308,financial research,4,strong,IMPROVE_EXISTING_PAGE,"comparison template: expose metric evidence, filing period and CTA",1,2,14.12
site:stockportfolio.pro,other,OBSERVED_GSC,https://www.stockportfolio.pro/compare/ALGN-vs-JNJ,0.0,1.0,0.0,40.0,impression-bearing,0.0,52.0,0.0,34.07692307692308,financial research,4,strong,IMPROVE_EXISTING_PAGE,"comparison template: expose metric evidence, filing period and CTA",1,2,14.12
site:stockportfolio.pro,other,OBSERVED_GSC,https://www.stockportfolio.pro/compare/ALLE-vs-CR,0.0,1.0,0.0,41.0,impression-bearing,0.0,52.0,0.0,34.07692307692308,financial research,4,strong,IMPROVE_EXISTING_PAGE,"comparison template: expose metric evidence, filing period and CTA",1,2,14.12
site:stockportfolio.pro,other,OBSERVED_GSC,https://www.stockportfolio.pro/compare/ALLE-vs-GEV,0.0,1.0,0.0,97.0,impression-bearing,0.0,52.0,0.0,34.07692307692308,financial research,4,strong,IMPROVE_EXISTING_PAGE,"comparison template: expose metric evidence, filing period and CTA",1,2,14.12
site:stockportfolio.pro,other,OBSERVED_GSC,https://www.stockportfolio.pro/compare/ALMS-vs-GRAL,0.0,1.0,0.0,99.0,impression-bearing,0.0,52.0,0.0,34.07692307692308,financial research,4,strong,IMPROVE_EXISTING_PAGE,"comparison template: expose metric evidence, filing period and CTA",1,2,14.12
site:stockportfolio.pro,other,OBSERVED_GSC,https://www.stockportfolio.pro/compare/ALX-vs-BFS,0.0,1.0,0.0,37.0,impression-bearing,0.0,52.0,0.0,34.07692307692308,financial research,4,strong,IMPROVE_EXISTING_PAGE,"comparison template: expose metric evidence, filing period and CTA",1,2,14.12
site:stockportfolio.pro,other,OBSERVED_GSC,https://www.stockportfolio.pro/compare/AMBP-vs-BKE,0.0,1.0,0.0,80.0,impression-bearing,0.0,52.0,0.0,34.07692307692308,financial research,4,strong,IMPROVE_EXISTING_PAGE,"comparison template: expose metric evidence, filing period and CTA",1,2,14.12
site:stockportfolio.pro,other,OBSERVED_GSC,https://www.stockportfolio.pro/compare/AME-vs-HII,0.0,1.0,0.0,32.0,impression-bearing,0.0,52.0,0.0,34.07692307692308,financial research,4,strong,IMPROVE_EXISTING_PAGE,"comparison template: expose metric evidence, filing period and CTA",1,2,14.12
site:stockportfolio.pro,other,OBSERVED_GSC,https://www.stockportfolio.pro/compare/AMGN-vs-BIO,0.0,1.0,0.0,93.0,impression-bearing,0.0,52.0,0.0,34.07692307692308,financial research,4,strong,IMPROVE_EXISTING_PAGE,"comparison template: expose metric evidence, filing period and CTA",1,2,14.12
site:stockportfolio.pro,other,OBSERVED_GSC,https://www.stockportfolio.pro/compare/AMP-vs-ERIE,0.0,1.0,0.0,56.0,impression-bearing,0.0,52.0,0.0,34.07692307692308,financial research,4,strong,IMPROVE_EXISTING_PAGE,"comparison template: expose metric evidence, filing period and CTA",1,2,14.12
site:stockportfolio.pro,other,OBSERVED_GSC,https://www.stockportfolio.pro/compare/AMP-vs-TWO,0.0,1.0,0.0,99.0,impression-bearing,0.0,52.0,0.0,34.07692307692308,financial research,4,strong,IMPROVE_EXISTING_PAGE,"comparison template: expose metric evidence, filing period and CTA",1,2,14.12
site:stockportfolio.pro,other,OBSERVED_GSC,https://www.stockportfolio.pro/compare/AMRX-vs-HNGE,0.0,1.0,0.0,49.0,impression-bearing,0.0,52.0,0.0,34.07692307692308,financial research,4,strong,IMPROVE_EXISTING_PAGE,"comparison template: expose metric evidence, filing period and CTA",1,2,14.12
site:stockportfolio.pro,other,OBSERVED_GSC,https://www.stockportfolio.pro/compare/AMSC-vs-RCAT,0.0,1.0,0.0,94.0,impression-bearing,0.0,52.0,0.0,34.07692307692308,financial research,4,strong,IMPROVE_EXISTING_PAGE,"comparison template: expose metric evidence, filing period and CTA",1,2,14.12
site:stockportfolio.pro,other,OBSERVED_GSC,https://www.stockportfolio.pro/compare/APLD-vs-CACI,0.0,1.0,0.0,63.0,impression-bearing,0.0,52.0,0.0,34.07692307692308,financial research,4,strong,IMPROVE_EXISTING_PAGE,"comparison template: expose metric evidence, filing period and CTA",1,2,14.12
site:stockportfolio.pro,other,OBSERVED_GSC,https://www.stockportfolio.pro/compare/ARDT-vs-MPLT,0.0,1.0,0.0,71.0,impression-bearing,0.0,52.0,0.0,34.07692307692308,financial research,4,strong,IMPROVE_EXISTING_PAGE,"comparison template: expose metric evidence, filing period and CTA",1,2,14.12
site:stockportfolio.pro,other,OBSERVED_GSC,https://www.stockportfolio.pro/compare/ARLO-vs-HLMN,0.0,1.0,0.0,48.0,impression-bearing,0.0,52.0,0.0,34.07692307692308,financial research,4,strong,IMPROVE_EXISTING_PAGE,"comparison template: expose metric evidence, filing period and CTA",1,2,14.12
site:stockportfolio.pro,other,OBSERVED_GSC,https://www.stockportfolio.pro/compare/ATEN-vs-BRZE,0.0,1.0,0.0,34.0,impression-bearing,0.0,52.0,0.0,34.07692307692308,financial research,4,strong,IMPROVE_EXISTING_PAGE,"comparison template: expose metric evidence, filing period and CTA",1,2,14.12
site:stockportfolio.pro,other,OBSERVED_GSC,https://www.stockportfolio.pro/compare/AVA-vs-NWE,0.0,1.0,0.0,53.0,impression-bearing,0.0,52.0,0.0,34.07692307692308,financial research,4,strong,IMPROVE_EXISTING_PAGE,"comparison template: expose metric evidence, filing period and CTA",1,2,14.12
site:stockportfolio.pro,other,OBSERVED_GSC,https://www.stockportfolio.pro/compare/AVNS-vs-URGN,0.0,1.0,0.0,43.0,impression-bearing,0.0,52.0,0.0,34.07692307692308,financial research,4,strong,IMPROVE_EXISTING_PAGE,"comparison template: expose metric evidence, filing period and CTA",1,2,14.12
site:stockportfolio.pro,other,OBSERVED_GSC,https://www.stockportfolio.pro/compare/AVY-vs-STLD,0.0,1.0,0.0,96.0,impression-bearing,0.0,52.0,0.0,34.07692307692308,financial research,4,strong,IMPROVE_EXISTING_PAGE,"comparison template: expose metric evidence, filing period and CTA",1,2,14.12
site:stockportfolio.pro,other,OBSERVED_GSC,https://www.stockportfolio.pro/compare/AWK-vs-XEL,0.0,1.0,0.0,85.0,impression-bearing,0.0,52.0,0.0,34.07692307692308,financial research,4,strong,IMPROVE_EXISTING_PAGE,"comparison template: expose metric evidence, filing period and CTA",1,2,14.12
site:stockportfolio.pro,other,OBSERVED_GSC,https://www.stockportfolio.pro/compare/AWR-vs-NWE,0.0,1.0,0.0,78.0,impression-bearing,0.0,52.0,0.0,34.07692307692308,financial research,4,strong,IMPROVE_EXISTING_PAGE,"comparison template: expose metric evidence, filing period and CTA",1,2,14.12
site:stockportfolio.pro,other,OBSERVED_GSC,https://www.stockportfolio.pro/compare/AXON-vs-HII,0.0,1.0,0.0,39.0,impression-bearing,0.0,52.0,0.0,34.07692307692308,financial research,4,strong,IMPROVE_EXISTING_PAGE,"comparison template: expose metric evidence, filing period and CTA",1,2,14.12
site:stockportfolio.pro,other,OBSERVED_GSC,https://www.stockportfolio.pro/compare/BA-vs-JBHT,0.0,1.0,0.0,69.0,impression-bearing,0.0,52.0,0.0,34.07692307692308,financial research,4,strong,IMPROVE_EXISTING_PAGE,"comparison template: expose metric evidence, filing period and CTA",1,2,14.12
site:stockportfolio.pro,other,OBSERVED_GSC,https://www.stockportfolio.pro/compare/BEP-vs-PPL,0.0,1.0,0.0,67.0,impression-bearing,0.0,52.0,0.0,34.07692307692308,financial research,4,strong,IMPROVE_EXISTING_PAGE,"comparison template: expose metric evidence, filing period and CTA",1,2,14.12
site:stockportfolio.pro,other,OBSERVED_GSC,https://www.stockportfolio.pro/compare/BFLY-vs-VIR,0.0,1.0,0.0,35.0,impression-bearing,0.0,52.0,0.0,34.07692307692308,financial research,4,strong,IMPROVE_EXISTING_PAGE,"comparison template: expose metric evidence, filing period and CTA",1,2,14.12
site:stockportfolio.pro,other,OBSERVED_GSC,https://www.stockportfolio.pro/compare/BGY-vs-VCV,0.0,1.0,0.0,83.0,impression-bearing,0.0,52.0,0.0,34.07692307692308,financial research,4,strong,IMPROVE_EXISTING_PAGE,"comparison template: expose metric evidence, filing period and CTA",1,2,14.12
site:stockportfolio.pro,other,OBSERVED_GSC,https://www.stockportfolio.pro/compare/BKNG-vs-DFH,0.0,1.0,0.0,98.0,impression-bearing,0.0,52.0,0.0,34.07692307692308,financial research,4,strong,IMPROVE_EXISTING_PAGE,"comparison template: expose metric evidence, filing period and CTA",1,2,14.12
site:stockportfolio.pro,other,OBSERVED_GSC,https://www.stockportfolio.pro/compare/BLFS-vs-HROW,0.0,1.0,0.0,31.0,impression-bearing,0.0,52.0,0.0,34.07692307692308,financial research,4,strong,IMPROVE_EXISTING_PAGE,"comparison template: expose metric evidence, filing period and CTA",1,2,14.12
site:stockportfolio.pro,other,OBSERVED_GSC,https://www.stockportfolio.pro/compare/BLSH-vs-VECO,0.0,1.0,0.0,74.0,impression-bearing,0.0,52.0,0.0,34.07692307692308,financial research,4,strong,IMPROVE_EXISTING_PAGE,"comparison template: expose metric evidence, filing period and CTA",1,2,14.12
site:stockportfolio.pro,other,OBSERVED_GSC,https://www.stockportfolio.pro/compare/BMNR-vs-WAL,0.0,1.0,0.0,73.0,impression-bearing,0.0,52.0,0.0,34.07692307692308,financial research,4,strong,IMPROVE_EXISTING_PAGE,"comparison template: expose metric evidence, filing period and CTA",1,2,14.12
site:stockportfolio.pro,other,OBSERVED_GSC,https://www.stockportfolio.pro/compare/BMRC-vs-HMN,0.0,1.0,0.0,68.0,impression-bearing,0.0,52.0,0.0,34.07692307692308,financial research,4,strong,IMPROVE_EXISTING_PAGE,"comparison template: expose metric evidence, filing period and CTA",1,2,14.12
site:stockportfolio.pro,other,OBSERVED_GSC,https://www.stockportfolio.pro/compare/BVS-vs-TRAX,0.0,1.0,0.0,98.0,impression-bearing,0.0,52.0,0.0,34.07692307692308,financial research,4,strong,IMPROVE_EXISTING_PAGE,"comparison template: expose metric evidence, filing period and CTA",1,2,14.12
site:stockportfolio.pro,other,OBSERVED_GSC,https://www.stockportfolio.pro/compare/BWXT-vs-FPS,0.0,1.0,0.0,95.0,impression-bearing,0.0,52.0,0.0,34.07692307692308,financial research,4,strong,IMPROVE_EXISTING_PAGE,"comparison template: expose metric evidence, filing period and CTA",1,2,14.12
site:stockportfolio.pro,other,OBSERVED_GSC,https://www.stockportfolio.pro/compare/BXP-vs-CPT,0.0,1.0,0.0,88.0,impression-bearing,0.0,52.0,0.0,34.07692307692308,financial research,4,strong,IMPROVE_EXISTING_PAGE,"comparison template: expose metric evidence, filing period and CTA",1,2,14.12
site:stockportfolio.pro,other,OBSERVED_GSC,https://www.stockportfolio.pro/compare/CCL-vs-PRSU,0.0,1.0,0.0,64.0,impression-bearing,0.0,52.0,0.0,34.07692307692308,financial research,4,strong,IMPROVE_EXISTING_PAGE,"comparison template: expose metric evidence, filing period and CTA",1,2,14.12
site:stockportfolio.pro,other,OBSERVED_GSC,https://www.stockportfolio.pro/compare/CENT-vs-TR,0.0,1.0,0.0,84.0,impression-bearing,0.0,52.0,0.0,34.07692307692308,financial research,4,strong,IMPROVE_EXISTING_PAGE,"comparison template: expose metric evidence, filing period and CTA",1,2,14.12
site:stockportfolio.pro,other,OBSERVED_GSC,https://www.stockportfolio.pro/compare/CG-vs-UNM,0.0,1.0,0.0,100.0,impression-bearing,0.0,52.0,0.0,34.07692307692308,financial research,4,strong,IMPROVE_EXISTING_PAGE,"comparison template: expose metric evidence, filing period and CTA",1,2,14.12
site:stockportfolio.pro,other,OBSERVED_GSC,https://www.stockportfolio.pro/compare/CLOV-vs-TMDX,0.0,1.0,0.0,87.0,impression-bearing,0.0,52.0,0.0,34.07692307692308,financial research,4,strong,IMPROVE_EXISTING_PAGE,"comparison template: expose metric evidence, filing period and CTA",1,2,14.12
site:stockportfolio.pro,other,OBSERVED_GSC,https://www.stockportfolio.pro/compare/CMCO-vs-ERII,0.0,1.0,0.0,90.0,impression-bearing,0.0,52.0,0.0,34.07692307692308,financial research,4,strong,IMPROVE_EXISTING_PAGE,"comparison template: expose metric evidence, filing period and CTA",1,2,14.12
site:stockportfolio.pro,other,OBSERVED_GSC,https://www.stockportfolio.pro/compare/CMG-vs-EBAY,0.0,1.0,0.0,43.0,impression-bearing,0.0,52.0,0.0,34.07692307692308,financial research,4,strong,IMPROVE_EXISTING_PAGE,"comparison template: expose metric evidence, filing period and CTA",1,2,14.12
site:stockportfolio.pro,other,OBSERVED_GSC,https://www.stockportfolio.pro/compare/CMP-vs-FMC,0.0,1.0,0.0,47.0,impression-bearing,0.0,52.0,0.0,34.07692307692308,financial research,4,strong,IMPROVE_EXISTING_PAGE,"comparison template: expose metric evidence, filing period and CTA",1,2,14.12
site:stockportfolio.pro,other,OBSERVED_GSC,https://www.stockportfolio.pro/compare/CNA-vs-GLXY,0.0,1.0,0.0,74.0,impression-bearing,0.0,52.0,0.0,34.07692307692308,financial research,4,strong,IMPROVE_EXISTING_PAGE,"comparison template: expose metric evidence, filing period and CTA",1,2,14.12
site:stockportfolio.pro,other,OBSERVED_GSC,https://www.stockportfolio.pro/compare/CNA-vs-HUT,0.0,1.0,0.0,71.0,impression-bearing,0.0,52.0,0.0,34.07692307692308,financial research,4,strong,IMPROVE_EXISTING_PAGE,"comparison template: expose metric evidence, filing period and CTA",1,2,14.12
site:stockportfolio.pro,other,OBSERVED_GSC,https://www.stockportfolio.pro/compare/COAG-vs-URGN,0.0,1.0,0.0,78.0,impression-bearing,0.0,52.0,0.0,34.07692307692308,financial research,4,strong,IMPROVE_EXISTING_PAGE,"comparison template: expose metric evidence, filing period and CTA",1,2,14.12
site:stockportfolio.pro,other,OBSERVED_GSC,https://www.stockportfolio.pro/compare/COLM-vs-VGNT,0.0,1.0,0.0,55.0,impression-bearing,0.0,52.0,0.0,34.07692307692308,financial research,4,strong,IMPROVE_EXISTING_PAGE,"comparison template: expose metric evidence, filing period and CTA",1,2,14.12
site:stockportfolio.pro,other,OBSERVED_GSC,https://www.stockportfolio.pro/compare/COP-vs-SOBO,0.0,1.0,0.0,34.0,impression-bearing,0.0,52.0,0.0,34.07692307692308,financial research,4,strong,IMPROVE_EXISTING_PAGE,"comparison template: expose metric evidence, filing period and CTA",1,2,14.12
site:stockportfolio.pro,other,OBSERVED_GSC,https://www.stockportfolio.pro/compare/CRL-vs-OSCR,0.0,1.0,0.0,72.0,impression-bearing,0.0,52.0,0.0,34.07692307692308,financial research,4,strong,IMPROVE_EXISTING_PAGE,"comparison template: expose metric evidence, filing period and CTA",1,2,14.12
site:stockportfolio.pro,other,OBSERVED_GSC,https://www.stockportfolio.pro/compare/CRWD-vs-WDC,0.0,1.0,0.0,83.0,impression-bearing,0.0,52.0,0.0,34.07692307692308,financial research,4,strong,IMPROVE_EXISTING_PAGE,"comparison template: expose metric evidence, filing period and CTA",1,2,14.12
site:stockportfolio.pro,other,OBSERVED_GSC,https://www.stockportfolio.pro/compare/CVBF-vs-UTG,0.0,1.0,0.0,80.0,impression-bearing,0.0,52.0,0.0,34.07692307692308,financial research,4,strong,IMPROVE_EXISTING_PAGE,"comparison template: expose metric evidence, filing period and CTA",1,2,14.12
site:stockportfolio.pro,other,OBSERVED_GSC,https://www.stockportfolio.pro/compare/CYRX-vs-KRNT,0.0,1.0,0.0,90.0,impression-bearing,0.0,52.0,0.0,34.07692307692308,financial research,4,strong,IMPROVE_EXISTING_PAGE,"comparison template: expose metric evidence, filing period and CTA",1,2,14.12
site:stockportfolio.pro,other,OBSERVED_GSC,https://www.stockportfolio.pro/compare/DDI-vs-RSVR,0.0,1.0,0.0,100.0,impression-bearing,0.0,52.0,0.0,34.07692307692308,financial research,4,strong,IMPROVE_EXISTING_PAGE,"comparison template: expose metric evidence, filing period and CTA",1,2,14.12
site:stockportfolio.pro,other,OBSERVED_GSC,https://www.stockportfolio.pro/compare/DIS-vs-PINS,0.0,1.0,0.0,84.0,impression-bearing,0.0,52.0,0.0,34.07692307692308,financial research,4,strong,IMPROVE_EXISTING_PAGE,"comparison template: expose metric evidence, filing period and CTA",1,2,14.12
site:stockportfolio.pro,other,OBSERVED_GSC,https://www.stockportfolio.pro/compare/DMLP-vs-NRP,0.0,1.0,0.0,47.0,impression-bearing,0.0,52.0,0.0,34.07692307692308,financial research,4,strong,IMPROVE_EXISTING_PAGE,"comparison template: expose metric evidence, filing period and CTA",1,2,14.12
site:stockportfolio.pro,other,OBSERVED_GSC,https://www.stockportfolio.pro/compare/DSGN-vs-SIBN,0.0,1.0,0.0,59.0,impression-bearing,0.0,52.0,0.0,34.07692307692308,financial research,4,strong,IMPROVE_EXISTING_PAGE,"comparison template: expose metric evidence, filing period and CTA",1,2,14.12
site:stockportfolio.pro,other,OBSERVED_GSC,https://www.stockportfolio.pro/compare/DYN-vs-IDYA,0.0,1.0,0.0,96.0,impression-bearing,0.0,52.0,0.0,34.07692307692308,financial research,4,strong,IMPROVE_EXISTING_PAGE,"comparison template: expose metric evidence, filing period and CTA",1,2,14.12
site:stockportfolio.pro,other,OBSERVED_GSC,https://www.stockportfolio.pro/compare/EA-vs-NFLX,0.0,1.0,0.0,95.0,impression-bearing,0.0,52.0,0.0,34.07692307692308,financial research,4,strong,IMPROVE_EXISTING_PAGE,"comparison template: expose metric evidence, filing period and CTA",1,2,14.12
site:stockportfolio.pro,other,OBSERVED_GSC,https://www.stockportfolio.pro/compare/EBC-vs-ENVA,0.0,1.0,0.0,61.0,impression-bearing,0.0,52.0,0.0,34.07692307692308,financial research,4,strong,IMPROVE_EXISTING_PAGE,"comparison template: expose metric evidence, filing period and CTA",1,2,14.12
site:stockportfolio.pro,other,OBSERVED_GSC,https://www.stockportfolio.pro/compare/EBF-vs-ORN,0.0,1.0,0.0,31.0,impression-bearing,0.0,52.0,0.0,34.07692307692308,financial research,4,strong,IMPROVE_EXISTING_PAGE,"comparison template: expose metric evidence, filing period and CTA",1,2,14.12
site:stockportfolio.pro,other,OBSERVED_GSC,https://www.stockportfolio.pro/compare/EPR-vs-KRC,0.0,1.0,0.0,91.0,impression-bearing,0.0,52.0,0.0,34.07692307692308,financial research,4,strong,IMPROVE_EXISTING_PAGE,"comparison template: expose metric evidence, filing period and CTA",1,2,14.12
site:stockportfolio.pro,other,OBSERVED_GSC,https://www.stockportfolio.pro/compare/ERAS-vs-MMSI,0.0,1.0,0.0,47.0,impression-bearing,0.0,52.0,0.0,34.07692307692308,financial research,4,strong,IMPROVE_EXISTING_PAGE,"comparison template: expose metric evidence, filing period and CTA",1,2,14.12
site:stockportfolio.pro,other,OBSERVED_GSC,https://www.stockportfolio.pro/compare/EVT-vs-TWN,0.0,1.0,0.0,40.0,impression-bearing,0.0,52.0,0.0,34.07692307692308,financial research,4,strong,IMPROVE_EXISTING_PAGE,"comparison template: expose metric evidence, filing period and CTA",1,2,14.12
site:stockportfolio.pro,other,OBSERVED_GSC,https://www.stockportfolio.pro/compare/FBK-vs-NAD,0.0,1.0,0.0,87.0,impression-bearing,0.0,52.0,0.0,34.07692307692308,financial research,4,strong,IMPROVE_EXISTING_PAGE,"comparison template: expose metric evidence, filing period and CTA",1,2,14.12
site:stockportfolio.pro,other,OBSERVED_GSC,https://www.stockportfolio.pro/compare/FCBC-vs-PGC,0.0,1.0,0.0,38.0,impression-bearing,0.0,52.0,0.0,34.07692307692308,financial research,4,strong,IMPROVE_EXISTING_PAGE,"comparison template: expose metric evidence, filing period and CTA",1,2,14.12
site:stockportfolio.pro,other,OBSERVED_GSC,https://www.stockportfolio.pro/compare/FCF-vs-HMN,0.0,1.0,0.0,50.0,impression-bearing,0.0,52.0,0.0,34.07692307692308,financial research,4,strong,IMPROVE_EXISTING_PAGE,"comparison template: expose metric evidence, filing period and CTA",1,2,14.12
site:stockportfolio.pro,other,OBSERVED_GSC,https://www.stockportfolio.pro/compare/FICO-vs-VRSN,0.0,1.0,0.0,97.0,impression-bearing,0.0,52.0,0.0,34.07692307692308,financial research,4,strong,IMPROVE_EXISTING_PAGE,"comparison template: expose metric evidence, filing period and CTA",1,2,14.12
site:stockportfolio.pro,other,OBSERVED_GSC,https://www.stockportfolio.pro/compare/FULC-vs-HROW,0.0,1.0,0.0,76.0,impression-bearing,0.0,52.0,0.0,34.07692307692308,financial research,4,strong,IMPROVE_EXISTING_PAGE,"comparison template: expose metric evidence, filing period and CTA",1,2,14.12
site:stockportfolio.pro,other,OBSERVED_GSC,https://www.stockportfolio.pro/compare/GENB-vs-SION,0.0,1.0,0.0,81.0,impression-bearing,0.0,52.0,0.0,34.07692307692308,financial research,4,strong,IMPROVE_EXISTING_PAGE,"comparison template: expose metric evidence, filing period and CTA",1,2,14.12
site:stockportfolio.pro,other,OBSERVED_GSC,https://www.stockportfolio.pro/compare/GILT-vs-VERX,0.0,1.0,0.0,41.0,impression-bearing,0.0,52.0,0.0,34.07692307692308,financial research,4,strong,IMPROVE_EXISTING_PAGE,"comparison template: expose metric evidence, filing period and CTA",1,2,14.12
site:stockportfolio.pro,other,OBSERVED_GSC,https://www.stockportfolio.pro/compare/GMED-vs-PODD,0.0,1.0,0.0,64.0,impression-bearing,0.0,52.0,0.0,34.07692307692308,financial research,4,strong,IMPROVE_EXISTING_PAGE,"comparison template: expose metric evidence, filing period and CTA",1,2,14.12
site:stockportfolio.pro,other,OBSERVED_GSC,https://www.stockportfolio.pro/compare/GPCR-vs-RLAY,0.0,1.0,0.0,38.0,impression-bearing,0.0,52.0,0.0,34.07692307692308,financial research,4,strong,IMPROVE_EXISTING_PAGE,"comparison template: expose metric evidence, filing period and CTA",1,2,14.12
site:stockportfolio.pro,other,OBSERVED_GSC,https://www.stockportfolio.pro/compare/GPK-vs-PHIN,0.0,1.0,0.0,71.0,impression-bearing,0.0,52.0,0.0,34.07692307692308,financial research,4,strong,IMPROVE_EXISTING_PAGE,"comparison template: expose metric evidence, filing period and CTA",1,2,14.12
site:stockportfolio.pro,other,OBSERVED_GSC,https://www.stockportfolio.pro/compare/GT-vs-SVV,0.0,1.0,0.0,78.0,impression-bearing,0.0,52.0,0.0,34.07692307692308,financial research,4,strong,IMPROVE_EXISTING_PAGE,"comparison template: expose metric evidence, filing period and CTA",1,2,14.12
site:stockportfolio.pro,other,OBSERVED_GSC,https://www.stockportfolio.pro/compare/HAYW-vs-WOR,0.0,1.0,0.0,88.0,impression-bearing,0.0,52.0,0.0,34.07692307692308,financial research,4,strong,IMPROVE_EXISTING_PAGE,"comparison template: expose metric evidence, filing period and CTA",1,2,14.12
site:stockportfolio.pro,other,OBSERVED_GSC,https://www.stockportfolio.pro/compare/HBM-vs-HL,0.0,1.0,0.0,56.0,impression-bearing,0.0,52.0,0.0,34.07692307692308,financial research,4,strong,IMPROVE_EXISTING_PAGE,"comparison template: expose metric evidence, filing period and CTA",1,2,14.12
site:stockportfolio.pro,other,OBSERVED_GSC,https://www.stockportfolio.pro/compare/HMN-vs-NMAI,0.0,1.0,0.0,42.0,impression-bearing,0.0,52.0,0.0,34.07692307692308,financial research,4,strong,IMPROVE_EXISTING_PAGE,"comparison template: expose metric evidence, filing period and CTA",1,2,14.12
site:stockportfolio.pro,other,OBSERVED_GSC,https://www.stockportfolio.pro/compare/HMN-vs-SFST,0.0,1.0,0.0,37.0,impression-bearing,0.0,52.0,0.0,34.07692307692308,financial research,4,strong,IMPROVE_EXISTING_PAGE,"comparison template: expose metric evidence, filing period and CTA",1,2,14.12
site:stockportfolio.pro,other,OBSERVED_GSC,https://www.stockportfolio.pro/compare/HTGC-vs-JPC,0.0,1.0,0.0,94.0,impression-bearing,0.0,52.0,0.0,34.07692307692308,financial research,4,strong,IMPROVE_EXISTING_PAGE,"comparison template: expose metric evidence, filing period and CTA",1,2,14.12
site:stockportfolio.pro,other,OBSERVED_GSC,https://www.stockportfolio.pro/compare/IBOC-vs-NNI,0.0,1.0,0.0,79.0,impression-bearing,0.0,52.0,0.0,34.07692307692308,financial research,4,strong,IMPROVE_EXISTING_PAGE,"comparison template: expose metric evidence, filing period and CTA",1,2,14.12
site:stockportfolio.pro,other,OBSERVED_GSC,https://www.stockportfolio.pro/compare/IMKTA-vs-SAM,0.0,1.0,0.0,98.0,impression-bearing,0.0,52.0,0.0,34.07692307692308,financial research,4,strong,IMPROVE_EXISTING_PAGE,"comparison template: expose metric evidence, filing period and CTA",1,2,14.12
site:stockportfolio.pro,other,OBSERVED_GSC,https://www.stockportfolio.pro/compare/INOD-vs-SEDG,0.0,1.0,0.0,65.0,impression-bearing,0.0,52.0,0.0,34.07692307692308,financial research,4,strong,IMPROVE_EXISTING_PAGE,"comparison template: expose metric evidence, filing period and CTA",1,2,14.12
site:stockportfolio.pro,other,OBSERVED_GSC,https://www.stockportfolio.pro/compare/IOT-vs-ZS,0.0,1.0,0.0,93.0,impression-bearing,0.0,52.0,0.0,34.07692307692308,financial research,4,strong,IMPROVE_EXISTING_PAGE,"comparison template: expose metric evidence, filing period and CTA",1,2,14.12
site:stockportfolio.pro,other,OBSERVED_GSC,https://www.stockportfolio.pro/compare/IVZ-vs-TRU,0.0,1.0,0.0,94.0,impression-bearing,0.0,52.0,0.0,34.07692307692308,financial research,4,strong,IMPROVE_EXISTING_PAGE,"comparison template: expose metric evidence, filing period and CTA",1,2,14.12
site:stockportfolio.pro,other,OBSERVED_GSC,https://www.stockportfolio.pro/compare/JCI-vs-WM,0.0,1.0,0.0,87.0,impression-bearing,0.0,52.0,0.0,34.07692307692308,financial research,4,strong,IMPROVE_EXISTING_PAGE,"comparison template: expose metric evidence, filing period and CTA",1,2,14.12
site:stockportfolio.pro,other,OBSERVED_GSC,https://www.stockportfolio.pro/compare/JXN-vs-PB,0.0,1.0,0.0,90.0,impression-bearing,0.0,52.0,0.0,34.07692307692308,financial research,4,strong,IMPROVE_EXISTING_PAGE,"comparison template: expose metric evidence, filing period and CTA",1,2,14.12
site:stockportfolio.pro,other,OBSERVED_GSC,https://www.stockportfolio.pro/compare/KE-vs-SERV,0.0,1.0,0.0,97.0,impression-bearing,0.0,52.0,0.0,34.07692307692308,financial research,4,strong,IMPROVE_EXISTING_PAGE,"comparison template: expose metric evidence, filing period and CTA",1,2,14.12
site:stockportfolio.pro,other,OBSERVED_GSC,https://www.stockportfolio.pro/compare/KFRC-vs-VLRS,0.0,1.0,0.0,63.0,impression-bearing,0.0,52.0,0.0,34.07692307692308,financial research,4,strong,IMPROVE_EXISTING_PAGE,"comparison template: expose metric evidence, filing period and CTA",1,2,14.12
site:stockportfolio.pro,other,OBSERVED_GSC,https://www.stockportfolio.pro/compare/KMB-vs-KVUE,0.0,1.0,0.0,67.0,impression-bearing,0.0,52.0,0.0,34.07692307692308,financial research,4,strong,IMPROVE_EXISTING_PAGE,"comparison template: expose metric evidence, filing period and CTA",1,2,14.12
site:stockportfolio.pro,other,OBSERVED_GSC,https://www.stockportfolio.pro/compare/KN-vs-NN,0.0,1.0,0.0,48.0,impression-bearing,0.0,52.0,0.0,34.07692307692308,financial research,4,strong,IMPROVE_EXISTING_PAGE,"comparison template: expose metric evidence, filing period and CTA",1,2,14.12
site:stockportfolio.pro,other,OBSERVED_GSC,https://www.stockportfolio.pro/compare/KRG-vs-RYN,0.0,1.0,0.0,84.0,impression-bearing,0.0,52.0,0.0,34.07692307692308,financial research,4,strong,IMPROVE_EXISTING_PAGE,"comparison template: expose metric evidence, filing period and CTA",1,2,14.12
site:stockportfolio.pro,other,OBSERVED_GSC,https://www.stockportfolio.pro/compare/LOGI-vs-PTC,0.0,1.0,0.0,96.0,impression-bearing,0.0,52.0,0.0,34.07692307692308,financial research,4,strong,IMPROVE_EXISTING_PAGE,"comparison template: expose metric evidence, filing period and CTA",1,2,14.12
site:stockportfolio.pro,other,OBSERVED_GSC,https://www.stockportfolio.pro/compare/MAIN-vs-MARA,0.0,1.0,0.0,50.0,impression-bearing,0.0,52.0,0.0,34.07692307692308,financial research,4,strong,IMPROVE_EXISTING_PAGE,"comparison template: expose metric evidence, filing period and CTA",1,2,14.12
site:stockportfolio.pro,other,OBSERVED_GSC,https://www.stockportfolio.pro/compare/MAZE-vs-XNCR,0.0,1.0,0.0,91.0,impression-bearing,0.0,52.0,0.0,34.07692307692308,financial research,4,strong,IMPROVE_EXISTING_PAGE,"comparison template: expose metric evidence, filing period and CTA",1,2,14.12
site:stockportfolio.pro,other,OBSERVED_GSC,https://www.stockportfolio.pro/compare/MD-vs-VCEL,0.0,1.0,0.0,85.0,impression-bearing,0.0,52.0,0.0,34.07692307692308,financial research,4,strong,IMPROVE_EXISTING_PAGE,"comparison template: expose metric evidence, filing period and CTA",1,2,14.12
site:stockportfolio.pro,other,OBSERVED_GSC,https://www.stockportfolio.pro/compare/MKTX-vs-PFSI,0.0,1.0,0.0,93.0,impression-bearing,0.0,52.0,0.0,34.07692307692308,financial research,4,strong,IMPROVE_EXISTING_PAGE,"comparison template: expose metric evidence, filing period and CTA",1,2,14.12
site:stockportfolio.pro,other,OBSERVED_GSC,https://www.stockportfolio.pro/compare/MNTN-vs-SABR,0.0,1.0,0.0,82.0,impression-bearing,0.0,52.0,0.0,34.07692307692308,financial research,4,strong,IMPROVE_EXISTING_PAGE,"comparison template: expose metric evidence, filing period and CTA",1,2,14.12
site:stockportfolio.pro,other,OBSERVED_GSC,https://www.stockportfolio.pro/compare/MWH-vs-POR,0.0,1.0,0.0,49.0,impression-bearing,0.0,52.0,0.0,34.07692307692308,financial research,4,strong,IMPROVE_EXISTING_PAGE,"comparison template: expose metric evidence, filing period and CTA",1,2,14.12
site:stockportfolio.pro,other,OBSERVED_GSC,https://www.stockportfolio.pro/compare/NN-vs-PENG,0.0,1.0,0.0,92.0,impression-bearing,0.0,52.0,0.0,34.07692307692308,financial research,4,strong,IMPROVE_EXISTING_PAGE,"comparison template: expose metric evidence, filing period and CTA",1,2,14.12
site:stockportfolio.pro,other,OBSERVED_GSC,https://www.stockportfolio.pro/compare/NWS-vs-NWSA,0.0,1.0,0.0,79.0,impression-bearing,0.0,52.0,0.0,34.07692307692308,financial research,4,strong,IMPROVE_EXISTING_PAGE,"comparison template: expose metric evidence, filing period and CTA",1,2,14.12
site:stockportfolio.pro,other,OBSERVED_GSC,https://www.stockportfolio.pro/compare/OLLI-vs-POST,0.0,1.0,0.0,98.0,impression-bearing,0.0,52.0,0.0,34.07692307692308,financial research,4,strong,IMPROVE_EXISTING_PAGE,"comparison template: expose metric evidence, filing period and CTA",1,2,14.12
site:stockportfolio.pro,other,OBSERVED_GSC,https://www.stockportfolio.pro/compare/OUST-vs-ROG,0.0,1.0,0.0,45.0,impression-bearing,0.0,52.0,0.0,34.07692307692308,financial research,4,strong,IMPROVE_EXISTING_PAGE,"comparison template: expose metric evidence, filing period and CTA",1,2,14.12
site:stockportfolio.pro,other,OBSERVED_GSC,https://www.stockportfolio.pro/compare/PARR-vs-SDRL,0.0,1.0,0.0,92.0,impression-bearing,0.0,52.0,0.0,34.07692307692308,financial research,4,strong,IMPROVE_EXISTING_PAGE,"comparison template: expose metric evidence, filing period and CTA",1,2,14.12
site:stockportfolio.pro,other,OBSERVED_GSC,https://www.stockportfolio.pro/compare/PCT-vs-WLFC,0.0,1.0,0.0,86.0,impression-bearing,0.0,52.0,0.0,34.07692307692308,financial research,4,strong,IMPROVE_EXISTING_PAGE,"comparison template: expose metric evidence, filing period and CTA",1,2,14.12
site:stockportfolio.pro,other,OBSERVED_GSC,https://www.stockportfolio.pro/compare/ROOT-vs-STEL,0.0,1.0,0.0,33.0,impression-bearing,0.0,52.0,0.0,34.07692307692308,financial research,4,strong,IMPROVE_EXISTING_PAGE,"comparison template: expose metric evidence, filing period and CTA",1,2,14.12
site:stockportfolio.pro,other,OBSERVED_GSC,https://www.stockportfolio.pro/compare/SLAB-vs-VSH,0.0,1.0,0.0,56.0,impression-bearing,0.0,52.0,0.0,34.07692307692308,financial research,4,strong,IMPROVE_EXISTING_PAGE,"comparison template: expose metric evidence, filing period and CTA",1,2,14.12
site:stockportfolio.pro,other,OBSERVED_GSC,https://www.stockportfolio.pro/compare/SNA-vs-ULS,0.0,1.0,0.0,99.0,impression-bearing,0.0,52.0,0.0,34.07692307692308,financial research,4,strong,IMPROVE_EXISTING_PAGE,"comparison template: expose metric evidence, filing period and CTA",1,2,14.12
site:stockportfolio.pro,other,OBSERVED_GSC,https://www.stockportfolio.pro/compare/TKO-vs-TTWO,0.0,1.0,0.0,57.0,impression-bearing,0.0,52.0,0.0,34.07692307692308,financial research,4,strong,IMPROVE_EXISTING_PAGE,"comparison template: expose metric evidence, filing period and CTA",1,2,14.12
site:stockportfolio.pro,other,OBSERVED_GSC,https://www.stockportfolio.pro/compare/TXN-vs-WDC,0.0,1.0,0.0,85.0,impression-bearing,0.0,52.0,0.0,34.07692307692308,financial research,4,strong,IMPROVE_EXISTING_PAGE,"comparison template: expose metric evidence, filing period and CTA",1,2,14.12
site:stockportfolio.pro,other,OBSERVED_GSC,https://www.stockportfolio.pro/compare/VOYG-vs-VVX,0.0,1.0,0.0,95.0,impression-bearing,0.0,52.0,0.0,34.07692307692308,financial research,4,strong,IMPROVE_EXISTING_PAGE,"comparison template: expose metric evidence, filing period and CTA",1,2,14.12
site:stockportfolio.pro,other,OBSERVED_GSC,https://www.stockportfolio.pro/vs/fiscal-ai,0.0,1.0,0.0,65.0,impression-bearing,0.0,52.0,0.0,34.07692307692308,financial research,4,review,IMPROVE_EXISTING_PAGE,"add a direct, source-backed answer and contextual product CTA",1,2,14.12
snowflake marketcap,other,OBSERVED_GSC,https://www.stockportfolio.pro/stocks/SNOW,0.0,1.0,0.0,78.0,impression-bearing,0.0,1.0,0.0,78.0,financial research,4,strong,IMPROVE_EXISTING_PAGE,"add a direct, source-backed answer and contextual product CTA",1,2,14.12
sofi stock twits,other,OBSERVED_GSC,https://www.stockportfolio.pro/compare/SOFI-vs-TW,0.0,1.0,0.0,58.0,impression-bearing,0.0,1.0,0.0,58.0,financial research,4,strong,IMPROVE_EXISTING_PAGE,"comparison template: expose metric evidence, filing period and CTA",1,2,14.12
spnt stock,other,OBSERVED_GSC,https://www.stockportfolio.pro/stocks/SPNT,0.0,1.0,0.0,50.0,impression-bearing,0.0,1.0,0.0,50.0,financial research,4,strong,IMPROVE_EXISTING_PAGE,"add a direct, source-backed answer and contextual product CTA",1,2,14.12
stag industries,other,OBSERVED_GSC,https://www.stockportfolio.pro/stocks/STAG,0.0,1.0,0.0,78.0,impression-bearing,0.0,1.0,0.0,78.0,financial research,4,strong,IMPROVE_EXISTING_PAGE,"add a direct, source-backed answer and contextual product CTA",1,2,14.12
stag profit,earnings/profit,OBSERVED_GSC,https://www.stockportfolio.pro/stocks/STAG,0.0,1.0,0.0,32.0,impression-bearing,0.0,1.0,0.0,32.0,financial research,4,strong,IMPROVE_TEMPLATE,"stock metric template: add period, source, chart and related metric links",1,2,14.12
stock aio,other,OBSERVED_GSC,https://www.stockportfolio.pro/company?symbol=AIO,0.0,1.0,0.0,64.0,impression-bearing,0.0,1.0,0.0,64.0,financial research,4,review,IMPROVE_EXISTING_PAGE,"add a direct, source-backed answer and contextual product CTA",1,2,14.12
stock below book value,other,OBSERVED_GSC,https://www.stockportfolio.pro/screens/stocks-below-book-value,0.0,1.0,0.0,53.0,impression-bearing,0.0,1.0,0.0,53.0,financial research,4,review,IMPROVE_EXISTING_PAGE,"add a direct, source-backed answer and contextual product CTA",1,2,14.12
stock companies,other,OBSERVED_GSC,https://www.stockportfolio.pro/stocks,0.0,1.0,0.0,61.0,impression-bearing,0.0,1.0,0.0,61.0,financial research,4,review,IMPROVE_EXISTING_PAGE,"add a direct, source-backed answer and contextual product CTA",1,2,14.12
stock company list,other,OBSERVED_GSC,https://www.stockportfolio.pro/stocks,0.0,1.0,0.0,77.0,impression-bearing,0.0,1.0,0.0,77.0,financial research,4,review,IMPROVE_EXISTING_PAGE,"add a direct, source-backed answer and contextual product CTA",1,2,14.12
stock holding companies,other,OBSERVED_GSC,https://www.stockportfolio.pro/stocks,0.0,1.0,0.0,90.0,impression-bearing,0.0,1.0,0.0,90.0,financial research,4,review,IMPROVE_EXISTING_PAGE,"add a direct, source-backed answer and contextual product CTA",1,2,14.12
stock por,other,OBSERVED_GSC,https://www.stockportfolio.pro/,0.0,1.0,0.0,86.0,impression-bearing,0.0,1.0,0.0,86.0,financial research,4,review,IMPROVE_EXISTING_PAGE,"add a direct, source-backed answer and contextual product CTA",1,2,14.12
stock price total,other,OBSERVED_GSC,https://www.stockportfolio.pro/stocks/TTE,0.0,1.0,0.0,57.0,impression-bearing,0.0,1.0,0.0,57.0,financial research,4,strong,IMPROVE_EXISTING_PAGE,"add a direct, source-backed answer and contextual product CTA",1,2,14.12
stock sherwin williams,other,OBSERVED_GSC,https://www.stockportfolio.pro/stocks/SHW,0.0,1.0,0.0,77.0,impression-bearing,0.0,1.0,0.0,77.0,financial research,4,strong,IMPROVE_EXISTING_PAGE,"add a direct, source-backed answer and contextual product CTA",1,2,14.12
stock with lowest pe ratio,valuation,OBSERVED_GSC,https://www.stockportfolio.pro/screens/low-pe-stocks,0.0,1.0,0.0,62.0,impression-bearing,0.0,1.0,0.0,62.0,financial research,4,review,IMPROVE_EXISTING_PAGE,"add a direct, source-backed answer and contextual product CTA",1,2,14.12
stockanalysis com,other,OBSERVED_GSC,https://www.stockportfolio.pro/vs/stockanalysis,0.0,1.0,0.0,44.0,impression-bearing,0.0,1.0,0.0,44.0,financial research,4,review,IMPROVE_EXISTING_PAGE,"add a direct, source-backed answer and contextual product CTA",1,2,14.12
stockportfolio,other,OBSERVED_GSC,https://www.stockportfolio.pro/,0.0,1.0,0.0,49.0,impression-bearing,0.0,1.0,0.0,49.0,financial research,4,review,IMPROVE_EXISTING_PAGE,"add a direct, source-backed answer and contextual product CTA",1,2,14.12
stocks less than book value,other,OBSERVED_GSC,https://www.stockportfolio.pro/screens/stocks-below-book-value,0.0,1.0,0.0,47.0,impression-bearing,0.0,1.0,0.0,47.0,financial research,4,review,IMPROVE_EXISTING_PAGE,"add a direct, source-backed answer and contextual product CTA",1,2,14.12
stocks that are rising fast,other,OBSERVED_GSC,https://www.stockportfolio.pro/screens/high-growth-stocks,0.0,1.0,0.0,98.0,impression-bearing,0.0,1.0,0.0,98.0,financial research,4,review,IMPROVE_EXISTING_PAGE,"add a direct, source-backed answer and contextual product CTA",1,2,14.12
stocks with low p/e,valuation,OBSERVED_GSC,https://www.stockportfolio.pro/screens/low-pe-stocks,0.0,1.0,0.0,48.0,impression-bearing,0.0,1.0,0.0,48.0,financial research,4,review,IMPROVE_EXISTING_PAGE,"add a direct, source-backed answer and contextual product CTA",1,2,14.12
stocks with lowest pe,valuation,OBSERVED_GSC,https://www.stockportfolio.pro/screens/low-pe-stocks,0.0,1.0,0.0,50.0,impression-bearing,0.0,1.0,0.0,50.0,financial research,4,review,IMPROVE_EXISTING_PAGE,"add a direct, source-backed answer and contextual product CTA",1,2,14.12
stwd ticker,other,OBSERVED_GSC,https://www.stockportfolio.pro/company?symbol=STWD,0.0,1.0,0.0,56.0,impression-bearing,0.0,1.0,0.0,56.0,financial research,4,review,IMPROVE_EXISTING_PAGE,"add a direct, source-backed answer and contextual product CTA",1,2,14.12
surgical stock,other,OBSERVED_GSC,https://www.stockportfolio.pro/stocks/ISRG,0.0,1.0,0.0,72.0,impression-bearing,0.0,1.0,0.0,72.0,financial research,4,strong,IMPROVE_EXISTING_PAGE,"add a direct, source-backed answer and contextual product CTA",1,2,14.12
swarmer stock,other,OBSERVED_GSC,https://www.stockportfolio.pro/stocks/SWMR,0.0,1.0,0.0,82.0,impression-bearing,0.0,1.0,0.0,82.0,financial research,4,strong,IMPROVE_EXISTING_PAGE,"add a direct, source-backed answer and contextual product CTA",1,2,14.12
syndax pharmaceuticals stock,other,OBSERVED_GSC,https://www.stockportfolio.pro/stocks/SNDX,0.0,1.0,0.0,77.0,impression-bearing,0.0,1.0,0.0,77.0,financial research,4,strong,IMPROVE_EXISTING_PAGE,"add a direct, source-backed answer and contextual product CTA",1,2,14.12
target annual revenue,revenue,OBSERVED_GSC,https://www.stockportfolio.pro/stocks/TGT,0.0,1.0,0.0,81.0,impression-bearing,0.0,1.0,0.0,81.0,financial research,4,strong,IMPROVE_TEMPLATE,"stock metric template: add period, source, chart and related metric links",1,2,14.12
teladoc revenue,revenue,OBSERVED_GSC,https://www.stockportfolio.pro/stocks/TDOC,0.0,1.0,0.0,76.0,impression-bearing,0.0,1.0,0.0,76.0,financial research,4,strong,IMPROVE_TEMPLATE,"stock metric template: add period, source, chart and related metric links",1,2,14.12
teva market cap,other,OBSERVED_GSC,https://www.stockportfolio.pro/stocks/TEVA,0.0,1.0,0.0,71.0,impression-bearing,0.0,1.0,0.0,71.0,financial research,4,strong,IMPROVE_EXISTING_PAGE,"add a direct, source-backed answer and contextual product CTA",1,2,14.12
the metal company share price,other,OBSERVED_GSC,https://www.stockportfolio.pro/stocks/TMC,0.0,1.0,0.0,79.0,impression-bearing,0.0,1.0,0.0,79.0,financial research,4,strong,IMPROVE_EXISTING_PAGE,"add a direct, source-backed answer and contextual product CTA",1,2,14.12
thor industries revenue,revenue,OBSERVED_GSC,https://www.stockportfolio.pro/stocks/THO,0.0,1.0,0.0,70.0,impression-bearing,0.0,1.0,0.0,70.0,financial research,4,strong,IMPROVE_TEMPLATE,"stock metric template: add period, source, chart and related metric links",1,2,14.12
tikr pricing,other,OBSERVED_GSC,https://www.stockportfolio.pro/vs/tikr,0.0,1.0,0.0,45.0,impression-bearing,0.0,1.0,0.0,45.0,financial research,4,review,IMPROVE_EXISTING_PAGE,"add a direct, source-backed answer and contextual product CTA",1,2,14.12
tmc mining stock,other,OBSERVED_GSC,https://www.stockportfolio.pro/stocks/TMC,0.0,1.0,0.0,82.0,impression-bearing,0.0,1.0,0.0,82.0,financial research,4,strong,IMPROVE_EXISTING_PAGE,"add a direct, source-backed answer and contextual product CTA",1,2,14.12
tmc robinhood,other,OBSERVED_GSC,https://www.stockportfolio.pro/stocks/TMC,0.0,1.0,0.0,78.0,impression-bearing,0.0,1.0,0.0,78.0,financial research,4,strong,IMPROVE_EXISTING_PAGE,"add a direct, source-backed answer and contextual product CTA",1,2,14.12
tmc stock,other,OBSERVED_GSC,https://www.stockportfolio.pro/stocks/TMC,0.0,1.0,0.0,75.0,impression-bearing,0.0,1.0,0.0,75.0,financial research,4,strong,IMPROVE_EXISTING_PAGE,"add a direct, source-backed answer and contextual product CTA",1,2,14.12
tmc stock robinhood,other,OBSERVED_GSC,https://www.stockportfolio.pro/stocks/TMC,0.0,1.0,0.0,69.0,impression-bearing,0.0,1.0,0.0,69.0,financial research,4,strong,IMPROVE_EXISTING_PAGE,"add a direct, source-backed answer and contextual product CTA",1,2,14.12
tmq stock,other,OBSERVED_GSC,https://www.stockportfolio.pro/stocks/TMQ,0.0,1.0,0.0,85.0,impression-bearing,0.0,1.0,0.0,85.0,financial research,4,strong,IMPROVE_EXISTING_PAGE,"add a direct, source-backed answer and contextual product CTA",1,2,14.12
total energie stock,other,OBSERVED_GSC,https://www.stockportfolio.pro/stocks/TTE,0.0,1.0,0.0,69.0,impression-bearing,0.0,1.0,0.0,69.0,financial research,4,strong,IMPROVE_EXISTING_PAGE,"add a direct, source-backed answer and contextual product CTA",1,2,14.12
total energies share price,other,OBSERVED_GSC,https://www.stockportfolio.pro/stocks/TTE,0.0,1.0,0.0,74.0,impression-bearing,0.0,1.0,0.0,74.0,financial research,4,strong,IMPROVE_EXISTING_PAGE,"add a direct, source-backed answer and contextual product CTA",1,2,14.12
total energies stock,other,OBSERVED_GSC,https://www.stockportfolio.pro/stocks/TTE,0.0,1.0,0.0,82.0,impression-bearing,0.0,1.0,0.0,82.0,financial research,4,strong,IMPROVE_EXISTING_PAGE,"add a direct, source-backed answer and contextual product CTA",1,2,14.12
total energy stock,other,OBSERVED_GSC,https://www.stockportfolio.pro/stocks/TTE,0.0,1.0,0.0,81.0,impression-bearing,0.0,1.0,0.0,81.0,financial research,4,strong,IMPROVE_EXISTING_PAGE,"add a direct, source-backed answer and contextual product CTA",1,2,14.12
total se stock,other,OBSERVED_GSC,https://www.stockportfolio.pro/stocks/TTE,0.0,1.0,0.0,75.0,impression-bearing,0.0,1.0,0.0,75.0,financial research,4,strong,IMPROVE_EXISTING_PAGE,"add a direct, source-backed answer and contextual product CTA",1,2,14.12
trust bank stock,other,OBSERVED_GSC,https://www.stockportfolio.pro/stocks/TRST,0.0,1.0,0.0,60.0,impression-bearing,0.0,1.0,0.0,60.0,financial research,4,strong,IMPROVE_EXISTING_PAGE,"add a direct, source-backed answer and contextual product CTA",1,2,14.12
ttc share price,other,OBSERVED_GSC,https://www.stockportfolio.pro/stocks/TTC,0.0,1.0,0.0,71.0,impression-bearing,0.0,1.0,0.0,71.0,financial research,4,strong,IMPROVE_EXISTING_PAGE,"add a direct, source-backed answer and contextual product CTA",1,2,14.12
uaa vs ua,comparison,OBSERVED_GSC,https://www.stockportfolio.pro/compare/UAA-vs-WHR,0.0,1.0,0.0,64.0,impression-bearing,0.0,1.0,0.0,64.0,financial research,4,strong,IMPROVE_EXISTING_PAGE,"comparison template: expose metric evidence, filing period and CTA",1,2,14.12
under armour net worth,other,OBSERVED_GSC,https://www.stockportfolio.pro/stocks/UA,0.0,1.0,0.0,35.0,impression-bearing,0.0,1.0,0.0,35.0,financial research,4,strong,IMPROVE_EXISTING_PAGE,"add a direct, source-backed answer and contextual product CTA",1,2,14.12
unf pt,other,OBSERVED_GSC,https://www.stockportfolio.pro/compare/EQPT-vs-UNF,0.0,1.0,0.0,51.0,impression-bearing,0.0,1.0,0.0,51.0,financial research,4,strong,IMPROVE_EXISTING_PAGE,"comparison template: expose metric evidence, filing period and CTA",1,2,14.12
upwork annual revenue,revenue,OBSERVED_GSC,https://www.stockportfolio.pro/stocks/UPWK,0.0,1.0,0.0,60.0,impression-bearing,0.0,1.0,0.0,60.0,financial research,4,strong,IMPROVE_TEMPLATE,"stock metric template: add period, source, chart and related metric links",1,2,14.12
upwork earning,other,OBSERVED_GSC,https://www.stockportfolio.pro/stocks/UPWK,0.0,1.0,0.0,53.0,impression-bearing,0.0,1.0,0.0,53.0,financial research,4,strong,IMPROVE_EXISTING_PAGE,"add a direct, source-backed answer and contextual product CTA",1,2,14.12
upwork financials,other,OBSERVED_GSC,https://www.stockportfolio.pro/stocks/UPWK,0.0,1.0,0.0,43.0,impression-bearing,0.0,1.0,0.0,43.0,financial research,4,strong,IMPROVE_EXISTING_PAGE,"add a direct, source-backed answer and contextual product CTA",1,2,14.12
viking stock,other,OBSERVED_GSC,https://www.stockportfolio.pro/stocks/VKTX,0.0,1.0,0.0,94.0,impression-bearing,0.0,1.0,0.0,94.0,financial research,4,strong,IMPROVE_EXISTING_PAGE,"add a direct, source-backed answer and contextual product CTA",1,2,14.12
vikingtherapeutics,other,OBSERVED_GSC,https://www.stockportfolio.pro/stocks/VKTX,0.0,1.0,0.0,97.0,impression-bearing,0.0,1.0,0.0,97.0,financial research,4,strong,IMPROVE_EXISTING_PAGE,"add a direct, source-backed answer and contextual product CTA",1,2,14.12
visa profit,earnings/profit,OBSERVED_GSC,https://www.stockportfolio.pro/stocks/V,0.0,1.0,0.0,74.0,impression-bearing,0.0,1.0,0.0,74.0,financial research,4,strong,IMPROVE_TEMPLATE,"stock metric template: add period, source, chart and related metric links",1,2,14.12
visa stock performance,other,OBSERVED_GSC,https://www.stockportfolio.pro/stocks/V,0.0,1.0,0.0,76.0,impression-bearing,0.0,1.0,0.0,76.0,financial research,4,strong,IMPROVE_EXISTING_PAGE,"add a direct, source-backed answer and contextual product CTA",1,2,14.12
wallstreetzen,other,OBSERVED_GSC,https://www.stockportfolio.pro/vs/wallstreetzen,0.0,1.0,0.0,31.0,impression-bearing,0.0,1.0,0.0,31.0,financial research,4,review,IMPROVE_EXISTING_PAGE,"add a direct, source-backed answer and contextual product CTA",1,2,14.12
western lng stock,other,OBSERVED_GSC,https://www.stockportfolio.pro/stocks/WES,0.0,1.0,0.0,80.0,impression-bearing,0.0,1.0,0.0,80.0,financial research,4,strong,IMPROVE_EXISTING_PAGE,"add a direct, source-backed answer and contextual product CTA",1,2,14.12
western midstream revenue,revenue,OBSERVED_GSC,https://www.stockportfolio.pro/stocks/WES,0.0,1.0,0.0,72.0,impression-bearing,0.0,1.0,0.0,72.0,financial research,4,strong,IMPROVE_TEMPLATE,"stock metric template: add period, source, chart and related metric links",1,2,14.12
what is ampx,other,OBSERVED_GSC,https://www.stockportfolio.pro/stocks/AMPX,0.0,1.0,0.0,77.0,impression-bearing,0.0,1.0,0.0,77.0,financial research,4,strong,IMPROVE_EXISTING_PAGE,"add a direct, source-backed answer and contextual product CTA",1,2,14.12
what is tmc stock,other,OBSERVED_GSC,https://www.stockportfolio.pro/stocks/TMC,0.0,1.0,0.0,90.0,impression-bearing,0.0,1.0,0.0,90.0,financial research,4,strong,IMPROVE_EXISTING_PAGE,"add a direct, source-backed answer and contextual product CTA",1,2,14.12
wpm stock,other,OBSERVED_GSC,https://www.stockportfolio.pro/stocks/WPM,0.0,1.0,0.0,79.0,impression-bearing,0.0,1.0,0.0,79.0,financial research,4,strong,IMPROVE_EXISTING_PAGE,"add a direct, source-backed answer and contextual product CTA",1,2,14.12
xanadu quantum stock,other,OBSERVED_GSC,https://www.stockportfolio.pro/stocks/XNDU,0.0,1.0,0.0,84.0,impression-bearing,0.0,1.0,0.0,84.0,financial research,4,strong,IMPROVE_EXISTING_PAGE,"add a direct, source-backed answer and contextual product CTA",1,2,14.12
ai investment research,hypothesis,HYPOTHESIZED,,0,0,0,0,no supporting GSC row,0,0,0,0,commercial adjacent,5,not evaluated,DO_NOT_BUILD,wait for observed demand,0,0,0
ai stock research,hypothesis,HYPOTHESIZED,,0,0,0,0,no supporting GSC row,0,0,0,0,commercial adjacent,5,not evaluated,DO_NOT_BUILD,wait for observed demand,0,0,0
fundamental analysis software,hypothesis,HYPOTHESIZED,,0,0,0,0,no supporting GSC row,0,0,0,0,commercial adjacent,5,not evaluated,DO_NOT_BUILD,wait for observed demand,0,0,0
sec filing ai,hypothesis,HYPOTHESIZED,,0,0,0,0,no supporting GSC row,0,0,0,0,commercial adjacent,5,not evaluated,DO_NOT_BUILD,wait for observed demand,0,0,0
stock analysis software,hypothesis,HYPOTHESIZED,,0,0,0,0,no supporting GSC row,0,0,0,0,commercial adjacent,5,not evaluated,DO_NOT_BUILD,wait for observed demand,0,0,0
