engine,page,page_family,impressions,clicks,ctr,position,position_bucket,expected_ctr,ctr_gap,ownership_confidence,opportunity_score,priority
"google","/stocks/WAB/dividend-history","dividend-history","3272","0","0","3.0012224938875307","4-5","0.07","0.07","high","137.424","P1_REVIEW"
"google","/stocks/WAB/shares-outstanding","shares-outstanding","1804","0","0","1.7411308203991132","1-3","0.12","0.12","high","129.88799999999998","P1_REVIEW"
"google","/stocks/WAB/eps","eps","610","0","0","2.1721311475409837","1-3","0.12","0.12","high","43.92","P1_REVIEW"
"google","/compare/PLTK-vs-YELP","comparison","979","0","0","9.993871297242084","6-10","0.035","0.035","high","34.265","P0_POSITION_4_10_LOW_CTR"
"google","/stocks/ACI","other","111","0","0","6.738738738738738","6-10","0.035","0.035","medium","2.9137500000000003","P0_POSITION_4_10_LOW_CTR"
"google","/compare/MRVL-vs-SNDK","comparison","77","0","0","8.558441558441558","6-10","0.035","0.035","high","2.6950000000000003","P0_POSITION_4_10_LOW_CTR"
"google","/stocks","other","362","0","0","16.306629834254146","16-20","0.012","0.012","medium","1.9547999999999999","P1_REVIEW"
"google","/stocks/F","other","31","0","0","1.7096774193548387","1-3","0.12","0.12","medium","1.674","P1_REVIEW"
"google","/compare/F-vs-NKE","comparison","39","0","0","6.076923076923077","6-10","0.035","0.035","high","1.3650000000000002","P0_POSITION_4_10_LOW_CTR"
"google","/stocks/DELL/shares-outstanding","shares-outstanding","189","0","0","10.312169312169312","11-15","0.012","0.012","high","1.3608","P1_REVIEW"
"google","/compare/CBRS-vs-CRDO","comparison","29","0","0","5.379310344827586","6-10","0.035","0.035","high","1.0150000000000001","P0_POSITION_4_10_LOW_CTR"
"google","/stocks/GE/net-income","net-income","6","0","0","1.5","1-3","0.28","0.28","high","1.008","P1_REVIEW"
"google","/compare/EA-vs-TTWO","comparison","54","1","0.018518518518518517","9.648148148148149","6-10","0.035","0.016481481481481486","high","0.8900000000000002","P0_POSITION_4_10_LOW_CTR"
"google","/compare/ATRO-vs-RDW","comparison","12","0","0","4.083333333333334","4-5","0.07","0.07","high","0.8400000000000001","P0_POSITION_4_10_LOW_CTR"
"google","/compare/JBL-vs-UI","comparison","10","0","0","4.4","4-5","0.07","0.07","high","0.7000000000000001","P0_POSITION_4_10_LOW_CTR"
"google","/stocks/BMRN","other","26","0","0","6.730769230769231","6-10","0.035","0.035","medium","0.6825000000000001","P0_POSITION_4_10_LOW_CTR"
"google","/compare/AXG-vs-HIPO","comparison","4","0","0","1","1-3","0.28","0.28","high","0.672","P1_REVIEW"
"google","/stocks/CF/gross-profit","gross-profit","4","0","0","1","1-3","0.28","0.28","high","0.672","P1_REVIEW"
"google","/stocks/LRN/shares-outstanding","shares-outstanding","19","0","0","9.157894736842104","6-10","0.035","0.035","high","0.665","P0_POSITION_4_10_LOW_CTR"
"google","/compare/CAT-vs-GEV","comparison","18","0","0","9.38888888888889","6-10","0.035","0.035","high","0.6300000000000001","P0_POSITION_4_10_LOW_CTR"
"google","/stocks/EVRG/eps","eps","3","0","0","1","1-3","0.28","0.28","high","0.504","P1_REVIEW"
"google","/stocks/MAA/eps","eps","7","0","0","2.7142857142857144","1-3","0.12","0.12","high","0.504","P1_REVIEW"
"google","/stocks/TEL/shares-outstanding","shares-outstanding","3","0","0","1","1-3","0.28","0.28","high","0.504","P1_REVIEW"
"google","/stocks/TXT/shares-outstanding","shares-outstanding","3","0","0","1","1-3","0.28","0.28","high","0.504","P1_REVIEW"
"google","/stocks/HOMB","other","18","0","0","8.333333333333332","6-10","0.035","0.035","medium","0.4725000000000001","P0_POSITION_4_10_LOW_CTR"
"google","/compare/ALAB-vs-TER","comparison","13","0","0","6.153846153846154","6-10","0.035","0.035","high","0.45500000000000007","P0_POSITION_4_10_LOW_CTR"
"google","/stocks/TNDM/total-debt","total-debt","13","0","0","6.153846153846154","6-10","0.035","0.035","high","0.45500000000000007","P0_POSITION_4_10_LOW_CTR"
"google","/stocks/UFPI/eps","eps","13","0","0","9.384615384615385","6-10","0.035","0.035","high","0.45500000000000007","P0_POSITION_4_10_LOW_CTR"
"google","/stocks/GE/eps","eps","6","0","0","2.666666666666667","1-3","0.12","0.12","high","0.43199999999999994","P1_REVIEW"
"google","/compare/EOSE-vs-TE","comparison","6","0","0","4.666666666666666","4-5","0.07","0.07","high","0.42000000000000004","P0_POSITION_4_10_LOW_CTR"
"google","/stocks/EME","other","3","0","0","1","1-3","0.28","0.28","medium","0.378","P1_REVIEW"
"google","/compare/CIEN-vs-HPE","comparison","5","0","0","5","4-5","0.07","0.07","high","0.35000000000000003","P0_POSITION_4_10_LOW_CTR"
"google","/compare/MU-vs-ORCL","comparison","10","0","0","6.8","6-10","0.035","0.035","high","0.35000000000000003","P0_POSITION_4_10_LOW_CTR"
"google","/stocks/HII/pe-ratio","pe-ratio","5","0","0","4.8","4-5","0.07","0.07","high","0.35000000000000003","P0_POSITION_4_10_LOW_CTR"
"google","/monitor","other","13","0","0","8.615384615384615","6-10","0.035","0.035","medium","0.34125000000000005","P0_POSITION_4_10_LOW_CTR"
"google","/tour","other","13","0","0","8.615384615384615","6-10","0.035","0.035","medium","0.34125000000000005","P0_POSITION_4_10_LOW_CTR"
"google","/compare/RAL-vs-ST","comparison","2","0","0","1","1-3","0.28","0.28","high","0.336","P1_REVIEW"
"google","/stocks/ATO/eps","eps","2","0","0","1","1-3","0.28","0.28","high","0.336","P1_REVIEW"
"google","/stocks/GE/revenue","revenue","2","0","0","1","1-3","0.28","0.28","high","0.336","P1_REVIEW"
"google","/stocks/ROP/free-cash-flow","free-cash-flow","8","0","0","3.125","4-5","0.07","0.07","high","0.336","P1_REVIEW"
"google","/stocks/CSCO/shares-outstanding","shares-outstanding","9","0","0","8.222222222222221","6-10","0.035","0.035","high","0.31500000000000006","P0_POSITION_4_10_LOW_CTR"
"google","/compare/AFL-vs-NU","comparison","4","0","0","3","1-3","0.12","0.12","high","0.288","P1_REVIEW"
"google","/compare/AXG-vs-HRTG","comparison","4","0","0","2","1-3","0.12","0.12","high","0.288","P1_REVIEW"
"google","/compare/DELL-vs-TXN","comparison","4","0","0","2.5","1-3","0.12","0.12","high","0.288","P1_REVIEW"
"google","/compare/DY-vs-IESC","comparison","4","0","0","3","1-3","0.12","0.12","high","0.288","P1_REVIEW"
"google","/stocks/CF/dividend-history","dividend-history","4","0","0","3","1-3","0.12","0.12","high","0.288","P1_REVIEW"
"google","/stocks/CF/total-debt","total-debt","4","0","0","2","1-3","0.12","0.12","high","0.288","P1_REVIEW"
"google","/stocks/GE/free-cash-flow","free-cash-flow","4","0","0","2.25","1-3","0.12","0.12","high","0.288","P1_REVIEW"
"google","/compare/APH-vs-MRVL","comparison","4","0","0","4.5","4-5","0.07","0.07","high","0.28","P0_POSITION_4_10_LOW_CTR"
"google","/compare/AVGO-vs-MU","comparison","8","0","0","9","6-10","0.035","0.035","high","0.28","P0_POSITION_4_10_LOW_CTR"
"google","/compare/CBRS-vs-CRWV","comparison","8","0","0","5.875","6-10","0.035","0.035","high","0.28","P0_POSITION_4_10_LOW_CTR"
"google","/compare/HOOD-vs-MCO","comparison","8","0","0","8.875","6-10","0.035","0.035","high","0.28","P0_POSITION_4_10_LOW_CTR"
"google","/compare/HUN-vs-OLN","comparison","8","0","0","6.375","6-10","0.035","0.035","high","0.28","P0_POSITION_4_10_LOW_CTR"
"google","/compare/IBM-vs-KLAC","comparison","4","0","0","4","4-5","0.07","0.07","high","0.28","P0_POSITION_4_10_LOW_CTR"
"google","/compare/JCI-vs-TT","comparison","8","0","0","7.75","6-10","0.035","0.035","high","0.28","P0_POSITION_4_10_LOW_CTR"
"google","/compare/NAVN-vs-PSN","comparison","8","0","0","6.875","6-10","0.035","0.035","high","0.28","P0_POSITION_4_10_LOW_CTR"
"google","/stocks/ESAB/shares-outstanding","shares-outstanding","4","0","0","5","4-5","0.07","0.07","high","0.28","P0_POSITION_4_10_LOW_CTR"
"google","/stocks/PRG/revenue","revenue","8","0","0","6.25","6-10","0.035","0.035","high","0.28","P0_POSITION_4_10_LOW_CTR"
"google","/stocks/ROP/dividend-history","dividend-history","4","0","0","5","4-5","0.07","0.07","high","0.28","P0_POSITION_4_10_LOW_CTR"
"google","/stocks/SPSC/eps","eps","4","0","0","4","4-5","0.07","0.07","high","0.28","P0_POSITION_4_10_LOW_CTR"
"google","/stocks/GEVO","other","5","0","0","1.6","1-3","0.12","0.12","medium","0.27","P1_REVIEW"
"google","/stocks/RJET","other","5","0","0","2.6","1-3","0.12","0.12","medium","0.27","P1_REVIEW"
"google","/stocks/DELL/gross-profit","gross-profit","36","0","0","10.472222222222221","11-15","0.012","0.012","high","0.2592","P1_REVIEW"
"google","/stocks/ALAB","other","2","0","0","1","1-3","0.28","0.28","medium","0.252","P1_REVIEW"
"google","/stocks/NAVI","other","2","0","0","1","1-3","0.28","0.28","medium","0.252","P1_REVIEW"
"google","/compare/DDOG-vs-NET","comparison","7","0","0","9.428571428571429","6-10","0.035","0.035","high","0.24500000000000002","P0_POSITION_4_10_LOW_CTR"
"google","/compare/AGCO-vs-OSK","comparison","3","0","0","2","1-3","0.12","0.12","high","0.21599999999999997","P1_REVIEW"
"google","/compare/LAB-vs-SGMT","comparison","3","0","0","2.666666666666667","1-3","0.12","0.12","high","0.21599999999999997","P1_REVIEW"
"google","/features","other","4","0","0","2","1-3","0.12","0.12","medium","0.21599999999999997","P1_REVIEW"
"google","/stocks/ETR/revenue","revenue","3","0","0","3","1-3","0.12","0.12","high","0.21599999999999997","P1_REVIEW"
"google","/stocks/EVRG/revenue","revenue","3","0","0","2","1-3","0.12","0.12","high","0.21599999999999997","P1_REVIEW"
"google","/stocks/MDLZ/free-cash-flow","free-cash-flow","3","0","0","2.333333333333333","1-3","0.12","0.12","high","0.21599999999999997","P1_REVIEW"
"google","/stocks/ROP/shares-outstanding","shares-outstanding","3","0","0","2.333333333333333","1-3","0.12","0.12","high","0.21599999999999997","P1_REVIEW"
"google","/stocks/TXT","other","4","0","0","1.75","1-3","0.12","0.12","medium","0.21599999999999997","P1_REVIEW"
"google","/compare/ANET-vs-APH","comparison","6","0","0","7.166666666666667","6-10","0.035","0.035","high","0.21000000000000002","P0_POSITION_4_10_LOW_CTR"
"google","/compare/ANET-vs-GLW","comparison","3","0","0","5","4-5","0.07","0.07","high","0.21000000000000002","P0_POSITION_4_10_LOW_CTR"
"google","/compare/BNY-vs-PNC","comparison","6","0","0","6","6-10","0.035","0.035","high","0.21000000000000002","P0_POSITION_4_10_LOW_CTR"
"google","/compare/CMI-vs-PWR","comparison","3","0","0","4","4-5","0.07","0.07","high","0.21000000000000002","P0_POSITION_4_10_LOW_CTR"
"google","/compare/COHU-vs-ICHR","comparison","3","0","0","4.666666666666666","4-5","0.07","0.07","high","0.21000000000000002","P0_POSITION_4_10_LOW_CTR"
"google","/compare/ETR-vs-VST","comparison","6","0","0","5.833333333333333","6-10","0.035","0.035","high","0.21000000000000002","P0_POSITION_4_10_LOW_CTR"
"google","/compare/EXC-vs-XEL","comparison","3","0","0","5","4-5","0.07","0.07","high","0.21000000000000002","P0_POSITION_4_10_LOW_CTR"
"google","/compare/MNR-vs-NEXT","comparison","3","0","0","4","4-5","0.07","0.07","high","0.21000000000000002","P0_POSITION_4_10_LOW_CTR"
"google","/compare/MT-vs-NUE","comparison","6","0","0","8.5","6-10","0.035","0.035","high","0.21000000000000002","P0_POSITION_4_10_LOW_CTR"
"google","/stocks/AMR/dividend-history","dividend-history","3","0","0","4.333333333333334","4-5","0.07","0.07","high","0.21000000000000002","P0_POSITION_4_10_LOW_CTR"
"google","/stocks/AMR/total-debt","total-debt","3","0","0","4.666666666666666","4-5","0.07","0.07","high","0.21000000000000002","P0_POSITION_4_10_LOW_CTR"
"google","/stocks/ATO/free-cash-flow","free-cash-flow","3","0","0","4","4-5","0.07","0.07","high","0.21000000000000002","P0_POSITION_4_10_LOW_CTR"
"google","/stocks/ENPH/net-income","net-income","3","0","0","4.666666666666666","4-5","0.07","0.07","high","0.21000000000000002","P0_POSITION_4_10_LOW_CTR"
"google","/stocks/ITT","other","8","0","0","6.625","6-10","0.035","0.035","medium","0.21000000000000002","P0_POSITION_4_10_LOW_CTR"
"google","/stocks/LAMR/revenue","revenue","6","0","0","7.333333333333333","6-10","0.035","0.035","high","0.21000000000000002","P0_POSITION_4_10_LOW_CTR"
"google","/stocks/MPWR","other","8","0","0","8.625","6-10","0.035","0.035","medium","0.21000000000000002","P0_POSITION_4_10_LOW_CTR"
"google","/stocks/MSEX/shares-outstanding","shares-outstanding","6","0","0","5.666666666666667","6-10","0.035","0.035","high","0.21000000000000002","P0_POSITION_4_10_LOW_CTR"
"google","/stocks/OC/eps","eps","3","0","0","4","4-5","0.07","0.07","high","0.21000000000000002","P0_POSITION_4_10_LOW_CTR"
"google","/stocks/VMET","other","4","0","0","4.25","4-5","0.07","0.07","medium","0.21000000000000002","P0_POSITION_4_10_LOW_CTR"
"google","/compare/AMAT-vs-SNDK","comparison","5","0","0","7","6-10","0.035","0.035","high","0.17500000000000002","P0_POSITION_4_10_LOW_CTR"
"google","/compare/BULL-vs-DAVE","comparison","5","0","0","7.4","6-10","0.035","0.035","high","0.17500000000000002","P0_POSITION_4_10_LOW_CTR"
"google","/compare/CBRS-vs-FLEX","comparison","5","0","0","9.8","6-10","0.035","0.035","high","0.17500000000000002","P0_POSITION_4_10_LOW_CTR"
"google","/compare/CEG-vs-DUK","comparison","5","0","0","9.8","6-10","0.035","0.035","high","0.17500000000000002","P0_POSITION_4_10_LOW_CTR"
"google","/compare/CRDO-vs-CRWV","comparison","5","0","0","5.2","6-10","0.035","0.035","high","0.17500000000000002","P0_POSITION_4_10_LOW_CTR"
"google","/compare/DOW-vs-LYB","comparison","5","0","0","6.4","6-10","0.035","0.035","high","0.17500000000000002","P0_POSITION_4_10_LOW_CTR"
"google","/compare/ELV-vs-MCK","comparison","5","0","0","5.4","6-10","0.035","0.035","high","0.17500000000000002","P0_POSITION_4_10_LOW_CTR"
"google","/compare/ETN-vs-GEV","comparison","5","0","0","8.4","6-10","0.035","0.035","high","0.17500000000000002","P0_POSITION_4_10_LOW_CTR"
"google","/compare/HRI-vs-WSC","comparison","5","0","0","8.2","6-10","0.035","0.035","high","0.17500000000000002","P0_POSITION_4_10_LOW_CTR"
"google","/compare/NVTS-vs-ONDS","comparison","5","0","0","6.8","6-10","0.035","0.035","high","0.17500000000000002","P0_POSITION_4_10_LOW_CTR"
"google","/compare/NYAX-vs-PDFS","comparison","5","0","0","8.6","6-10","0.035","0.035","high","0.17500000000000002","P0_POSITION_4_10_LOW_CTR"
"google","/compare/VEEV-vs-WST","comparison","5","0","0","8.4","6-10","0.035","0.035","high","0.17500000000000002","P0_POSITION_4_10_LOW_CTR"
"google","/stocks/AMR/free-cash-flow","free-cash-flow","5","0","0","9.8","6-10","0.035","0.035","high","0.17500000000000002","P0_POSITION_4_10_LOW_CTR"
"google","/stocks/DLB/free-cash-flow","free-cash-flow","5","0","0","7.2","6-10","0.035","0.035","high","0.17500000000000002","P0_POSITION_4_10_LOW_CTR"
"google","/stocks/NKE/net-income","net-income","5","0","0","6.8","6-10","0.035","0.035","high","0.17500000000000002","P0_POSITION_4_10_LOW_CTR"
"google","/compare/ADM-vs-SYY","comparison","4","0","0","3.75","4-5","0.07","0.07","high","0.168","P1_REVIEW"
"google","/compare/AURA-vs-RLMD","comparison","1","0","0","1","1-3","0.28","0.28","high","0.168","P1_REVIEW"
"google","/compare/CACC-vs-SIGI","comparison","1","0","0","1","1-3","0.28","0.28","high","0.168","P1_REVIEW"
"google","/compare/CG-vs-EWBC","comparison","1","0","0","1","1-3","0.28","0.28","high","0.168","P1_REVIEW"
"google","/compare/DRI-vs-SW","comparison","1","0","0","1","1-3","0.28","0.28","high","0.168","P1_REVIEW"
"google","/compare/FFIV-vs-TEAM","comparison","1","0","0","1","1-3","0.28","0.28","high","0.168","P1_REVIEW"
"google","/compare/FSLR-vs-ZM","comparison","1","0","0","1","1-3","0.28","0.28","high","0.168","P1_REVIEW"
"google","/compare/ICE-vs-TFC","comparison","1","0","0","1","1-3","0.28","0.28","high","0.168","P1_REVIEW"
"google","/compare/LSCC-vs-SITM","comparison","1","0","0","1","1-3","0.28","0.28","high","0.168","P1_REVIEW"
"google","/compare/RMIX-vs-SGML","comparison","1","0","0","1","1-3","0.28","0.28","high","0.168","P1_REVIEW"
"google","/compare/RTO-vs-TXT","comparison","1","0","0","1","1-3","0.28","0.28","high","0.168","P1_REVIEW"
"google","/stocks/AMZN/total-debt","total-debt","1","0","0","1","1-3","0.28","0.28","high","0.168","P1_REVIEW"
"google","/stocks/APG/dividend-history","dividend-history","1","0","0","1","1-3","0.28","0.28","high","0.168","P1_REVIEW"
"google","/stocks/DRI/free-cash-flow","free-cash-flow","1","0","0","1","1-3","0.28","0.28","high","0.168","P1_REVIEW"
"google","/stocks/EQR/eps","eps","1","0","0","1","1-3","0.28","0.28","high","0.168","P1_REVIEW"
"google","/stocks/FANG/pe-ratio","pe-ratio","1","0","0","1","1-3","0.28","0.28","high","0.168","P1_REVIEW"
"google","/stocks/FCX/eps","eps","1","0","0","1","1-3","0.28","0.28","high","0.168","P1_REVIEW"
"google","/stocks/HRB/gross-profit","gross-profit","1","0","0","1","1-3","0.28","0.28","high","0.168","P1_REVIEW"
"google","/stocks/LH/eps","eps","1","0","0","1","1-3","0.28","0.28","high","0.168","P1_REVIEW"
"google","/stocks/MO/pe-ratio","pe-ratio","1","0","0","1","1-3","0.28","0.28","high","0.168","P1_REVIEW"
"google","/stocks/NEM/eps","eps","1","0","0","1","1-3","0.28","0.28","high","0.168","P1_REVIEW"
"google","/stocks/NVDA/gross-profit","gross-profit","1","0","0","1","1-3","0.28","0.28","high","0.168","P1_REVIEW"
"google","/stocks/ONTO/free-cash-flow","free-cash-flow","1","0","0","1","1-3","0.28","0.28","high","0.168","P1_REVIEW"
"google","/stocks/WTW/total-debt","total-debt","1","0","0","1","1-3","0.28","0.28","high","0.168","P1_REVIEW"
"google","/stocks/AVAV","other","6","0","0","8.333333333333332","6-10","0.035","0.035","medium","0.15750000000000003","P0_POSITION_4_10_LOW_CTR"
"google","/stocks/BDC","other","6","0","0","6.333333333333333","6-10","0.035","0.035","medium","0.15750000000000003","P0_POSITION_4_10_LOW_CTR"
"google","/stocks/GTLS","other","6","0","0","5.833333333333333","6-10","0.035","0.035","medium","0.15750000000000003","P0_POSITION_4_10_LOW_CTR"
"google","/terms","other","3","0","0","4.666666666666666","4-5","0.07","0.07","medium","0.15750000000000003","P0_POSITION_4_10_LOW_CTR"
"google","/compare/AJG-vs-ALL","comparison","2","0","0","3","1-3","0.12","0.12","high","0.144","P1_REVIEW"
"google","/compare/ALAB-vs-CIEN","comparison","2","0","0","2","1-3","0.12","0.12","high","0.144","P1_REVIEW"
"google","/compare/CLVT-vs-HLIT","comparison","2","0","0","3","1-3","0.12","0.12","high","0.144","P1_REVIEW"
"google","/compare/CNR-vs-CNX","comparison","2","0","0","2","1-3","0.12","0.12","high","0.144","P1_REVIEW"
"google","/compare/DE-vs-ETN","comparison","2","0","0","3","1-3","0.12","0.12","high","0.144","P1_REVIEW"
"google","/compare/DHR-vs-VRTX","comparison","2","0","0","2","1-3","0.12","0.12","high","0.144","P1_REVIEW"
"google","/compare/FLY-vs-KRMN","comparison","2","0","0","2","1-3","0.12","0.12","high","0.144","P1_REVIEW"
"google","/compare/IMMX-vs-PHR","comparison","2","0","0","3","1-3","0.12","0.12","high","0.144","P1_REVIEW"
"google","/compare/KGS-vs-WFRD","comparison","2","0","0","3","1-3","0.12","0.12","high","0.144","P1_REVIEW"
"google","/compare/KLAC-vs-PLTR","comparison","2","0","0","2.5","1-3","0.12","0.12","high","0.144","P1_REVIEW"
"google","/compare/KNTK-vs-SOBO","comparison","2","0","0","3","1-3","0.12","0.12","high","0.144","P1_REVIEW"
"google","/compare/MPT-vs-PK","comparison","2","0","0","2","1-3","0.12","0.12","high","0.144","P1_REVIEW"
"google","/compare/MRSH-vs-TRV","comparison","2","0","0","2","1-3","0.12","0.12","high","0.144","P1_REVIEW"
"google","/compare/PLTR-vs-TXN","comparison","2","0","0","3","1-3","0.12","0.12","high","0.144","P1_REVIEW"
"google","/compare/SITM-vs-TTMI","comparison","2","0","0","2","1-3","0.12","0.12","high","0.144","P1_REVIEW"
"google","/stocks/DHI/eps","eps","2","0","0","2.5","1-3","0.12","0.12","high","0.144","P1_REVIEW"
"google","/stocks/ETR/dividend-history","dividend-history","2","0","0","3","1-3","0.12","0.12","high","0.144","P1_REVIEW"
"google","/stocks/IRT/net-income","net-income","2","0","0","3","1-3","0.12","0.12","high","0.144","P1_REVIEW"
"google","/stocks/MDLZ/gross-profit","gross-profit","2","0","0","2","1-3","0.12","0.12","high","0.144","P1_REVIEW"
"google","/stocks/NKE/gross-profit","gross-profit","2","0","0","2","1-3","0.12","0.12","high","0.144","P1_REVIEW"
"google","/stocks/R/eps","eps","2","0","0","2","1-3","0.12","0.12","high","0.144","P1_REVIEW"
"google","/compare/ACMR-vs-NOVT","comparison","2","0","0","4","4-5","0.07","0.07","high","0.14","P0_POSITION_4_10_LOW_CTR"
"google","/compare/AMC-vs-WB","comparison","2","0","0","5","4-5","0.07","0.07","high","0.14","P0_POSITION_4_10_LOW_CTR"
"google","/compare/AMD-vs-KLAC","comparison","2","0","0","4.5","4-5","0.07","0.07","high","0.14","P0_POSITION_4_10_LOW_CTR"
"google","/compare/ANET-vs-PANW","comparison","4","0","0","8","6-10","0.035","0.035","high","0.14","P0_POSITION_4_10_LOW_CTR"
"google","/compare/APOG-vs-MATW","comparison","2","0","0","5","4-5","0.07","0.07","high","0.14","P0_POSITION_4_10_LOW_CTR"
"google","/compare/ARXS-vs-BWXT","comparison","2","0","0","5","4-5","0.07","0.07","high","0.14","P0_POSITION_4_10_LOW_CTR"
"google","/compare/AZN-vs-TMO","comparison","4","0","0","9.5","6-10","0.035","0.035","high","0.14","P0_POSITION_4_10_LOW_CTR"
"google","/compare/BAC-vs-MS","comparison","4","0","0","5.5","6-10","0.035","0.035","high","0.14","P0_POSITION_4_10_LOW_CTR"
"google","/compare/CHRW-vs-EXPD","comparison","4","0","0","8.75","6-10","0.035","0.035","high","0.14","P0_POSITION_4_10_LOW_CTR"
"google","/compare/CLYM-vs-TLRY","comparison","2","0","0","5","4-5","0.07","0.07","high","0.14","P0_POSITION_4_10_LOW_CTR"
"google","/compare/DELL-vs-MRVL","comparison","4","0","0","6.25","6-10","0.035","0.035","high","0.14","P0_POSITION_4_10_LOW_CTR"
"google","/compare/EG-vs-RGA","comparison","2","0","0","5","4-5","0.07","0.07","high","0.14","P0_POSITION_4_10_LOW_CTR"
"google","/compare/EOG-vs-EPD","comparison","2","0","0","5","4-5","0.07","0.07","high","0.14","P0_POSITION_4_10_LOW_CTR"
"google","/compare/ET-vs-KMI","comparison","4","0","0","8.75","6-10","0.035","0.035","high","0.14","P0_POSITION_4_10_LOW_CTR"
"google","/compare/GIS-vs-HRL","comparison","4","0","0","9.75","6-10","0.035","0.035","high","0.14","P0_POSITION_4_10_LOW_CTR"
"google","/compare/HSY-vs-KDP","comparison","2","0","0","5","4-5","0.07","0.07","high","0.14","P0_POSITION_4_10_LOW_CTR"
"google","/compare/ISRG-vs-TMO","comparison","2","0","0","4","4-5","0.07","0.07","high","0.14","P0_POSITION_4_10_LOW_CTR"
"google","/compare/LAD-vs-SGHC","comparison","2","0","0","4","4-5","0.07","0.07","high","0.14","P0_POSITION_4_10_LOW_CTR"
"google","/compare/LXRX-vs-TBPH","comparison","4","0","0","8","6-10","0.035","0.035","high","0.14","P0_POSITION_4_10_LOW_CTR"
"google","/compare/MCK-vs-SYK","comparison","4","0","0","7.75","6-10","0.035","0.035","high","0.14","P0_POSITION_4_10_LOW_CTR"
"google","/compare/NEM-vs-RIO","comparison","4","0","0","8.25","6-10","0.035","0.035","high","0.14","P0_POSITION_4_10_LOW_CTR"
"google","/compare/NRG-vs-PPL","comparison","4","0","0","7.5","6-10","0.035","0.035","high","0.14","P0_POSITION_4_10_LOW_CTR"
"google","/compare/OKE-vs-OXY","comparison","2","0","0","4.5","4-5","0.07","0.07","high","0.14","P0_POSITION_4_10_LOW_CTR"
"google","/compare/PEP-vs-PG","comparison","4","0","0","8.25","6-10","0.035","0.035","high","0.14","P0_POSITION_4_10_LOW_CTR"
"google","/compare/PG-vs-PM","comparison","4","0","0","6","6-10","0.035","0.035","high","0.14","P0_POSITION_4_10_LOW_CTR"
"google","/compare/PWR-vs-VRT","comparison","4","0","0","6.75","6-10","0.035","0.035","high","0.14","P0_POSITION_4_10_LOW_CTR"
"google","/compare/RDW-vs-SMR","comparison","2","0","0","4.5","4-5","0.07","0.07","high","0.14","P0_POSITION_4_10_LOW_CTR"
"google","/compare/SBLK-vs-ZIM","comparison","4","0","0","8.25","6-10","0.035","0.035","high","0.14","P0_POSITION_4_10_LOW_CTR"
"google","/compare/SHOP-vs-UBER","comparison","4","0","0","5.75","6-10","0.035","0.035","high","0.14","P0_POSITION_4_10_LOW_CTR"
"google","/compare/SITE-vs-TREX","comparison","4","0","0","7.5","6-10","0.035","0.035","high","0.14","P0_POSITION_4_10_LOW_CTR"
"google","/stocks/AAPL/total-debt","total-debt","2","0","0","4","4-5","0.07","0.07","high","0.14","P0_POSITION_4_10_LOW_CTR"
"google","/stocks/ACI/gross-profit","gross-profit","4","0","0","5.5","6-10","0.035","0.035","high","0.14","P0_POSITION_4_10_LOW_CTR"
"google","/stocks/APD/shares-outstanding","shares-outstanding","4","0","0","7.25","6-10","0.035","0.035","high","0.14","P0_POSITION_4_10_LOW_CTR"
"google","/stocks/AWI/shares-outstanding","shares-outstanding","4","0","0","6.25","6-10","0.035","0.035","high","0.14","P0_POSITION_4_10_LOW_CTR"
"google","/stocks/COP/gross-profit","gross-profit","4","0","0","7.5","6-10","0.035","0.035","high","0.14","P0_POSITION_4_10_LOW_CTR"
"google","/stocks/CWEN/free-cash-flow","free-cash-flow","4","0","0","8","6-10","0.035","0.035","high","0.14","P0_POSITION_4_10_LOW_CTR"
"google","/stocks/EGP/pe-ratio","pe-ratio","2","0","0","5","4-5","0.07","0.07","high","0.14","P0_POSITION_4_10_LOW_CTR"
"google","/stocks/GE/gross-profit","gross-profit","2","0","0","4","4-5","0.07","0.07","high","0.14","P0_POSITION_4_10_LOW_CTR"
"google","/stocks/GO/revenue","revenue","4","0","0","7.75","6-10","0.035","0.035","high","0.14","P0_POSITION_4_10_LOW_CTR"
"google","/stocks/GXO/free-cash-flow","free-cash-flow","2","0","0","5","4-5","0.07","0.07","high","0.14","P0_POSITION_4_10_LOW_CTR"
"google","/stocks/ITGR/gross-profit","gross-profit","2","0","0","5","4-5","0.07","0.07","high","0.14","P0_POSITION_4_10_LOW_CTR"
"google","/stocks/NVDA/revenue","revenue","4","0","0","7","6-10","0.035","0.035","high","0.14","P0_POSITION_4_10_LOW_CTR"
"google","/stocks/PECO/revenue","revenue","2","0","0","5","4-5","0.07","0.07","high","0.14","P0_POSITION_4_10_LOW_CTR"
"google","/stocks/POOL/shares-outstanding","shares-outstanding","4","0","0","5.75","6-10","0.035","0.035","high","0.14","P0_POSITION_4_10_LOW_CTR"
"google","/stocks/ROP/total-debt","total-debt","2","0","0","4.5","4-5","0.07","0.07","high","0.14","P0_POSITION_4_10_LOW_CTR"
"google","/stocks/RSG/eps","eps","2","0","0","5","4-5","0.07","0.07","high","0.14","P0_POSITION_4_10_LOW_CTR"
"google","/stocks/WWW/pe-ratio","pe-ratio","4","0","0","7.5","6-10","0.035","0.035","high","0.14","P0_POSITION_4_10_LOW_CTR"
"google","/stocks/AEIS","other","5","0","0","6.2","6-10","0.035","0.035","medium","0.13125","P0_POSITION_4_10_LOW_CTR"
"google","/stocks/BROS","other","5","0","0","7.2","6-10","0.035","0.035","medium","0.13125","P0_POSITION_4_10_LOW_CTR"
"google","/stocks/CAR","other","5","0","0","5.4","6-10","0.035","0.035","medium","0.13125","P0_POSITION_4_10_LOW_CTR"
"google","/stocks/RH","other","5","0","0","10","6-10","0.035","0.035","medium","0.13125","P0_POSITION_4_10_LOW_CTR"
"google","/stocks/UFPI","other","5","0","0","8.2","6-10","0.035","0.035","medium","0.13125","P0_POSITION_4_10_LOW_CTR"
"google","/compare/ALL-vs-MET","comparison","18","0","0","11.444444444444445","11-15","0.012","0.012","high","0.1296","P1_REVIEW"
"google","/compare/APP-vs-NBIS","comparison","3","0","0","3.6666666666666665","4-5","0.07","0.07","high","0.126","P1_REVIEW"
"google","/compare/GLW-vs-WDC","comparison","3","0","0","3.3333333333333335","4-5","0.07","0.07","high","0.126","P1_REVIEW"
"google","/stocks/EPAM","other","4","0","0","3.5","4-5","0.07","0.07","medium","0.126","P1_REVIEW"
"google","/stocks/GTM","other","1","0","0","1","1-3","0.28","0.28","medium","0.126","P1_REVIEW"
"google","/stocks/IREN","other","1","0","0","1","1-3","0.28","0.28","medium","0.126","P1_REVIEW"
"google","/stocks/NTRA","other","1","0","0","1","1-3","0.28","0.28","medium","0.126","P1_REVIEW"
"google","/stocks/P","other","1","0","0","1","1-3","0.28","0.28","medium","0.126","P1_REVIEW"
"google","/stocks/PENN","other","1","0","0","1","1-3","0.28","0.28","medium","0.126","P1_REVIEW"
"google","/stocks/SFNC","other","1","0","0","1","1-3","0.28","0.28","medium","0.126","P1_REVIEW"
"google","/stocks/SITM","other","1","0","0","1","1-3","0.28","0.28","medium","0.126","P1_REVIEW"
"google","/stocks/SJM","other","1","0","0","1","1-3","0.28","0.28","medium","0.126","P1_REVIEW"
"google","/stocks/STEP","other","1","0","0","1","1-3","0.28","0.28","medium","0.126","P1_REVIEW"
"google","/stocks/WSC","other","1","0","0","1","1-3","0.28","0.28","medium","0.126","P1_REVIEW"
"google","/compare","other","2","0","0","3","1-3","0.12","0.12","medium","0.10799999999999998","P1_REVIEW"
"google","/stocks/DLX","other","2","0","0","2","1-3","0.12","0.12","medium","0.10799999999999998","P1_REVIEW"
"google","/stocks/MBX","other","2","0","0","2","1-3","0.12","0.12","medium","0.10799999999999998","P1_REVIEW"
"google","/stocks/PGNY","other","2","0","0","3","1-3","0.12","0.12","medium","0.10799999999999998","P1_REVIEW"
"google","/stocks/PLMR","other","2","0","0","3","1-3","0.12","0.12","medium","0.10799999999999998","P1_REVIEW"
"google","/stocks/RUN","other","2","0","0","3","1-3","0.12","0.12","medium","0.10799999999999998","P1_REVIEW"
"google","/terms.html","other","2","0","0","3","1-3","0.12","0.12","medium","0.10799999999999998","P1_REVIEW"
"google","/company","other","2","0","0","4","4-5","0.07","0.07","medium","0.10500000000000001","P0_POSITION_4_10_LOW_CTR"
"google","/compare/ABT-vs-AMGN","comparison","3","0","0","6.333333333333333","6-10","0.035","0.035","high","0.10500000000000001","P0_POSITION_4_10_LOW_CTR"
"google","/compare/ACHR-vs-BETA","comparison","3","0","0","7.666666666666667","6-10","0.035","0.035","high","0.10500000000000001","P0_POSITION_4_10_LOW_CTR"
"google","/compare/BA-vs-RTX","comparison","3","0","0","7.666666666666667","6-10","0.035","0.035","high","0.10500000000000001","P0_POSITION_4_10_LOW_CTR"
"google","/compare/CARR-vs-GWW","comparison","3","0","0","7","6-10","0.035","0.035","high","0.10500000000000001","P0_POSITION_4_10_LOW_CTR"
"google","/compare/CNP-vs-XEL","comparison","3","0","0","5.333333333333333","6-10","0.035","0.035","high","0.10500000000000001","P0_POSITION_4_10_LOW_CTR"
"google","/compare/COHR-vs-STM","comparison","3","0","0","6.666666666666667","6-10","0.035","0.035","high","0.10500000000000001","P0_POSITION_4_10_LOW_CTR"
"google","/compare/CSCO-vs-INTC","comparison","3","0","0","8.333333333333332","6-10","0.035","0.035","high","0.10500000000000001","P0_POSITION_4_10_LOW_CTR"
"google","/compare/DGX-vs-LH","comparison","3","0","0","10","6-10","0.035","0.035","high","0.10500000000000001","P0_POSITION_4_10_LOW_CTR"
"google","/compare/DVN-vs-LNG","comparison","3","0","0","7","6-10","0.035","0.035","high","0.10500000000000001","P0_POSITION_4_10_LOW_CTR"
"google","/compare/ED-vs-EXC","comparison","3","0","0","6.666666666666667","6-10","0.035","0.035","high","0.10500000000000001","P0_POSITION_4_10_LOW_CTR"
"google","/compare/EFOR-vs-GTM","comparison","3","0","0","5.666666666666667","6-10","0.035","0.035","high","0.10500000000000001","P0_POSITION_4_10_LOW_CTR"
"google","/compare/FORM-vs-SIMO","comparison","3","0","0","6","6-10","0.035","0.035","high","0.10500000000000001","P0_POSITION_4_10_LOW_CTR"
"google","/compare/INTC-vs-LRCX","comparison","3","0","0","5.333333333333333","6-10","0.035","0.035","high","0.10500000000000001","P0_POSITION_4_10_LOW_CTR"
"google","/compare/JPM-vs-MA","comparison","3","0","0","9.333333333333334","6-10","0.035","0.035","high","0.10500000000000001","P0_POSITION_4_10_LOW_CTR"
"google","/compare/KGS-vs-SEI","comparison","3","0","0","6","6-10","0.035","0.035","high","0.10500000000000001","P0_POSITION_4_10_LOW_CTR"
"google","/compare/KLAC-vs-TXN","comparison","3","0","0","7","6-10","0.035","0.035","high","0.10500000000000001","P0_POSITION_4_10_LOW_CTR"
"google","/compare/LLYVA-vs-LLYVK","comparison","3","0","0","6.333333333333333","6-10","0.035","0.035","high","0.10500000000000001","P0_POSITION_4_10_LOW_CTR"
"google","/compare/PFE-vs-TMO","comparison","3","0","0","5.666666666666667","6-10","0.035","0.035","high","0.10500000000000001","P0_POSITION_4_10_LOW_CTR"
"google","/compare/SB-vs-SWBI","comparison","3","0","0","6.666666666666667","6-10","0.035","0.035","high","0.10500000000000001","P0_POSITION_4_10_LOW_CTR"
"google","/compare/UA-vs-UAA","comparison","3","0","0","9","6-10","0.035","0.035","high","0.10500000000000001","P0_POSITION_4_10_LOW_CTR"
"google","/stocks/ASTH/revenue","revenue","3","0","0","6","6-10","0.035","0.035","high","0.10500000000000001","P0_POSITION_4_10_LOW_CTR"
"google","/stocks/ATR","other","2","0","0","4","4-5","0.07","0.07","medium","0.10500000000000001","P0_POSITION_4_10_LOW_CTR"
"google","/stocks/BDC/free-cash-flow","free-cash-flow","3","0","0","6.666666666666667","6-10","0.035","0.035","high","0.10500000000000001","P0_POSITION_4_10_LOW_CTR"
"google","/stocks/BDX","other","4","0","0","6.75","6-10","0.035","0.035","medium","0.10500000000000001","P0_POSITION_4_10_LOW_CTR"
"google","/stocks/CHTR/free-cash-flow","free-cash-flow","3","0","0","9.333333333333334","6-10","0.035","0.035","high","0.10500000000000001","P0_POSITION_4_10_LOW_CTR"
"google","/stocks/CSW","other","4","0","0","8.5","6-10","0.035","0.035","medium","0.10500000000000001","P0_POSITION_4_10_LOW_CTR"
"google","/stocks/CUBE/pe-ratio","pe-ratio","3","0","0","7","6-10","0.035","0.035","high","0.10500000000000001","P0_POSITION_4_10_LOW_CTR"
"google","/stocks/ELS/revenue","revenue","3","0","0","5.333333333333333","6-10","0.035","0.035","high","0.10500000000000001","P0_POSITION_4_10_LOW_CTR"
"google","/stocks/ENTG/net-income","net-income","3","0","0","10","6-10","0.035","0.035","high","0.10500000000000001","P0_POSITION_4_10_LOW_CTR"
"google","/stocks/HP/free-cash-flow","free-cash-flow","3","0","0","8","6-10","0.035","0.035","high","0.10500000000000001","P0_POSITION_4_10_LOW_CTR"
"google","/stocks/KMX/eps","eps","3","0","0","9","6-10","0.035","0.035","high","0.10500000000000001","P0_POSITION_4_10_LOW_CTR"
"google","/stocks/LIN/eps","eps","3","0","0","7.333333333333333","6-10","0.035","0.035","high","0.10500000000000001","P0_POSITION_4_10_LOW_CTR"
"google","/stocks/M","other","4","0","0","7","6-10","0.035","0.035","medium","0.10500000000000001","P0_POSITION_4_10_LOW_CTR"
"google","/stocks/MU","other","2","0","0","5","4-5","0.07","0.07","medium","0.10500000000000001","P0_POSITION_4_10_LOW_CTR"
"google","/stocks/NAVI/free-cash-flow","free-cash-flow","3","0","0","9.333333333333334","6-10","0.035","0.035","high","0.10500000000000001","P0_POSITION_4_10_LOW_CTR"
"google","/stocks/NVDA/shares-outstanding","shares-outstanding","3","0","0","9.333333333333334","6-10","0.035","0.035","high","0.10500000000000001","P0_POSITION_4_10_LOW_CTR"
"google","/stocks/PFGC/gross-profit","gross-profit","3","0","0","9.666666666666666","6-10","0.035","0.035","high","0.10500000000000001","P0_POSITION_4_10_LOW_CTR"
"google","/stocks/SAM/net-income","net-income","3","0","0","6.333333333333333","6-10","0.035","0.035","high","0.10500000000000001","P0_POSITION_4_10_LOW_CTR"
"google","/stocks/SCI/revenue","revenue","3","0","0","7.666666666666667","6-10","0.035","0.035","high","0.10500000000000001","P0_POSITION_4_10_LOW_CTR"
"google","/stocks/TEL/dividend-history","dividend-history","3","0","0","5.666666666666667","6-10","0.035","0.035","high","0.10500000000000001","P0_POSITION_4_10_LOW_CTR"
"google","/stocks/TNDM","other","4","0","0","8.75","6-10","0.035","0.035","medium","0.10500000000000001","P0_POSITION_4_10_LOW_CTR"
"google","/stocks/TTWO/dividend-history","dividend-history","3","0","0","8","6-10","0.035","0.035","high","0.10500000000000001","P0_POSITION_4_10_LOW_CTR"
"google","/stocks/WDFC/net-income","net-income","3","0","0","8.333333333333332","6-10","0.035","0.035","high","0.10500000000000001","P0_POSITION_4_10_LOW_CTR"
"google","/stocks/WHD","other","4","0","0","6.5","6-10","0.035","0.035","medium","0.10500000000000001","P0_POSITION_4_10_LOW_CTR"
"google","/stocks/WSM/revenue","revenue","3","0","0","6.333333333333333","6-10","0.035","0.035","high","0.10500000000000001","P0_POSITION_4_10_LOW_CTR"
"google","/stocks/PRA","other","3","0","0","3.3333333333333335","4-5","0.07","0.07","medium","0.0945","P1_REVIEW"
"google","/vs/fiscal-ai","other","17","0","0","15","11-15","0.012","0.012","medium","0.09179999999999999","P1_REVIEW"
"google","/vs/koyfin","other","16","0","0","17.25","16-20","0.012","0.012","medium","0.0864","P1_REVIEW"
"google","/vs/wallstreetzen","other","16","0","0","15.625","16-20","0.012","0.012","medium","0.0864","P1_REVIEW"
"google","/compare/CIEN-vs-TER","comparison","2","0","0","3.5","4-5","0.07","0.07","high","0.084","P1_REVIEW"
"google","/compare/IBM-vs-QCOM","comparison","2","0","0","3.5","4-5","0.07","0.07","high","0.084","P1_REVIEW"
"google","/stocks/REGN/free-cash-flow","free-cash-flow","2","0","0","3.5","4-5","0.07","0.07","high","0.084","P1_REVIEW"
"google","/stocks/SWK/total-debt","total-debt","2","0","0","3.5","4-5","0.07","0.07","high","0.084","P1_REVIEW"
"google","/compare/BK-vs-BNY","comparison","11","0","0","11.363636363636363","11-15","0.012","0.012","high","0.07919999999999999","P1_REVIEW"
"google","/stocks/ACLS","other","3","0","0","8.666666666666668","6-10","0.035","0.035","medium","0.07875000000000001","P0_POSITION_4_10_LOW_CTR"
"google","/stocks/KLAC","other","3","0","0","6","6-10","0.035","0.035","medium","0.07875000000000001","P0_POSITION_4_10_LOW_CTR"
"google","/stocks/MKSI","other","3","0","0","7.333333333333333","6-10","0.035","0.035","medium","0.07875000000000001","P0_POSITION_4_10_LOW_CTR"
"google","/stocks/NTLA","other","3","0","0","6","6-10","0.035","0.035","medium","0.07875000000000001","P0_POSITION_4_10_LOW_CTR"
"google","/stocks/PRGS","other","3","0","0","10","6-10","0.035","0.035","medium","0.07875000000000001","P0_POSITION_4_10_LOW_CTR"
"google","/stocks/QLYS","other","3","0","0","6","6-10","0.035","0.035","medium","0.07875000000000001","P0_POSITION_4_10_LOW_CTR"
"google","/stocks/CTSH/net-income","net-income","10","0","0","10.4","11-15","0.012","0.012","high","0.07200000000000001","P1_REVIEW"
"google","/compare/ABNB-vs-MELI","comparison","1","0","0","2","1-3","0.12","0.12","high","0.072","P1_REVIEW"
"google","/compare/ACN-vs-INTU","comparison","1","0","0","2","1-3","0.12","0.12","high","0.072","P1_REVIEW"
"google","/compare/ADSK-vs-MCHP","comparison","1","0","0","2","1-3","0.12","0.12","high","0.072","P1_REVIEW"
"google","/compare/AFL-vs-KNSL","comparison","1","0","0","2","1-3","0.12","0.12","high","0.072","P1_REVIEW"
"google","/compare/AFRM-vs-SOFI","comparison","1","0","0","3","1-3","0.12","0.12","high","0.072","P1_REVIEW"
"google","/compare/ALNY-vs-HUM","comparison","1","0","0","2","1-3","0.12","0.12","high","0.072","P1_REVIEW"
"google","/compare/ALNY-vs-IDXX","comparison","1","0","0","3","1-3","0.12","0.12","high","0.072","P1_REVIEW"
"google","/compare/AMKR-vs-LSCC","comparison","1","0","0","2","1-3","0.12","0.12","high","0.072","P1_REVIEW"
"google","/compare/APG-vs-EFX","comparison","1","0","0","2","1-3","0.12","0.12","high","0.072","P1_REVIEW"
"google","/compare/AQN-vs-MDU","comparison","1","0","0","2","1-3","0.12","0.12","high","0.072","P1_REVIEW"
"google","/compare/BA-vs-DY","comparison","1","0","0","2","1-3","0.12","0.12","high","0.072","P1_REVIEW"
"google","/compare/BDX-vs-EW","comparison","1","0","0","2","1-3","0.12","0.12","high","0.072","P1_REVIEW"
"google","/compare/BROS-vs-DPZ","comparison","1","0","0","2","1-3","0.12","0.12","high","0.072","P1_REVIEW"
"google","/compare/CBRE-vs-WPC","comparison","1","0","0","3","1-3","0.12","0.12","high","0.072","P1_REVIEW"
"google","/compare/CHCT-vs-XRN","comparison","1","0","0","3","1-3","0.12","0.12","high","0.072","P1_REVIEW"
"google","/compare/COP-vs-EQNR","comparison","1","0","0","2","1-3","0.12","0.12","high","0.072","P1_REVIEW"
"google","/compare/CPAY-vs-TEAM","comparison","1","0","0","3","1-3","0.12","0.12","high","0.072","P1_REVIEW"
"google","/compare/CPK-vs-MGEE","comparison","1","0","0","3","1-3","0.12","0.12","high","0.072","P1_REVIEW"
"google","/compare/CRWD-vs-GLW","comparison","1","0","0","2","1-3","0.12","0.12","high","0.072","P1_REVIEW"
"google","/compare/DAL-vs-ROK","comparison","1","0","0","2","1-3","0.12","0.12","high","0.072","P1_REVIEW"
"google","/compare/DHR-vs-SYK","comparison","1","0","0","2","1-3","0.12","0.12","high","0.072","P1_REVIEW"
"google","/compare/DVN-vs-HAL","comparison","1","0","0","3","1-3","0.12","0.12","high","0.072","P1_REVIEW"
"google","/compare/EBAY-vs-NKE","comparison","1","0","0","2","1-3","0.12","0.12","high","0.072","P1_REVIEW"
"google","/compare/EMR-vs-MMM","comparison","1","0","0","2","1-3","0.12","0.12","high","0.072","P1_REVIEW"
"google","/compare/EVT-vs-GLAD","comparison","1","0","0","2","1-3","0.12","0.12","high","0.072","P1_REVIEW"
"google","/compare/HPQ-vs-VRSN","comparison","1","0","0","2","1-3","0.12","0.12","high","0.072","P1_REVIEW"
"google","/compare/KLAC-vs-SNDK","comparison","1","0","0","2","1-3","0.12","0.12","high","0.072","P1_REVIEW"
"google","/compare/LNG-vs-OXY","comparison","1","0","0","3","1-3","0.12","0.12","high","0.072","P1_REVIEW"
"google","/compare/LTC-vs-XHR","comparison","1","0","0","2","1-3","0.12","0.12","high","0.072","P1_REVIEW"
"google","/compare/MAR-vs-SBUX","comparison","1","0","0","2","1-3","0.12","0.12","high","0.072","P1_REVIEW"
"google","/compare/MDU-vs-NWE","comparison","1","0","0","2","1-3","0.12","0.12","high","0.072","P1_REVIEW"
"google","/compare/PGY-vs-UMAC","comparison","1","0","0","3","1-3","0.12","0.12","high","0.072","P1_REVIEW"
"google","/compare/PRDO-vs-WMK","comparison","1","0","0","2","1-3","0.12","0.12","high","0.072","P1_REVIEW"
"google","/compare/RIG-vs-WFRD","comparison","1","0","0","2","1-3","0.12","0.12","high","0.072","P1_REVIEW"
"google","/compare/RMD-vs-WST","comparison","1","0","0","2","1-3","0.12","0.12","high","0.072","P1_REVIEW"
"google","/compare/ROP-vs-UI","comparison","1","0","0","2","1-3","0.12","0.12","high","0.072","P1_REVIEW"
"google","/compare/SLB-vs-WMB","comparison","1","0","0","3","1-3","0.12","0.12","high","0.072","P1_REVIEW"
"google","/compare/SWKS-vs-TRMB","comparison","1","0","0","2","1-3","0.12","0.12","high","0.072","P1_REVIEW"
"google","/compare/TEAM-vs-VRSN","comparison","1","0","0","2","1-3","0.12","0.12","high","0.072","P1_REVIEW"
"google","/stocks/AEIS/revenue","revenue","1","0","0","3","1-3","0.12","0.12","high","0.072","P1_REVIEW"
"google","/stocks/AVAV/eps","eps","1","0","0","2","1-3","0.12","0.12","high","0.072","P1_REVIEW"
"google","/stocks/BNY/net-income","net-income","1","0","0","3","1-3","0.12","0.12","high","0.072","P1_REVIEW"
"google","/stocks/BSY/free-cash-flow","free-cash-flow","1","0","0","3","1-3","0.12","0.12","high","0.072","P1_REVIEW"
"google","/stocks/C/gross-profit","gross-profit","1","0","0","3","1-3","0.12","0.12","high","0.072","P1_REVIEW"
"google","/stocks/DBX/dividend-history","dividend-history","1","0","0","3","1-3","0.12","0.12","high","0.072","P1_REVIEW"
"google","/stocks/EQT/gross-profit","gross-profit","1","0","0","3","1-3","0.12","0.12","high","0.072","P1_REVIEW"
"google","/stocks/KDP/gross-profit","gross-profit","1","0","0","2","1-3","0.12","0.12","high","0.072","P1_REVIEW"
"google","/stocks/LRCX/dividend-history","dividend-history","1","0","0","3","1-3","0.12","0.12","high","0.072","P1_REVIEW"
"google","/stocks/MCK/total-debt","total-debt","1","0","0","2","1-3","0.12","0.12","high","0.072","P1_REVIEW"
"google","/stocks/NEM/shares-outstanding","shares-outstanding","1","0","0","2","1-3","0.12","0.12","high","0.072","P1_REVIEW"
"google","/stocks/PEGA/eps","eps","1","0","0","3","1-3","0.12","0.12","high","0.072","P1_REVIEW"
"google","/stocks/TMO/pe-ratio","pe-ratio","1","0","0","2","1-3","0.12","0.12","high","0.072","P1_REVIEW"
"google","/stocks/TMUS/free-cash-flow","free-cash-flow","1","0","0","3","1-3","0.12","0.12","high","0.072","P1_REVIEW"
"google","/stocks/VMC/revenue","revenue","1","0","0","2","1-3","0.12","0.12","high","0.072","P1_REVIEW"
"google","/compare/ABBV-vs-MRK","comparison","2","0","0","7","6-10","0.035","0.035","high","0.07","P0_POSITION_4_10_LOW_CTR"
"google","/compare/ABT-vs-AZN","comparison","1","0","0","5","4-5","0.07","0.07","high","0.07","P0_POSITION_4_10_LOW_CTR"
"google","/compare/ACDC-vs-PBT","comparison","2","0","0","8","6-10","0.035","0.035","high","0.07","P0_POSITION_4_10_LOW_CTR"
"google","/compare/ACI-vs-SFM","comparison","1","0","0","5","4-5","0.07","0.07","high","0.07","P0_POSITION_4_10_LOW_CTR"
"google","/compare/ACN-vs-ADBE","comparison","2","0","0","7.5","6-10","0.035","0.035","high","0.07","P0_POSITION_4_10_LOW_CTR"
"google","/compare/ACN-vs-CDNS","comparison","1","0","0","4","4-5","0.07","0.07","high","0.07","P0_POSITION_4_10_LOW_CTR"
"google","/compare/ACN-vs-FTNT","comparison","1","0","0","4","4-5","0.07","0.07","high","0.07","P0_POSITION_4_10_LOW_CTR"
"google","/compare/ADBE-vs-ADP","comparison","1","0","0","4","4-5","0.07","0.07","high","0.07","P0_POSITION_4_10_LOW_CTR"
"google","/compare/ADT-vs-CPA","comparison","2","0","0","6.5","6-10","0.035","0.035","high","0.07","P0_POSITION_4_10_LOW_CTR"
"google","/compare/AIZ-vs-GL","comparison","2","0","0","6.5","6-10","0.035","0.035","high","0.07","P0_POSITION_4_10_LOW_CTR"
"google","/compare/ALAB-vs-TEL","comparison","1","0","0","4","4-5","0.07","0.07","high","0.07","P0_POSITION_4_10_LOW_CTR"
"google","/compare/ALC-vs-WAT","comparison","1","0","0","5","4-5","0.07","0.07","high","0.07","P0_POSITION_4_10_LOW_CTR"
"google","/compare/AMC-vs-DV","comparison","2","0","0","8.5","6-10","0.035","0.035","high","0.07","P0_POSITION_4_10_LOW_CTR"
"google","/compare/AMC-vs-OPRA","comparison","1","0","0","4","4-5","0.07","0.07","high","0.07","P0_POSITION_4_10_LOW_CTR"
"google","/compare/AMD-vs-CRM","comparison","1","0","0","5","4-5","0.07","0.07","high","0.07","P0_POSITION_4_10_LOW_CTR"
"google","/compare/AMD-vs-CSCO","comparison","2","0","0","5.5","6-10","0.035","0.035","high","0.07","P0_POSITION_4_10_LOW_CTR"
"google","/compare/AMGN-vs-AZN","comparison","2","0","0","9","6-10","0.035","0.035","high","0.07","P0_POSITION_4_10_LOW_CTR"
"google","/compare/AMT-vs-O","comparison","2","0","0","9","6-10","0.035","0.035","high","0.07","P0_POSITION_4_10_LOW_CTR"
"google","/compare/AMZN-vs-GM","comparison","2","0","0","7","6-10","0.035","0.035","high","0.07","P0_POSITION_4_10_LOW_CTR"
"google","/compare/AMZN-vs-HD","comparison","1","0","0","4","4-5","0.07","0.07","high","0.07","P0_POSITION_4_10_LOW_CTR"
"google","/compare/AMZN-vs-TSLA","comparison","2","0","0","6.5","6-10","0.035","0.035","high","0.07","P0_POSITION_4_10_LOW_CTR"
"google","/compare/APA-vs-RRC","comparison","1","0","0","4","4-5","0.07","0.07","high","0.07","P0_POSITION_4_10_LOW_CTR"
"google","/compare/APLD-vs-ZBRA","comparison","1","0","0","4","4-5","0.07","0.07","high","0.07","P0_POSITION_4_10_LOW_CTR"
"google","/compare/AR-vs-RRC","comparison","1","0","0","4","4-5","0.07","0.07","high","0.07","P0_POSITION_4_10_LOW_CTR"
"google","/compare/ARGX-vs-REGN","comparison","1","0","0","5","4-5","0.07","0.07","high","0.07","P0_POSITION_4_10_LOW_CTR"
"google","/compare/ATO-vs-XEL","comparison","2","0","0","8","6-10","0.035","0.035","high","0.07","P0_POSITION_4_10_LOW_CTR"
"google","/compare/AVGO-vs-INTC","comparison","2","0","0","8.5","6-10","0.035","0.035","high","0.07","P0_POSITION_4_10_LOW_CTR"
"google","/compare/AXP-vs-BLK","comparison","2","0","0","8","6-10","0.035","0.035","high","0.07","P0_POSITION_4_10_LOW_CTR"
"google","/compare/BA-vs-CAT","comparison","2","0","0","6","6-10","0.035","0.035","high","0.07","P0_POSITION_4_10_LOW_CTR"
"google","/compare/BATRA-vs-MSGE","comparison","2","0","0","10","6-10","0.035","0.035","high","0.07","P0_POSITION_4_10_LOW_CTR"
"google","/compare/BCC-vs-HUN","comparison","2","0","0","7","6-10","0.035","0.035","high","0.07","P0_POSITION_4_10_LOW_CTR"
"google","/compare/BEAM-vs-RLAY","comparison","2","0","0","7.5","6-10","0.035","0.035","high","0.07","P0_POSITION_4_10_LOW_CTR"
"google","/compare/BGB-vs-TREE","comparison","1","0","0","4","4-5","0.07","0.07","high","0.07","P0_POSITION_4_10_LOW_CTR"
"google","/compare/BIIB-vs-BIO","comparison","1","0","0","4","4-5","0.07","0.07","high","0.07","P0_POSITION_4_10_LOW_CTR"
"google","/compare/BIIB-vs-DXCM","comparison","1","0","0","5","4-5","0.07","0.07","high","0.07","P0_POSITION_4_10_LOW_CTR"
"google","/compare/BILL-vs-KN","comparison","1","0","0","4","4-5","0.07","0.07","high","0.07","P0_POSITION_4_10_LOW_CTR"
"google","/compare/BLD-vs-QXO","comparison","2","0","0","9","6-10","0.035","0.035","high","0.07","P0_POSITION_4_10_LOW_CTR"
"google","/compare/BP-vs-SLB","comparison","2","0","0","5.5","6-10","0.035","0.035","high","0.07","P0_POSITION_4_10_LOW_CTR"
"google","/compare/BR-vs-SSNC","comparison","1","0","0","4","4-5","0.07","0.07","high","0.07","P0_POSITION_4_10_LOW_CTR"
"google","/compare/BRKR-vs-HALO","comparison","2","0","0","6","6-10","0.035","0.035","high","0.07","P0_POSITION_4_10_LOW_CTR"
"google","/compare/BTG-vs-TFPM","comparison","1","0","0","4","4-5","0.07","0.07","high","0.07","P0_POSITION_4_10_LOW_CTR"
"google","/compare/BULL-vs-NTSK","comparison","2","0","0","9.5","6-10","0.035","0.035","high","0.07","P0_POSITION_4_10_LOW_CTR"
"google","/compare/C-vs-IBKR","comparison","1","0","0","5","4-5","0.07","0.07","high","0.07","P0_POSITION_4_10_LOW_CTR"
"google","/compare/C-vs-MS","comparison","1","0","0","4","4-5","0.07","0.07","high","0.07","P0_POSITION_4_10_LOW_CTR"
"google","/compare/CAG-vs-TAL","comparison","1","0","0","4","4-5","0.07","0.07","high","0.07","P0_POSITION_4_10_LOW_CTR"
"google","/compare/CAH-vs-REGN","comparison","1","0","0","4","4-5","0.07","0.07","high","0.07","P0_POSITION_4_10_LOW_CTR"
"google","/compare/CCL-vs-VIK","comparison","1","0","0","5","4-5","0.07","0.07","high","0.07","P0_POSITION_4_10_LOW_CTR"
"google","/compare/CDE-vs-RGLD","comparison","1","0","0","5","4-5","0.07","0.07","high","0.07","P0_POSITION_4_10_LOW_CTR"
"google","/compare/CDP-vs-HHH","comparison","1","0","0","5","4-5","0.07","0.07","high","0.07","P0_POSITION_4_10_LOW_CTR"
"google","/compare/CEG-vs-XEL","comparison","2","0","0","5.5","6-10","0.035","0.035","high","0.07","P0_POSITION_4_10_LOW_CTR"
"google","/compare/CG-vs-OWL","comparison","2","0","0","8","6-10","0.035","0.035","high","0.07","P0_POSITION_4_10_LOW_CTR"
"google","/compare/CI-vs-ELV","comparison","2","0","0","6","6-10","0.035","0.035","high","0.07","P0_POSITION_4_10_LOW_CTR"
"google","/compare/CLVT-vs-DXC","comparison","1","0","0","4","4-5","0.07","0.07","high","0.07","P0_POSITION_4_10_LOW_CTR"
"google","/compare/CMP-vs-UAN","comparison","1","0","0","4","4-5","0.07","0.07","high","0.07","P0_POSITION_4_10_LOW_CTR"
"google","/compare/CMS-vs-XEL","comparison","2","0","0","6","6-10","0.035","0.035","high","0.07","P0_POSITION_4_10_LOW_CTR"
"google","/compare/COR-vs-MDLN","comparison","1","0","0","4","4-5","0.07","0.07","high","0.07","P0_POSITION_4_10_LOW_CTR"
"google","/compare/CRM-vs-SHOP","comparison","1","0","0","5","4-5","0.07","0.07","high","0.07","P0_POSITION_4_10_LOW_CTR"
"google","/compare/CRWV-vs-MCHP","comparison","1","0","0","4","4-5","0.07","0.07","high","0.07","P0_POSITION_4_10_LOW_CTR"
"google","/compare/CVX-vs-TTE","comparison","2","0","0","9","6-10","0.035","0.035","high","0.07","P0_POSITION_4_10_LOW_CTR"
"google","/compare/CWT-vs-HTO","comparison","1","0","0","5","4-5","0.07","0.07","high","0.07","P0_POSITION_4_10_LOW_CTR"
"google","/compare/DELL-vs-SNDK","comparison","2","0","0","7","6-10","0.035","0.035","high","0.07","P0_POSITION_4_10_LOW_CTR"
"google","/compare/DHR-vs-MDT","comparison","2","0","0","9.5","6-10","0.035","0.035","high","0.07","P0_POSITION_4_10_LOW_CTR"
"google","/compare/DINO-vs-EQT","comparison","1","0","0","4","4-5","0.07","0.07","high","0.07","P0_POSITION_4_10_LOW_CTR"
"google","/compare/DIS-vs-T","comparison","1","0","0","5","4-5","0.07","0.07","high","0.07","P0_POSITION_4_10_LOW_CTR"
"google","/compare/DIS-vs-VZ","comparison","1","0","0","4","4-5","0.07","0.07","high","0.07","P0_POSITION_4_10_LOW_CTR"
"google","/compare/DJCO-vs-GTM","comparison","2","0","0","6.5","6-10","0.035","0.035","high","0.07","P0_POSITION_4_10_LOW_CTR"
"google","/compare/DV-vs-ZD","comparison","1","0","0","4","4-5","0.07","0.07","high","0.07","P0_POSITION_4_10_LOW_CTR"
"google","/compare/DVN-vs-PR","comparison","1","0","0","4","4-5","0.07","0.07","high","0.07","P0_POSITION_4_10_LOW_CTR"
"google","/compare/EE-vs-STNG","comparison","1","0","0","4","4-5","0.07","0.07","high","0.07","P0_POSITION_4_10_LOW_CTR"
"google","/compare/EQT-vs-EXE","comparison","2","0","0","9","6-10","0.035","0.035","high","0.07","P0_POSITION_4_10_LOW_CTR"
"google","/compare/ES-vs-FE","comparison","1","0","0","5","4-5","0.07","0.07","high","0.07","P0_POSITION_4_10_LOW_CTR"
"google","/compare/ES-vs-PPL","comparison","2","0","0","7.5","6-10","0.035","0.035","high","0.07","P0_POSITION_4_10_LOW_CTR"
"google","/compare/EXP-vs-MOS","comparison","2","0","0","7","6-10","0.035","0.035","high","0.07","P0_POSITION_4_10_LOW_CTR"
"google","/compare/EXTR-vs-FOUR","comparison","1","0","0","4","4-5","0.07","0.07","high","0.07","P0_POSITION_4_10_LOW_CTR"
"google","/compare/FANG-vs-LNG","comparison","1","0","0","4","4-5","0.07","0.07","high","0.07","P0_POSITION_4_10_LOW_CTR"
"google","/compare/FE-vs-NRG","comparison","2","0","0","7","6-10","0.035","0.035","high","0.07","P0_POSITION_4_10_LOW_CTR"
"google","/compare/FE-vs-PPL","comparison","2","0","0","10","6-10","0.035","0.035","high","0.07","P0_POSITION_4_10_LOW_CTR"
"google","/compare/FLUT-vs-SN","comparison","2","0","0","8","6-10","0.035","0.035","high","0.07","P0_POSITION_4_10_LOW_CTR"
"google","/compare/FNF-vs-RNR","comparison","2","0","0","9.5","6-10","0.035","0.035","high","0.07","P0_POSITION_4_10_LOW_CTR"
"google","/compare/FROG-vs-HUBS","comparison","1","0","0","5","4-5","0.07","0.07","high","0.07","P0_POSITION_4_10_LOW_CTR"
"google","/compare/FRVO-vs-OKLO","comparison","2","0","0","7","6-10","0.035","0.035","high","0.07","P0_POSITION_4_10_LOW_CTR"
"google","/compare/FRVO-vs-TLN","comparison","1","0","0","4","4-5","0.07","0.07","high","0.07","P0_POSITION_4_10_LOW_CTR"
"google","/compare/FTAI-vs-WWD","comparison","2","0","0","6.5","6-10","0.035","0.035","high","0.07","P0_POSITION_4_10_LOW_CTR"
"google","/compare/GE-vs-GEV","comparison","2","0","0","8","6-10","0.035","0.035","high","0.07","P0_POSITION_4_10_LOW_CTR"
"google","/compare/GILD-vs-ISRG","comparison","1","0","0","4","4-5","0.07","0.07","high","0.07","P0_POSITION_4_10_LOW_CTR"
"google","/compare/GLXY-vs-WULF","comparison","2","0","0","6","6-10","0.035","0.035","high","0.07","P0_POSITION_4_10_LOW_CTR"
"google","/compare/GS-vs-V","comparison","1","0","0","5","4-5","0.07","0.07","high","0.07","P0_POSITION_4_10_LOW_CTR"
"google","/compare/GTM-vs-RDVT","comparison","1","0","0","4","4-5","0.07","0.07","high","0.07","P0_POSITION_4_10_LOW_CTR"
"google","/compare/HD-vs-TSLA","comparison","1","0","0","5","4-5","0.07","0.07","high","0.07","P0_POSITION_4_10_LOW_CTR"
"google","/compare/HLI-vs-SNEX","comparison","1","0","0","5","4-5","0.07","0.07","high","0.07","P0_POSITION_4_10_LOW_CTR"
"google","/compare/HPE-vs-KEYS","comparison","2","0","0","9","6-10","0.035","0.035","high","0.07","P0_POSITION_4_10_LOW_CTR"
"google","/compare/HPE-vs-TEL","comparison","2","0","0","9.5","6-10","0.035","0.035","high","0.07","P0_POSITION_4_10_LOW_CTR"
"google","/compare/IBKR-vs-UBS","comparison","2","0","0","7","6-10","0.035","0.035","high","0.07","P0_POSITION_4_10_LOW_CTR"
"google","/compare/IBM-vs-STX","comparison","2","0","0","7","6-10","0.035","0.035","high","0.07","P0_POSITION_4_10_LOW_CTR"
"google","/compare/ICL-vs-MOS","comparison","2","0","0","9","6-10","0.035","0.035","high","0.07","P0_POSITION_4_10_LOW_CTR"
"google","/compare/IRWD-vs-PHR","comparison","2","0","0","6.5","6-10","0.035","0.035","high","0.07","P0_POSITION_4_10_LOW_CTR"
"google","/compare/JBL-vs-MSTR","comparison","1","0","0","4","4-5","0.07","0.07","high","0.07","P0_POSITION_4_10_LOW_CTR"
"google","/compare/JBS-vs-USFD","comparison","1","0","0","5","4-5","0.07","0.07","high","0.07","P0_POSITION_4_10_LOW_CTR"
"google","/compare/KDP-vs-MDLZ","comparison","1","0","0","4","4-5","0.07","0.07","high","0.07","P0_POSITION_4_10_LOW_CTR"
"google","/compare/KGC-vs-NTR","comparison","1","0","0","5","4-5","0.07","0.07","high","0.07","P0_POSITION_4_10_LOW_CTR"
"google","/compare/KHC-vs-KMB","comparison","1","0","0","4","4-5","0.07","0.07","high","0.07","P0_POSITION_4_10_LOW_CTR"
"google","/compare/KIM-vs-WPC","comparison","1","0","0","4","4-5","0.07","0.07","high","0.07","P0_POSITION_4_10_LOW_CTR"
"google","/compare/LASR-vs-QLYS","comparison","2","0","0","6","6-10","0.035","0.035","high","0.07","P0_POSITION_4_10_LOW_CTR"
"google","/compare/LDOS-vs-NTNX","comparison","1","0","0","5","4-5","0.07","0.07","high","0.07","P0_POSITION_4_10_LOW_CTR"
"google","/compare/LNT-vs-NI","comparison","1","0","0","4","4-5","0.07","0.07","high","0.07","P0_POSITION_4_10_LOW_CTR"
"google","/compare/LOW-vs-MAR","comparison","1","0","0","5","4-5","0.07","0.07","high","0.07","P0_POSITION_4_10_LOW_CTR"
"google","/compare/LYV-vs-TKO","comparison","1","0","0","4","4-5","0.07","0.07","high","0.07","P0_POSITION_4_10_LOW_CTR"
"google","/compare/MAR-vs-TJX","comparison","1","0","0","4","4-5","0.07","0.07","high","0.07","P0_POSITION_4_10_LOW_CTR"
"google","/compare/MBUU-vs-MCFT","comparison","1","0","0","5","4-5","0.07","0.07","high","0.07","P0_POSITION_4_10_LOW_CTR"
"google","/compare/MET-vs-STT","comparison","2","0","0","6.5","6-10","0.035","0.035","high","0.07","P0_POSITION_4_10_LOW_CTR"
"google","/compare/MHK-vs-VFC","comparison","1","0","0","5","4-5","0.07","0.07","high","0.07","P0_POSITION_4_10_LOW_CTR"
"google","/compare/MRVL-vs-PANW","comparison","1","0","0","4","4-5","0.07","0.07","high","0.07","P0_POSITION_4_10_LOW_CTR"
"google","/compare/NB-vs-TMQ","comparison","2","0","0","6","6-10","0.035","0.035","high","0.07","P0_POSITION_4_10_LOW_CTR"
"google","/compare/NOW-vs-UBER","comparison","1","0","0","4","4-5","0.07","0.07","high","0.07","P0_POSITION_4_10_LOW_CTR"
"google","/compare/NTNX-vs-RBRK","comparison","1","0","0","5","4-5","0.07","0.07","high","0.07","P0_POSITION_4_10_LOW_CTR"
"google","/compare/OKE-vs-TRGP","comparison","2","0","0","7","6-10","0.035","0.035","high","0.07","P0_POSITION_4_10_LOW_CTR"
"google","/compare/P-vs-SNX","comparison","1","0","0","4","4-5","0.07","0.07","high","0.07","P0_POSITION_4_10_LOW_CTR"
"google","/compare/PFE-vs-SYK","comparison","1","0","0","4","4-5","0.07","0.07","high","0.07","P0_POSITION_4_10_LOW_CTR"
"google","/compare/PG-vs-WMT","comparison","1","0","0","5","4-5","0.07","0.07","high","0.07","P0_POSITION_4_10_LOW_CTR"
"google","/compare/PLD-vs-SPG","comparison","2","0","0","7","6-10","0.035","0.035","high","0.07","P0_POSITION_4_10_LOW_CTR"
"google","/compare/PLD-vs-WELL","comparison","1","0","0","5","4-5","0.07","0.07","high","0.07","P0_POSITION_4_10_LOW_CTR"
"google","/compare/PRG-vs-RGR","comparison","1","0","0","5","4-5","0.07","0.07","high","0.07","P0_POSITION_4_10_LOW_CTR"
"google","/compare/PRTH-vs-RPD","comparison","1","0","0","5","4-5","0.07","0.07","high","0.07","P0_POSITION_4_10_LOW_CTR"
"google","/compare/PTON-vs-UAA","comparison","1","0","0","4","4-5","0.07","0.07","high","0.07","P0_POSITION_4_10_LOW_CTR"
"google","/compare/PUK-vs-RJF","comparison","1","0","0","5","4-5","0.07","0.07","high","0.07","P0_POSITION_4_10_LOW_CTR"
"google","/compare/QCOM-vs-SNDK","comparison","2","0","0","5.5","6-10","0.035","0.035","high","0.07","P0_POSITION_4_10_LOW_CTR"
"google","/compare/RBRK-vs-TOST","comparison","2","0","0","7.5","6-10","0.035","0.035","high","0.07","P0_POSITION_4_10_LOW_CTR"
"google","/compare/SHEL-vs-XOM","comparison","2","0","0","8","6-10","0.035","0.035","high","0.07","P0_POSITION_4_10_LOW_CTR"
"google","/compare/SPB-vs-WMK","comparison","1","0","0","4","4-5","0.07","0.07","high","0.07","P0_POSITION_4_10_LOW_CTR"
"google","/compare/STRL-vs-SYM","comparison","2","0","0","8.5","6-10","0.035","0.035","high","0.07","P0_POSITION_4_10_LOW_CTR"
"google","/compare/TT-vs-VRT","comparison","2","0","0","7.5","6-10","0.035","0.035","high","0.07","P0_POSITION_4_10_LOW_CTR"
"google","/compare/U-vs-VIAV","comparison","2","0","0","10","6-10","0.035","0.035","high","0.07","P0_POSITION_4_10_LOW_CTR"
"google","/compare/WAT-vs-ZTS","comparison","1","0","0","5","4-5","0.07","0.07","high","0.07","P0_POSITION_4_10_LOW_CTR"
"google","/stocks/ADMA/net-income","net-income","2","0","0","6.5","6-10","0.035","0.035","high","0.07","P0_POSITION_4_10_LOW_CTR"
"google","/stocks/ADP/pe-ratio","pe-ratio","2","0","0","9","6-10","0.035","0.035","high","0.07","P0_POSITION_4_10_LOW_CTR"
"google","/stocks/AGX/shares-outstanding","shares-outstanding","2","0","0","10","6-10","0.035","0.035","high","0.07","P0_POSITION_4_10_LOW_CTR"
"google","/stocks/AGYS/free-cash-flow","free-cash-flow","1","0","0","5","4-5","0.07","0.07","high","0.07","P0_POSITION_4_10_LOW_CTR"
"google","/stocks/AMAT/free-cash-flow","free-cash-flow","1","0","0","4","4-5","0.07","0.07","high","0.07","P0_POSITION_4_10_LOW_CTR"
"google","/stocks/AMGN/shares-outstanding","shares-outstanding","2","0","0","8","6-10","0.035","0.035","high","0.07","P0_POSITION_4_10_LOW_CTR"
"google","/stocks/APG/free-cash-flow","free-cash-flow","2","0","0","9","6-10","0.035","0.035","high","0.07","P0_POSITION_4_10_LOW_CTR"
"google","/stocks/AVY/pe-ratio","pe-ratio","2","0","0","7.5","6-10","0.035","0.035","high","0.07","P0_POSITION_4_10_LOW_CTR"
"google","/stocks/AWI/pe-ratio","pe-ratio","1","0","0","5","4-5","0.07","0.07","high","0.07","P0_POSITION_4_10_LOW_CTR"
"google","/stocks/AXP/shares-outstanding","shares-outstanding","2","0","0","7.5","6-10","0.035","0.035","high","0.07","P0_POSITION_4_10_LOW_CTR"
"google","/stocks/BJ/gross-profit","gross-profit","2","0","0","9","6-10","0.035","0.035","high","0.07","P0_POSITION_4_10_LOW_CTR"
"google","/stocks/BRC/free-cash-flow","free-cash-flow","1","0","0","5","4-5","0.07","0.07","high","0.07","P0_POSITION_4_10_LOW_CTR"
"google","/stocks/CCK/pe-ratio","pe-ratio","2","0","0","10","6-10","0.035","0.035","high","0.07","P0_POSITION_4_10_LOW_CTR"
"google","/stocks/CNX/free-cash-flow","free-cash-flow","2","0","0","8.5","6-10","0.035","0.035","high","0.07","P0_POSITION_4_10_LOW_CTR"
"google","/stocks/COLM/revenue","revenue","2","0","0","9.5","6-10","0.035","0.035","high","0.07","P0_POSITION_4_10_LOW_CTR"
"google","/stocks/CW/shares-outstanding","shares-outstanding","2","0","0","7.5","6-10","0.035","0.035","high","0.07","P0_POSITION_4_10_LOW_CTR"
"google","/stocks/DBX/eps","eps","2","0","0","7.5","6-10","0.035","0.035","high","0.07","P0_POSITION_4_10_LOW_CTR"
"google","/stocks/EBAY/net-income","net-income","1","0","0","4","4-5","0.07","0.07","high","0.07","P0_POSITION_4_10_LOW_CTR"
"google","/stocks/EPRT/shares-outstanding","shares-outstanding","2","0","0","8","6-10","0.035","0.035","high","0.07","P0_POSITION_4_10_LOW_CTR"
"google","/stocks/EQH/eps","eps","2","0","0","9.5","6-10","0.035","0.035","high","0.07","P0_POSITION_4_10_LOW_CTR"
"google","/stocks/ESAB/free-cash-flow","free-cash-flow","1","0","0","4","4-5","0.07","0.07","high","0.07","P0_POSITION_4_10_LOW_CTR"
"google","/stocks/EXR/eps","eps","2","0","0","8","6-10","0.035","0.035","high","0.07","P0_POSITION_4_10_LOW_CTR"
"google","/stocks/FHB/revenue","revenue","2","0","0","8.5","6-10","0.035","0.035","high","0.07","P0_POSITION_4_10_LOW_CTR"
"google","/stocks/FLO/eps","eps","2","0","0","10","6-10","0.035","0.035","high","0.07","P0_POSITION_4_10_LOW_CTR"
"google","/stocks/FTDR/gross-profit","gross-profit","1","0","0","4","4-5","0.07","0.07","high","0.07","P0_POSITION_4_10_LOW_CTR"
"google","/stocks/FTNT/free-cash-flow","free-cash-flow","2","0","0","6","6-10","0.035","0.035","high","0.07","P0_POSITION_4_10_LOW_CTR"
"google","/stocks/GAP/net-income","net-income","1","0","0","4","4-5","0.07","0.07","high","0.07","P0_POSITION_4_10_LOW_CTR"
"google","/stocks/GIS/dividend-history","dividend-history","1","0","0","4","4-5","0.07","0.07","high","0.07","P0_POSITION_4_10_LOW_CTR"
"google","/stocks/HLIT/revenue","revenue","2","0","0","5.5","6-10","0.035","0.035","high","0.07","P0_POSITION_4_10_LOW_CTR"
"google","/stocks/HUBB/total-debt","total-debt","2","0","0","10","6-10","0.035","0.035","high","0.07","P0_POSITION_4_10_LOW_CTR"
"google","/stocks/IDXX/gross-profit","gross-profit","2","0","0","6.5","6-10","0.035","0.035","high","0.07","P0_POSITION_4_10_LOW_CTR"
"google","/stocks/IEX/shares-outstanding","shares-outstanding","2","0","0","8.5","6-10","0.035","0.035","high","0.07","P0_POSITION_4_10_LOW_CTR"
"google","/stocks/ILMN/shares-outstanding","shares-outstanding","2","0","0","10","6-10","0.035","0.035","high","0.07","P0_POSITION_4_10_LOW_CTR"
"google","/stocks/JBGS/shares-outstanding","shares-outstanding","1","0","0","5","4-5","0.07","0.07","high","0.07","P0_POSITION_4_10_LOW_CTR"
"google","/stocks/LAD/total-debt","total-debt","2","0","0","8.5","6-10","0.035","0.035","high","0.07","P0_POSITION_4_10_LOW_CTR"
"google","/stocks/LKFN/revenue","revenue","1","0","0","5","4-5","0.07","0.07","high","0.07","P0_POSITION_4_10_LOW_CTR"
"google","/stocks/LOPE/dividend-history","dividend-history","2","0","0","10","6-10","0.035","0.035","high","0.07","P0_POSITION_4_10_LOW_CTR"
"google","/stocks/MMS/gross-profit","gross-profit","2","0","0","6","6-10","0.035","0.035","high","0.07","P0_POSITION_4_10_LOW_CTR"
"google","/stocks/MTH/gross-profit","gross-profit","2","0","0","7","6-10","0.035","0.035","high","0.07","P0_POSITION_4_10_LOW_CTR"
"google","/stocks/MU/free-cash-flow","free-cash-flow","1","0","0","5","4-5","0.07","0.07","high","0.07","P0_POSITION_4_10_LOW_CTR"
"google","/stocks/NJR/eps","eps","2","0","0","10","6-10","0.035","0.035","high","0.07","P0_POSITION_4_10_LOW_CTR"
"google","/stocks/NSIT/eps","eps","1","0","0","4","4-5","0.07","0.07","high","0.07","P0_POSITION_4_10_LOW_CTR"
"google","/stocks/NSP/gross-profit","gross-profit","2","0","0","6","6-10","0.035","0.035","high","0.07","P0_POSITION_4_10_LOW_CTR"
"google","/stocks/OVV/free-cash-flow","free-cash-flow","2","0","0","6.5","6-10","0.035","0.035","high","0.07","P0_POSITION_4_10_LOW_CTR"
"google","/stocks/PFGC/total-debt","total-debt","2","0","0","8","6-10","0.035","0.035","high","0.07","P0_POSITION_4_10_LOW_CTR"
"google","/stocks/PHM/shares-outstanding","shares-outstanding","1","0","0","4","4-5","0.07","0.07","high","0.07","P0_POSITION_4_10_LOW_CTR"
"google","/stocks/PRU/shares-outstanding","shares-outstanding","1","0","0","4","4-5","0.07","0.07","high","0.07","P0_POSITION_4_10_LOW_CTR"
"google","/stocks/REG/dividend-history","dividend-history","2","0","0","7","6-10","0.035","0.035","high","0.07","P0_POSITION_4_10_LOW_CTR"
"google","/stocks/ROIV/revenue","revenue","1","0","0","4","4-5","0.07","0.07","high","0.07","P0_POSITION_4_10_LOW_CTR"
"google","/stocks/SABR/eps","eps","2","0","0","9.5","6-10","0.035","0.035","high","0.07","P0_POSITION_4_10_LOW_CTR"
"google","/stocks/SIG/free-cash-flow","free-cash-flow","1","0","0","4","4-5","0.07","0.07","high","0.07","P0_POSITION_4_10_LOW_CTR"
"google","/stocks/SNEX/free-cash-flow","free-cash-flow","2","0","0","9","6-10","0.035","0.035","high","0.07","P0_POSITION_4_10_LOW_CTR"
"google","/stocks/TRU/gross-profit","gross-profit","1","0","0","5","4-5","0.07","0.07","high","0.07","P0_POSITION_4_10_LOW_CTR"
"google","/stocks/TXNM/eps","eps","2","0","0","8.5","6-10","0.035","0.035","high","0.07","P0_POSITION_4_10_LOW_CTR"
"google","/stocks/UA/eps","eps","2","0","0","6.5","6-10","0.035","0.035","high","0.07","P0_POSITION_4_10_LOW_CTR"
"google","/stocks/UDR/eps","eps","2","0","0","6","6-10","0.035","0.035","high","0.07","P0_POSITION_4_10_LOW_CTR"
"google","/stocks/UMBF/eps","eps","1","0","0","5","4-5","0.07","0.07","high","0.07","P0_POSITION_4_10_LOW_CTR"
"google","/stocks/VNT/free-cash-flow","free-cash-flow","2","0","0","10","6-10","0.035","0.035","high","0.07","P0_POSITION_4_10_LOW_CTR"
"google","/stocks/VRSK/revenue","revenue","1","0","0","5","4-5","0.07","0.07","high","0.07","P0_POSITION_4_10_LOW_CTR"
"google","/stocks/XYZ/revenue","revenue","1","0","0","5","4-5","0.07","0.07","high","0.07","P0_POSITION_4_10_LOW_CTR"
"google","/stocks/ZION/net-income","net-income","2","0","0","9.5","6-10","0.035","0.035","high","0.07","P0_POSITION_4_10_LOW_CTR"
"google","/compare/CSCO-vs-ORCL","comparison","9","0","0","11.11111111111111","11-15","0.012","0.012","high","0.0648","P1_REVIEW"
"google","/compare/FOXA-vs-RDDT","comparison","9","0","0","11.11111111111111","11-15","0.012","0.012","high","0.0648","P1_REVIEW"
"google","/privacy","other","12","0","0","10.583333333333334","11-15","0.012","0.012","medium","0.0648","P1_REVIEW"
"google","/support","other","12","0","0","15.75","16-20","0.012","0.012","medium","0.0648","P1_REVIEW"
"google","/stocks/BOOT","other","2","0","0","3.5","4-5","0.07","0.07","medium","0.063","P1_REVIEW"
"google","/stocks/SLVM","other","2","0","0","3.5","4-5","0.07","0.07","medium","0.063","P1_REVIEW"
"google","/compare/ADP-vs-FTNT","comparison","8","0","0","10.25","11-15","0.012","0.012","high","0.0576","P1_REVIEW"
"google","/compare/ANET-vs-MRVL","comparison","8","0","0","12.125","11-15","0.012","0.012","high","0.0576","P1_REVIEW"
"google","/stocks/PR","other","10","0","0","10.4","11-15","0.012","0.012","medium","0.054000000000000006","P1_REVIEW"
"google","/stocks/AGCO","other","1","0","0","2","1-3","0.12","0.12","medium","0.05399999999999999","P1_REVIEW"
"google","/stocks/BTU","other","1","0","0","3","1-3","0.12","0.12","medium","0.05399999999999999","P1_REVIEW"
"google","/stocks/CHDN","other","1","0","0","3","1-3","0.12","0.12","medium","0.05399999999999999","P1_REVIEW"
"google","/stocks/CPRX","other","1","0","0","3","1-3","0.12","0.12","medium","0.05399999999999999","P1_REVIEW"
"google","/stocks/DBRG","other","1","0","0","2","1-3","0.12","0.12","medium","0.05399999999999999","P1_REVIEW"
"google","/stocks/EMBC","other","1","0","0","3","1-3","0.12","0.12","medium","0.05399999999999999","P1_REVIEW"
"google","/stocks/ESAB","other","1","0","0","2","1-3","0.12","0.12","medium","0.05399999999999999","P1_REVIEW"
"google","/stocks/IMXI","other","1","0","0","2","1-3","0.12","0.12","medium","0.05399999999999999","P1_REVIEW"
"google","/stocks/MTG","other","1","0","0","2","1-3","0.12","0.12","medium","0.05399999999999999","P1_REVIEW"
"google","/stocks/NSP","other","1","0","0","2","1-3","0.12","0.12","medium","0.05399999999999999","P1_REVIEW"
"google","/stocks/PBF","other","1","0","0","2","1-3","0.12","0.12","medium","0.05399999999999999","P1_REVIEW"
"google","/stocks/RGA","other","1","0","0","2","1-3","0.12","0.12","medium","0.05399999999999999","P1_REVIEW"
"google","/stocks/RKT","other","1","0","0","3","1-3","0.12","0.12","medium","0.05399999999999999","P1_REVIEW"
"google","/stocks/SEDG","other","1","0","0","2","1-3","0.12","0.12","medium","0.05399999999999999","P1_REVIEW"
"google","/stocks/SNEX","other","1","0","0","3","1-3","0.12","0.12","medium","0.05399999999999999","P1_REVIEW"
"google","/stocks/STT","other","1","0","0","2","1-3","0.12","0.12","medium","0.05399999999999999","P1_REVIEW"
"google","/stocks/VNOM","other","1","0","0","2","1-3","0.12","0.12","medium","0.05399999999999999","P1_REVIEW"
"google","/stocks/VST","other","1","0","0","3","1-3","0.12","0.12","medium","0.05399999999999999","P1_REVIEW"
"google","/stocks/XYZ","other","1","0","0","2","1-3","0.12","0.12","medium","0.05399999999999999","P1_REVIEW"
"google","/stocks/DBX","other","95","0","0","21.189473684210526","21-50","0.003","0.003","medium","0.053437500000000006","P1_REVIEW"
"google","/company","other","1","0","0","5","4-5","0.07","0.07","medium","0.052500000000000005","P0_POSITION_4_10_LOW_CTR"
"google","/company","other","1","0","0","5","4-5","0.07","0.07","medium","0.052500000000000005","P0_POSITION_4_10_LOW_CTR"
"google","/founding","other","1","0","0","5","4-5","0.07","0.07","medium","0.052500000000000005","P0_POSITION_4_10_LOW_CTR"
"google","/stocks/ALB","other","2","0","0","8","6-10","0.035","0.035","medium","0.052500000000000005","P0_POSITION_4_10_LOW_CTR"
"google","/stocks/ALG","other","2","0","0","6","6-10","0.035","0.035","medium","0.052500000000000005","P0_POSITION_4_10_LOW_CTR"
"google","/stocks/APP","other","1","0","0","5","4-5","0.07","0.07","medium","0.052500000000000005","P0_POSITION_4_10_LOW_CTR"
"google","/stocks/CAKE","other","2","0","0","9","6-10","0.035","0.035","medium","0.052500000000000005","P0_POSITION_4_10_LOW_CTR"
"google","/stocks/CHCT","other","1","0","0","5","4-5","0.07","0.07","medium","0.052500000000000005","P0_POSITION_4_10_LOW_CTR"
"google","/stocks/CHRD","other","1","0","0","5","4-5","0.07","0.07","medium","0.052500000000000005","P0_POSITION_4_10_LOW_CTR"
"google","/stocks/CWEN","other","2","0","0","7.5","6-10","0.035","0.035","medium","0.052500000000000005","P0_POSITION_4_10_LOW_CTR"
"google","/stocks/DGII","other","2","0","0","6.5","6-10","0.035","0.035","medium","0.052500000000000005","P0_POSITION_4_10_LOW_CTR"
"google","/stocks/ENTG","other","2","0","0","8.5","6-10","0.035","0.035","medium","0.052500000000000005","P0_POSITION_4_10_LOW_CTR"
"google","/stocks/EXLS","other","1","0","0","5","4-5","0.07","0.07","medium","0.052500000000000005","P0_POSITION_4_10_LOW_CTR"
"google","/stocks/FHI","other","1","0","0","4","4-5","0.07","0.07","medium","0.052500000000000005","P0_POSITION_4_10_LOW_CTR"
"google","/stocks/G","other","2","0","0","6.5","6-10","0.035","0.035","medium","0.052500000000000005","P0_POSITION_4_10_LOW_CTR"
"google","/stocks/GERN","other","2","0","0","9.5","6-10","0.035","0.035","medium","0.052500000000000005","P0_POSITION_4_10_LOW_CTR"
"google","/stocks/GM","other","1","0","0","5","4-5","0.07","0.07","medium","0.052500000000000005","P0_POSITION_4_10_LOW_CTR"
"google","/stocks/HRTG","other","1","0","0","4","4-5","0.07","0.07","medium","0.052500000000000005","P0_POSITION_4_10_LOW_CTR"
"google","/stocks/INSW","other","1","0","0","4","4-5","0.07","0.07","medium","0.052500000000000005","P0_POSITION_4_10_LOW_CTR"
"google","/stocks/ITGR","other","2","0","0","9","6-10","0.035","0.035","medium","0.052500000000000005","P0_POSITION_4_10_LOW_CTR"
"google","/stocks/JOE","other","1","0","0","4","4-5","0.07","0.07","medium","0.052500000000000005","P0_POSITION_4_10_LOW_CTR"
"google","/stocks/KIM","other","2","0","0","7","6-10","0.035","0.035","medium","0.052500000000000005","P0_POSITION_4_10_LOW_CTR"
"google","/stocks/KMT","other","1","0","0","4","4-5","0.07","0.07","medium","0.052500000000000005","P0_POSITION_4_10_LOW_CTR"
"google","/stocks/LIVN","other","2","0","0","7","6-10","0.035","0.035","medium","0.052500000000000005","P0_POSITION_4_10_LOW_CTR"
"google","/stocks/MIDD","other","1","0","0","5","4-5","0.07","0.07","medium","0.052500000000000005","P0_POSITION_4_10_LOW_CTR"
"google","/stocks/MOG.A","other","2","0","0","7","6-10","0.035","0.035","medium","0.052500000000000005","P0_POSITION_4_10_LOW_CTR"
"google","/stocks/NPK","other","1","0","0","4","4-5","0.07","0.07","medium","0.052500000000000005","P0_POSITION_4_10_LOW_CTR"
"google","/stocks/NWN","other","2","0","0","8.5","6-10","0.035","0.035","medium","0.052500000000000005","P0_POSITION_4_10_LOW_CTR"
"google","/stocks/NX","other","1","0","0","5","4-5","0.07","0.07","medium","0.052500000000000005","P0_POSITION_4_10_LOW_CTR"
"google","/stocks/OMCL","other","2","0","0","6","6-10","0.035","0.035","medium","0.052500000000000005","P0_POSITION_4_10_LOW_CTR"
"google","/stocks/PARR","other","1","0","0","4","4-5","0.07","0.07","medium","0.052500000000000005","P0_POSITION_4_10_LOW_CTR"
"google","/stocks/PLAB","other","1","0","0","4","4-5","0.07","0.07","medium","0.052500000000000005","P0_POSITION_4_10_LOW_CTR"
"google","/stocks/PPLI","other","2","0","0","8.5","6-10","0.035","0.035","medium","0.052500000000000005","P0_POSITION_4_10_LOW_CTR"
"google","/stocks/PRDO","other","2","0","0","7","6-10","0.035","0.035","medium","0.052500000000000005","P0_POSITION_4_10_LOW_CTR"
"google","/stocks/PRI","other","2","0","0","10","6-10","0.035","0.035","medium","0.052500000000000005","P0_POSITION_4_10_LOW_CTR"
"google","/stocks/SMG","other","2","0","0","6.5","6-10","0.035","0.035","medium","0.052500000000000005","P0_POSITION_4_10_LOW_CTR"
"google","/stocks/SPHR","other","1","0","0","5","4-5","0.07","0.07","medium","0.052500000000000005","P0_POSITION_4_10_LOW_CTR"
"google","/stocks/TEN","other","1","0","0","4","4-5","0.07","0.07","medium","0.052500000000000005","P0_POSITION_4_10_LOW_CTR"
"google","/stocks/THG","other","1","0","0","4","4-5","0.07","0.07","medium","0.052500000000000005","P0_POSITION_4_10_LOW_CTR"
"google","/stocks/TXNM","other","2","0","0","8","6-10","0.035","0.035","medium","0.052500000000000005","P0_POSITION_4_10_LOW_CTR"
"google","/stocks/TXRH","other","1","0","0","4","4-5","0.07","0.07","medium","0.052500000000000005","P0_POSITION_4_10_LOW_CTR"
"google","/stocks/VCEL","other","1","0","0","5","4-5","0.07","0.07","medium","0.052500000000000005","P0_POSITION_4_10_LOW_CTR"
"google","/stocks/VMI","other","2","0","0","8","6-10","0.035","0.035","medium","0.052500000000000005","P0_POSITION_4_10_LOW_CTR"
"google","/stocks/WFG","other","1","0","0","4","4-5","0.07","0.07","medium","0.052500000000000005","P0_POSITION_4_10_LOW_CTR"
"google","/stocks/WMG","other","1","0","0","4","4-5","0.07","0.07","medium","0.052500000000000005","P0_POSITION_4_10_LOW_CTR"
"google","/stocks/WST","other","1","0","0","5","4-5","0.07","0.07","medium","0.052500000000000005","P0_POSITION_4_10_LOW_CTR"
"google","/compare/MRVL-vs-QCOM","comparison","7","0","0","10.571428571428571","11-15","0.012","0.012","high","0.0504","P1_REVIEW"
"google","/stocks/ACHC/total-debt","total-debt","7","0","0","12.857142857142858","11-15","0.012","0.012","high","0.0504","P1_REVIEW"
"google","/vs/morningstar","other","8","0","0","14.625","11-15","0.012","0.012","medium","0.0432","P1_REVIEW"
"google","/compare/ADI-vs-QCOM","comparison","6","0","0","12.666666666666666","11-15","0.012","0.012","high","0.043199999999999995","P1_REVIEW"
"google","/compare/COST-vs-PG","comparison","6","0","0","14.5","11-15","0.012","0.012","high","0.043199999999999995","P1_REVIEW"
"google","/stocks/GME/total-debt","total-debt","6","0","0","15.5","16-20","0.012","0.012","high","0.043199999999999995","P1_REVIEW"
"google","/stocks/PSX/eps","eps","6","0","0","11.5","11-15","0.012","0.012","high","0.043199999999999995","P1_REVIEW"
"google","/stocks/GOOGL/pe-ratio","pe-ratio","54","0","0","39.01851851851852","21-50","0.003","0.003","high","0.0405","P1_REVIEW"
"google","/stocks/EVTC","other","7","0","0","13.142857142857142","11-15","0.012","0.012","medium","0.0378","P1_REVIEW"
"google","/compare/GE-vs-RTX","comparison","5","0","0","10.2","11-15","0.012","0.012","high","0.036000000000000004","P1_REVIEW"
"google","/compare/LAC-vs-SGML","comparison","5","0","0","12.6","11-15","0.012","0.012","high","0.036000000000000004","P1_REVIEW"
"google","/stocks/TEX/revenue","revenue","5","0","0","10.4","11-15","0.012","0.012","high","0.036000000000000004","P1_REVIEW"
"google","/compare/AA-vs-CX","comparison","1","0","0","6","6-10","0.035","0.035","high","0.035","P0_POSITION_4_10_LOW_CTR"
"google","/compare/AB-vs-FHB","comparison","1","0","0","8","6-10","0.035","0.035","high","0.035","P0_POSITION_4_10_LOW_CTR"
"google","/compare/ABBV-vs-LLY","comparison","1","0","0","7","6-10","0.035","0.035","high","0.035","P0_POSITION_4_10_LOW_CTR"
"google","/compare/ABT-vs-BMY","comparison","1","0","0","10","6-10","0.035","0.035","high","0.035","P0_POSITION_4_10_LOW_CTR"
"google","/compare/ABT-vs-TMO","comparison","1","0","0","8","6-10","0.035","0.035","high","0.035","P0_POSITION_4_10_LOW_CTR"
"google","/compare/ABX-vs-AWF","comparison","1","0","0","7","6-10","0.035","0.035","high","0.035","P0_POSITION_4_10_LOW_CTR"
"google","/compare/ACN-vs-FICO","comparison","1","0","0","8","6-10","0.035","0.035","high","0.035","P0_POSITION_4_10_LOW_CTR"
"google","/compare/ACTG-vs-SIDU","comparison","1","0","0","6","6-10","0.035","0.035","high","0.035","P0_POSITION_4_10_LOW_CTR"
"google","/compare/ADNT-vs-BOBS","comparison","1","0","0","8","6-10","0.035","0.035","high","0.035","P0_POSITION_4_10_LOW_CTR"
"google","/compare/ADSK-vs-INFY","comparison","1","0","0","6","6-10","0.035","0.035","high","0.035","P0_POSITION_4_10_LOW_CTR"
"google","/compare/AEO-vs-VAC","comparison","1","0","0","10","6-10","0.035","0.035","high","0.035","P0_POSITION_4_10_LOW_CTR"
"google","/compare/AEP-vs-CEG","comparison","1","0","0","9","6-10","0.035","0.035","high","0.035","P0_POSITION_4_10_LOW_CTR"
"google","/compare/AGI-vs-CDE","comparison","1","0","0","8","6-10","0.035","0.035","high","0.035","P0_POSITION_4_10_LOW_CTR"
"google","/compare/AIG-vs-COIN","comparison","1","0","0","10","6-10","0.035","0.035","high","0.035","P0_POSITION_4_10_LOW_CTR"
"google","/compare/ALAB-vs-CRWV","comparison","1","0","0","6","6-10","0.035","0.035","high","0.035","P0_POSITION_4_10_LOW_CTR"
"google","/compare/ALGM-vs-CORZ","comparison","1","0","0","9","6-10","0.035","0.035","high","0.035","P0_POSITION_4_10_LOW_CTR"
"google","/compare/ALLO-vs-ANL","comparison","1","0","0","9","6-10","0.035","0.035","high","0.035","P0_POSITION_4_10_LOW_CTR"
"google","/compare/AMAT-vs-PLTR","comparison","1","0","0","10","6-10","0.035","0.035","high","0.035","P0_POSITION_4_10_LOW_CTR"
"google","/compare/AMD-vs-ORCL","comparison","1","0","0","10","6-10","0.035","0.035","high","0.035","P0_POSITION_4_10_LOW_CTR"
"google","/compare/AME-vs-TDG","comparison","1","0","0","10","6-10","0.035","0.035","high","0.035","P0_POSITION_4_10_LOW_CTR"
"google","/compare/AON-vs-CPAY","comparison","1","0","0","7","6-10","0.035","0.035","high","0.035","P0_POSITION_4_10_LOW_CTR"
"google","/compare/APG-vs-RBC","comparison","1","0","0","6","6-10","0.035","0.035","high","0.035","P0_POSITION_4_10_LOW_CTR"
"google","/compare/APH-vs-PANW","comparison","1","0","0","10","6-10","0.035","0.035","high","0.035","P0_POSITION_4_10_LOW_CTR"
"google","/compare/APO-vs-CME","comparison","1","0","0","7","6-10","0.035","0.035","high","0.035","P0_POSITION_4_10_LOW_CTR"
"google","/compare/ARIS-vs-CGAU","comparison","1","0","0","6","6-10","0.035","0.035","high","0.035","P0_POSITION_4_10_LOW_CTR"
"google","/compare/ARM-vs-PLTR","comparison","1","0","0","6","6-10","0.035","0.035","high","0.035","P0_POSITION_4_10_LOW_CTR"
"google","/compare/AVAV-vs-JOBY","comparison","1","0","0","7","6-10","0.035","0.035","high","0.035","P0_POSITION_4_10_LOW_CTR"
"google","/compare/AZN-vs-NVS","comparison","1","0","0","7","6-10","0.035","0.035","high","0.035","P0_POSITION_4_10_LOW_CTR"
"google","/compare/BHP-vs-FCX","comparison","1","0","0","9","6-10","0.035","0.035","high","0.035","P0_POSITION_4_10_LOW_CTR"
"google","/compare/BHP-vs-RIO","comparison","1","0","0","10","6-10","0.035","0.035","high","0.035","P0_POSITION_4_10_LOW_CTR"
"google","/compare/BKNG-vs-RCL","comparison","1","0","0","8","6-10","0.035","0.035","high","0.035","P0_POSITION_4_10_LOW_CTR"
"google","/compare/BKR-vs-KMI","comparison","1","0","0","9","6-10","0.035","0.035","high","0.035","P0_POSITION_4_10_LOW_CTR"
"google","/compare/BLFS-vs-MLTX","comparison","1","0","0","10","6-10","0.035","0.035","high","0.035","P0_POSITION_4_10_LOW_CTR"
"google","/compare/BLLN-vs-CAI","comparison","1","0","0","9","6-10","0.035","0.035","high","0.035","P0_POSITION_4_10_LOW_CTR"
"google","/compare/BP-vs-WMB","comparison","1","0","0","10","6-10","0.035","0.035","high","0.035","P0_POSITION_4_10_LOW_CTR"
"google","/compare/BTG-vs-OGC","comparison","1","0","0","9","6-10","0.035","0.035","high","0.035","P0_POSITION_4_10_LOW_CTR"
"google","/compare/BUD-vs-MDLZ","comparison","1","0","0","8","6-10","0.035","0.035","high","0.035","P0_POSITION_4_10_LOW_CTR"
"google","/compare/BWAY-vs-GYRE","comparison","1","0","0","6","6-10","0.035","0.035","high","0.035","P0_POSITION_4_10_LOW_CTR"
"google","/compare/CAG-vs-CPB","comparison","1","0","0","6","6-10","0.035","0.035","high","0.035","P0_POSITION_4_10_LOW_CTR"
"google","/compare/CAKE-vs-VGNT","comparison","1","0","0","8","6-10","0.035","0.035","high","0.035","P0_POSITION_4_10_LOW_CTR"
"google","/compare/CASY-vs-CPNG","comparison","1","0","0","9","6-10","0.035","0.035","high","0.035","P0_POSITION_4_10_LOW_CTR"
"google","/compare/CB-vs-PGR","comparison","1","0","0","10","6-10","0.035","0.035","high","0.035","P0_POSITION_4_10_LOW_CTR"
"google","/compare/CBRE-vs-DLR","comparison","1","0","0","9","6-10","0.035","0.035","high","0.035","P0_POSITION_4_10_LOW_CTR"
"google","/compare/CBT-vs-MTRN","comparison","1","0","0","6","6-10","0.035","0.035","high","0.035","P0_POSITION_4_10_LOW_CTR"
"google","/compare/CBU-vs-FHB","comparison","1","0","0","6","6-10","0.035","0.035","high","0.035","P0_POSITION_4_10_LOW_CTR"
"google","/compare/CFG-vs-CINF","comparison","1","0","0","10","6-10","0.035","0.035","high","0.035","P0_POSITION_4_10_LOW_CTR"
"google","/compare/CHD-vs-DG","comparison","1","0","0","7","6-10","0.035","0.035","high","0.035","P0_POSITION_4_10_LOW_CTR"
"google","/compare/CI-vs-HCA","comparison","1","0","0","10","6-10","0.035","0.035","high","0.035","P0_POSITION_4_10_LOW_CTR"
"google","/compare/CL-vs-MDLZ","comparison","1","0","0","6","6-10","0.035","0.035","high","0.035","P0_POSITION_4_10_LOW_CTR"
"google","/compare/CMG-vs-PLNT","comparison","1","0","0","8","6-10","0.035","0.035","high","0.035","P0_POSITION_4_10_LOW_CTR"
"google","/compare/CRS-vs-JBHT","comparison","1","0","0","7","6-10","0.035","0.035","high","0.035","P0_POSITION_4_10_LOW_CTR"
"google","/compare/CSCO-vs-LRCX","comparison","1","0","0","9","6-10","0.035","0.035","high","0.035","P0_POSITION_4_10_LOW_CTR"
"google","/compare/CVI-vs-TRMD","comparison","1","0","0","9","6-10","0.035","0.035","high","0.035","P0_POSITION_4_10_LOW_CTR"
"google","/compare/CVX-vs-SHEL","comparison","1","0","0","10","6-10","0.035","0.035","high","0.035","P0_POSITION_4_10_LOW_CTR"
"google","/compare/CWST-vs-MATX","comparison","1","0","0","6","6-10","0.035","0.035","high","0.035","P0_POSITION_4_10_LOW_CTR"
"google","/compare/DDOG-vs-SNOW","comparison","1","0","0","7","6-10","0.035","0.035","high","0.035","P0_POSITION_4_10_LOW_CTR"
"google","/compare/DIS-vs-TMUS","comparison","1","0","0","10","6-10","0.035","0.035","high","0.035","P0_POSITION_4_10_LOW_CTR"
"google","/compare/DKS-vs-ULTA","comparison","1","0","0","9","6-10","0.035","0.035","high","0.035","P0_POSITION_4_10_LOW_CTR"
"google","/compare/DLO-vs-FOUR","comparison","1","0","0","7","6-10","0.035","0.035","high","0.035","P0_POSITION_4_10_LOW_CTR"
"google","/compare/DOLE-vs-FDP","comparison","1","0","0","10","6-10","0.035","0.035","high","0.035","P0_POSITION_4_10_LOW_CTR"
"google","/compare/DOV-vs-TRI","comparison","1","0","0","10","6-10","0.035","0.035","high","0.035","P0_POSITION_4_10_LOW_CTR"
"google","/compare/DOW-vs-RS","comparison","1","0","0","8","6-10","0.035","0.035","high","0.035","P0_POSITION_4_10_LOW_CTR"
"google","/compare/EA-vs-NBIS","comparison","1","0","0","9","6-10","0.035","0.035","high","0.035","P0_POSITION_4_10_LOW_CTR"
"google","/compare/EBAY-vs-SE","comparison","1","0","0","8","6-10","0.035","0.035","high","0.035","P0_POSITION_4_10_LOW_CTR"
"google","/compare/EL-vs-SYY","comparison","1","0","0","6","6-10","0.035","0.035","high","0.035","P0_POSITION_4_10_LOW_CTR"
"google","/compare/ELAN-vs-PEN","comparison","1","0","0","6","6-10","0.035","0.035","high","0.035","P0_POSITION_4_10_LOW_CTR"
"google","/compare/EME-vs-IR","comparison","1","0","0","9","6-10","0.035","0.035","high","0.035","P0_POSITION_4_10_LOW_CTR"
"google","/compare/EOG-vs-MPLX","comparison","1","0","0","9","6-10","0.035","0.035","high","0.035","P0_POSITION_4_10_LOW_CTR"
"google","/compare/EPD-vs-SLB","comparison","1","0","0","10","6-10","0.035","0.035","high","0.035","P0_POSITION_4_10_LOW_CTR"
"google","/compare/EQX-vs-IAG","comparison","1","0","0","9","6-10","0.035","0.035","high","0.035","P0_POSITION_4_10_LOW_CTR"
"google","/compare/ERO-vs-PPTA","comparison","1","0","0","10","6-10","0.035","0.035","high","0.035","P0_POSITION_4_10_LOW_CTR"
"google","/compare/ESBA-vs-KW","comparison","1","0","0","8","6-10","0.035","0.035","high","0.035","P0_POSITION_4_10_LOW_CTR"
"google","/compare/ET-vs-PSX","comparison","1","0","0","9","6-10","0.035","0.035","high","0.035","P0_POSITION_4_10_LOW_CTR"
"google","/compare/ET-vs-TRGP","comparison","1","0","0","7","6-10","0.035","0.035","high","0.035","P0_POSITION_4_10_LOW_CTR"
"google","/compare/ETR-vs-PEG","comparison","1","0","0","9","6-10","0.035","0.035","high","0.035","P0_POSITION_4_10_LOW_CTR"
"google","/compare/EVER-vs-MCS","comparison","1","0","0","8","6-10","0.035","0.035","high","0.035","P0_POSITION_4_10_LOW_CTR"
"google","/compare/EXEL-vs-THC","comparison","1","0","0","8","6-10","0.035","0.035","high","0.035","P0_POSITION_4_10_LOW_CTR"
"google","/compare/EXPO-vs-TRN","comparison","1","0","0","6","6-10","0.035","0.035","high","0.035","P0_POSITION_4_10_LOW_CTR"
"google","/compare/FDS-vs-RYAN","comparison","1","0","0","10","6-10","0.035","0.035","high","0.035","P0_POSITION_4_10_LOW_CTR"
"google","/compare/FIG-vs-GWRE","comparison","1","0","0","10","6-10","0.035","0.035","high","0.035","P0_POSITION_4_10_LOW_CTR"
"google","/compare/GAB-vs-WD","comparison","1","0","0","8","6-10","0.035","0.035","high","0.035","P0_POSITION_4_10_LOW_CTR"
"google","/compare/GFI-vs-KGC","comparison","1","0","0","8","6-10","0.035","0.035","high","0.035","P0_POSITION_4_10_LOW_CTR"
"google","/compare/GH-vs-ZBH","comparison","1","0","0","7","6-10","0.035","0.035","high","0.035","P0_POSITION_4_10_LOW_CTR"
"google","/compare/GROY-vs-MTA","comparison","1","0","0","7","6-10","0.035","0.035","high","0.035","P0_POSITION_4_10_LOW_CTR"
"google","/compare/GS-vs-HSBC","comparison","1","0","0","9","6-10","0.035","0.035","high","0.035","P0_POSITION_4_10_LOW_CTR"
"google","/compare/GTLB-vs-WEX","comparison","1","0","0","9","6-10","0.035","0.035","high","0.035","P0_POSITION_4_10_LOW_CTR"
"google","/compare/HAYW-vs-RHI","comparison","1","0","0","10","6-10","0.035","0.035","high","0.035","P0_POSITION_4_10_LOW_CTR"
"google","/compare/HON-vs-HWM","comparison","1","0","0","10","6-10","0.035","0.035","high","0.035","P0_POSITION_4_10_LOW_CTR"
"google","/compare/IBM-vs-MRVL","comparison","1","0","0","6","6-10","0.035","0.035","high","0.035","P0_POSITION_4_10_LOW_CTR"
"google","/compare/INOD-vs-KEEL","comparison","1","0","0","8","6-10","0.035","0.035","high","0.035","P0_POSITION_4_10_LOW_CTR"
"google","/compare/INTC-vs-ORCL","comparison","1","0","0","8","6-10","0.035","0.035","high","0.035","P0_POSITION_4_10_LOW_CTR"
"google","/compare/IRM-vs-VICI","comparison","1","0","0","10","6-10","0.035","0.035","high","0.035","P0_POSITION_4_10_LOW_CTR"
"google","/compare/IVZ-vs-VIRT","comparison","1","0","0","9","6-10","0.035","0.035","high","0.035","P0_POSITION_4_10_LOW_CTR"
"google","/compare/JAN-vs-OUT","comparison","1","0","0","8","6-10","0.035","0.035","high","0.035","P0_POSITION_4_10_LOW_CTR"
"google","/compare/KALU-vs-TMC","comparison","1","0","0","8","6-10","0.035","0.035","high","0.035","P0_POSITION_4_10_LOW_CTR"
"google","/compare/KWR-vs-NGVT","comparison","1","0","0","10","6-10","0.035","0.035","high","0.035","P0_POSITION_4_10_LOW_CTR"
"google","/compare/LGIH-vs-LUCK","comparison","1","0","0","10","6-10","0.035","0.035","high","0.035","P0_POSITION_4_10_LOW_CTR"
"google","/compare/LIN-vs-RIO","comparison","1","0","0","10","6-10","0.035","0.035","high","0.035","P0_POSITION_4_10_LOW_CTR"
"google","/compare/LLYVA-vs-SIRI","comparison","1","0","0","10","6-10","0.035","0.035","high","0.035","P0_POSITION_4_10_LOW_CTR"
"google","/compare/LSCC-vs-TTMI","comparison","1","0","0","6","6-10","0.035","0.035","high","0.035","P0_POSITION_4_10_LOW_CTR"
"google","/compare/LULU-vs-TOL","comparison","1","0","0","9","6-10","0.035","0.035","high","0.035","P0_POSITION_4_10_LOW_CTR"
"google","/compare/MA-vs-MS","comparison","1","0","0","8","6-10","0.035","0.035","high","0.035","P0_POSITION_4_10_LOW_CTR"
"google","/compare/MCD-vs-TSLA","comparison","1","0","0","6","6-10","0.035","0.035","high","0.035","P0_POSITION_4_10_LOW_CTR"
"google","/compare/MCHP-vs-ON","comparison","1","0","0","9","6-10","0.035","0.035","high","0.035","P0_POSITION_4_10_LOW_CTR"
"google","/compare/MEGI-vs-SMBC","comparison","1","0","0","8","6-10","0.035","0.035","high","0.035","P0_POSITION_4_10_LOW_CTR"
"google","/compare/META-vs-NFLX","comparison","1","0","0","7","6-10","0.035","0.035","high","0.035","P0_POSITION_4_10_LOW_CTR"
"google","/compare/MMI-vs-TWO","comparison","1","0","0","7","6-10","0.035","0.035","high","0.035","P0_POSITION_4_10_LOW_CTR"
"google","/compare/MMM-vs-NOC","comparison","1","0","0","8","6-10","0.035","0.035","high","0.035","P0_POSITION_4_10_LOW_CTR"
"google","/compare/MO-vs-PEP","comparison","1","0","0","8","6-10","0.035","0.035","high","0.035","P0_POSITION_4_10_LOW_CTR"
"google","/compare/MPC-vs-SLB","comparison","1","0","0","8","6-10","0.035","0.035","high","0.035","P0_POSITION_4_10_LOW_CTR"
"google","/compare/MSEX-vs-YORW","comparison","1","0","0","9","6-10","0.035","0.035","high","0.035","P0_POSITION_4_10_LOW_CTR"
"google","/compare/MSFT-vs-MU","comparison","1","0","0","10","6-10","0.035","0.035","high","0.035","P0_POSITION_4_10_LOW_CTR"
"google","/compare/MTD-vs-VEEV","comparison","1","0","0","6","6-10","0.035","0.035","high","0.035","P0_POSITION_4_10_LOW_CTR"
"google","/compare/NET-vs-SNOW","comparison","1","0","0","9","6-10","0.035","0.035","high","0.035","P0_POSITION_4_10_LOW_CTR"
"google","/compare/NML-vs-PRAA","comparison","1","0","0","10","6-10","0.035","0.035","high","0.035","P0_POSITION_4_10_LOW_CTR"
"google","/compare/NOW-vs-SHOP","comparison","1","0","0","10","6-10","0.035","0.035","high","0.035","P0_POSITION_4_10_LOW_CTR"
"google","/compare/NRP-vs-WBI","comparison","1","0","0","7","6-10","0.035","0.035","high","0.035","P0_POSITION_4_10_LOW_CTR"
"google","/compare/NWL-vs-WMK","comparison","1","0","0","9","6-10","0.035","0.035","high","0.035","P0_POSITION_4_10_LOW_CTR"
"google","/compare/OOMA-vs-RPD","comparison","1","0","0","8","6-10","0.035","0.035","high","0.035","P0_POSITION_4_10_LOW_CTR"
"google","/compare/PI-vs-QLYS","comparison","1","0","0","10","6-10","0.035","0.035","high","0.035","P0_POSITION_4_10_LOW_CTR"
"google","/compare/QUBT-vs-WOLF","comparison","1","0","0","8","6-10","0.035","0.035","high","0.035","P0_POSITION_4_10_LOW_CTR"
"google","/compare/REPX-vs-TXO","comparison","1","0","0","9","6-10","0.035","0.035","high","0.035","P0_POSITION_4_10_LOW_CTR"
"google","/compare/RMD-vs-VEEV","comparison","1","0","0","10","6-10","0.035","0.035","high","0.035","P0_POSITION_4_10_LOW_CTR"
"google","/compare/SOLV-vs-THC","comparison","1","0","0","6","6-10","0.035","0.035","high","0.035","P0_POSITION_4_10_LOW_CTR"
"google","/compare/TYL-vs-U","comparison","1","0","0","9","6-10","0.035","0.035","high","0.035","P0_POSITION_4_10_LOW_CTR"
"google","/compare/UNP-vs-VRT","comparison","1","0","0","9","6-10","0.035","0.035","high","0.035","P0_POSITION_4_10_LOW_CTR"
"google","/stocks/ACN/free-cash-flow","free-cash-flow","1","0","0","8","6-10","0.035","0.035","high","0.035","P0_POSITION_4_10_LOW_CTR"
"google","/stocks/ACT/revenue","revenue","1","0","0","9","6-10","0.035","0.035","high","0.035","P0_POSITION_4_10_LOW_CTR"
"google","/stocks/ADNT/net-income","net-income","1","0","0","10","6-10","0.035","0.035","high","0.035","P0_POSITION_4_10_LOW_CTR"
"google","/stocks/AGO/net-income","net-income","1","0","0","8","6-10","0.035","0.035","high","0.035","P0_POSITION_4_10_LOW_CTR"
"google","/stocks/AIG/shares-outstanding","shares-outstanding","1","0","0","9","6-10","0.035","0.035","high","0.035","P0_POSITION_4_10_LOW_CTR"
"google","/stocks/ALRM/net-income","net-income","1","0","0","7","6-10","0.035","0.035","high","0.035","P0_POSITION_4_10_LOW_CTR"
"google","/stocks/AMN/free-cash-flow","free-cash-flow","1","0","0","10","6-10","0.035","0.035","high","0.035","P0_POSITION_4_10_LOW_CTR"
"google","/stocks/AOS/dividend-history","dividend-history","1","0","0","7","6-10","0.035","0.035","high","0.035","P0_POSITION_4_10_LOW_CTR"
"google","/stocks/APP/revenue","revenue","1","0","0","6","6-10","0.035","0.035","high","0.035","P0_POSITION_4_10_LOW_CTR"
"google","/stocks/ARCB/revenue","revenue","1","0","0","6","6-10","0.035","0.035","high","0.035","P0_POSITION_4_10_LOW_CTR"
"google","/stocks/ARMK/free-cash-flow","free-cash-flow","1","0","0","6","6-10","0.035","0.035","high","0.035","P0_POSITION_4_10_LOW_CTR"
"google","/stocks/AYI/shares-outstanding","shares-outstanding","1","0","0","9","6-10","0.035","0.035","high","0.035","P0_POSITION_4_10_LOW_CTR"
"google","/stocks/BEN/free-cash-flow","free-cash-flow","1","0","0","7","6-10","0.035","0.035","high","0.035","P0_POSITION_4_10_LOW_CTR"
"google","/stocks/BOOT/total-debt","total-debt","1","0","0","10","6-10","0.035","0.035","high","0.035","P0_POSITION_4_10_LOW_CTR"
"google","/stocks/CALX/net-income","net-income","1","0","0","6","6-10","0.035","0.035","high","0.035","P0_POSITION_4_10_LOW_CTR"
"google","/stocks/CARG/free-cash-flow","free-cash-flow","1","0","0","6","6-10","0.035","0.035","high","0.035","P0_POSITION_4_10_LOW_CTR"
"google","/stocks/CMCSA/eps","eps","1","0","0","9","6-10","0.035","0.035","high","0.035","P0_POSITION_4_10_LOW_CTR"
"google","/stocks/CMG/pe-ratio","pe-ratio","1","0","0","9","6-10","0.035","0.035","high","0.035","P0_POSITION_4_10_LOW_CTR"
"google","/stocks/COP/net-income","net-income","1","0","0","7","6-10","0.035","0.035","high","0.035","P0_POSITION_4_10_LOW_CTR"
"google","/stocks/CORT/revenue","revenue","1","0","0","10","6-10","0.035","0.035","high","0.035","P0_POSITION_4_10_LOW_CTR"
"google","/stocks/CTAS/net-income","net-income","1","0","0","9","6-10","0.035","0.035","high","0.035","P0_POSITION_4_10_LOW_CTR"
"google","/stocks/CVI/free-cash-flow","free-cash-flow","1","0","0","8","6-10","0.035","0.035","high","0.035","P0_POSITION_4_10_LOW_CTR"
"google","/stocks/DDOG/shares-outstanding","shares-outstanding","1","0","0","10","6-10","0.035","0.035","high","0.035","P0_POSITION_4_10_LOW_CTR"
"google","/stocks/DHR/free-cash-flow","free-cash-flow","1","0","0","9","6-10","0.035","0.035","high","0.035","P0_POSITION_4_10_LOW_CTR"
"google","/stocks/DOCU/dividend-history","dividend-history","1","0","0","6","6-10","0.035","0.035","high","0.035","P0_POSITION_4_10_LOW_CTR"
"google","/stocks/EA/dividend-history","dividend-history","1","0","0","10","6-10","0.035","0.035","high","0.035","P0_POSITION_4_10_LOW_CTR"
"google","/stocks/ED/revenue","revenue","1","0","0","10","6-10","0.035","0.035","high","0.035","P0_POSITION_4_10_LOW_CTR"
"google","/stocks/EGP/eps","eps","1","0","0","7","6-10","0.035","0.035","high","0.035","P0_POSITION_4_10_LOW_CTR"
"google","/stocks/EMN/gross-profit","gross-profit","1","0","0","7","6-10","0.035","0.035","high","0.035","P0_POSITION_4_10_LOW_CTR"
"google","/stocks/ENOV/pe-ratio","pe-ratio","1","0","0","10","6-10","0.035","0.035","high","0.035","P0_POSITION_4_10_LOW_CTR"
"google","/stocks/ENPH/total-debt","total-debt","1","0","0","10","6-10","0.035","0.035","high","0.035","P0_POSITION_4_10_LOW_CTR"
"google","/stocks/EOG/free-cash-flow","free-cash-flow","1","0","0","8","6-10","0.035","0.035","high","0.035","P0_POSITION_4_10_LOW_CTR"
"google","/stocks/EPR/pe-ratio","pe-ratio","1","0","0","8","6-10","0.035","0.035","high","0.035","P0_POSITION_4_10_LOW_CTR"
"google","/stocks/EQR/total-debt","total-debt","1","0","0","9","6-10","0.035","0.035","high","0.035","P0_POSITION_4_10_LOW_CTR"
"google","/stocks/ETSY/revenue","revenue","1","0","0","10","6-10","0.035","0.035","high","0.035","P0_POSITION_4_10_LOW_CTR"
"google","/stocks/FAST/gross-profit","gross-profit","1","0","0","7","6-10","0.035","0.035","high","0.035","P0_POSITION_4_10_LOW_CTR"
"google","/stocks/FBIN/free-cash-flow","free-cash-flow","1","0","0","10","6-10","0.035","0.035","high","0.035","P0_POSITION_4_10_LOW_CTR"
"google","/stocks/FCN/total-debt","total-debt","1","0","0","8","6-10","0.035","0.035","high","0.035","P0_POSITION_4_10_LOW_CTR"
"google","/stocks/FLR/eps","eps","1","0","0","10","6-10","0.035","0.035","high","0.035","P0_POSITION_4_10_LOW_CTR"
"google","/stocks/GOLF/free-cash-flow","free-cash-flow","1","0","0","9","6-10","0.035","0.035","high","0.035","P0_POSITION_4_10_LOW_CTR"
"google","/stocks/HOOD/total-debt","total-debt","1","0","0","8","6-10","0.035","0.035","high","0.035","P0_POSITION_4_10_LOW_CTR"
"google","/stocks/HST/eps","eps","1","0","0","9","6-10","0.035","0.035","high","0.035","P0_POSITION_4_10_LOW_CTR"
"google","/stocks/HUBB/revenue","revenue","1","0","0","6","6-10","0.035","0.035","high","0.035","P0_POSITION_4_10_LOW_CTR"
"google","/stocks/INGR/free-cash-flow","free-cash-flow","1","0","0","10","6-10","0.035","0.035","high","0.035","P0_POSITION_4_10_LOW_CTR"
"google","/stocks/INVX/pe-ratio","pe-ratio","1","0","0","6","6-10","0.035","0.035","high","0.035","P0_POSITION_4_10_LOW_CTR"
"google","/stocks/JOE/revenue","revenue","1","0","0","10","6-10","0.035","0.035","high","0.035","P0_POSITION_4_10_LOW_CTR"
"google","/stocks/KW/revenue","revenue","1","0","0","9","6-10","0.035","0.035","high","0.035","P0_POSITION_4_10_LOW_CTR"
"google","/stocks/LIVN/free-cash-flow","free-cash-flow","1","0","0","8","6-10","0.035","0.035","high","0.035","P0_POSITION_4_10_LOW_CTR"
"google","/stocks/LLY/eps","eps","1","0","0","10","6-10","0.035","0.035","high","0.035","P0_POSITION_4_10_LOW_CTR"
"google","/stocks/LLY/gross-profit","gross-profit","1","0","0","7","6-10","0.035","0.035","high","0.035","P0_POSITION_4_10_LOW_CTR"
"google","/stocks/LZ/eps","eps","1","0","0","6","6-10","0.035","0.035","high","0.035","P0_POSITION_4_10_LOW_CTR"
"google","/stocks/MET/shares-outstanding","shares-outstanding","1","0","0","9","6-10","0.035","0.035","high","0.035","P0_POSITION_4_10_LOW_CTR"
"google","/stocks/MGY/shares-outstanding","shares-outstanding","1","0","0","9","6-10","0.035","0.035","high","0.035","P0_POSITION_4_10_LOW_CTR"
"google","/stocks/MO/shares-outstanding","shares-outstanding","1","0","0","10","6-10","0.035","0.035","high","0.035","P0_POSITION_4_10_LOW_CTR"
"google","/stocks/MSFT/free-cash-flow","free-cash-flow","1","0","0","9","6-10","0.035","0.035","high","0.035","P0_POSITION_4_10_LOW_CTR"
"google","/stocks/MTH/eps","eps","1","0","0","8","6-10","0.035","0.035","high","0.035","P0_POSITION_4_10_LOW_CTR"
"google","/stocks/MXL/pe-ratio","pe-ratio","1","0","0","10","6-10","0.035","0.035","high","0.035","P0_POSITION_4_10_LOW_CTR"
"google","/stocks/MZTI/gross-profit","gross-profit","1","0","0","9","6-10","0.035","0.035","high","0.035","P0_POSITION_4_10_LOW_CTR"
"google","/stocks/NOV/pe-ratio","pe-ratio","1","0","0","6","6-10","0.035","0.035","high","0.035","P0_POSITION_4_10_LOW_CTR"
"google","/stocks/NVR/eps","eps","1","0","0","7","6-10","0.035","0.035","high","0.035","P0_POSITION_4_10_LOW_CTR"
"google","/stocks/NWN/eps","eps","1","0","0","10","6-10","0.035","0.035","high","0.035","P0_POSITION_4_10_LOW_CTR"
"google","/stocks/OLLI/revenue","revenue","1","0","0","9","6-10","0.035","0.035","high","0.035","P0_POSITION_4_10_LOW_CTR"
"google","/stocks/OSS/revenue","revenue","1","0","0","9","6-10","0.035","0.035","high","0.035","P0_POSITION_4_10_LOW_CTR"
"google","/stocks/PAG/pe-ratio","pe-ratio","1","0","0","9","6-10","0.035","0.035","high","0.035","P0_POSITION_4_10_LOW_CTR"
"google","/stocks/PANW/pe-ratio","pe-ratio","1","0","0","10","6-10","0.035","0.035","high","0.035","P0_POSITION_4_10_LOW_CTR"
"google","/stocks/PATK/dividend-history","dividend-history","1","0","0","9","6-10","0.035","0.035","high","0.035","P0_POSITION_4_10_LOW_CTR"
"google","/stocks/PEN/total-debt","total-debt","1","0","0","10","6-10","0.035","0.035","high","0.035","P0_POSITION_4_10_LOW_CTR"
"google","/stocks/PHIN/shares-outstanding","shares-outstanding","1","0","0","9","6-10","0.035","0.035","high","0.035","P0_POSITION_4_10_LOW_CTR"
"google","/stocks/PR/revenue","revenue","1","0","0","9","6-10","0.035","0.035","high","0.035","P0_POSITION_4_10_LOW_CTR"
"google","/stocks/PRA/revenue","revenue","1","0","0","10","6-10","0.035","0.035","high","0.035","P0_POSITION_4_10_LOW_CTR"
"google","/stocks/Q/total-debt","total-debt","1","0","0","9","6-10","0.035","0.035","high","0.035","P0_POSITION_4_10_LOW_CTR"
"google","/stocks/QDEL/total-debt","total-debt","1","0","0","10","6-10","0.035","0.035","high","0.035","P0_POSITION_4_10_LOW_CTR"
"google","/stocks/QLYS/net-income","net-income","1","0","0","6","6-10","0.035","0.035","high","0.035","P0_POSITION_4_10_LOW_CTR"
"google","/stocks/QTWO/revenue","revenue","1","0","0","8","6-10","0.035","0.035","high","0.035","P0_POSITION_4_10_LOW_CTR"
"google","/stocks/R/revenue","revenue","1","0","0","6","6-10","0.035","0.035","high","0.035","P0_POSITION_4_10_LOW_CTR"
"google","/stocks/REX/eps","eps","1","0","0","8","6-10","0.035","0.035","high","0.035","P0_POSITION_4_10_LOW_CTR"
"google","/stocks/RLI/revenue","revenue","1","0","0","7","6-10","0.035","0.035","high","0.035","P0_POSITION_4_10_LOW_CTR"
"google","/stocks/ROIV/total-debt","total-debt","1","0","0","10","6-10","0.035","0.035","high","0.035","P0_POSITION_4_10_LOW_CTR"
"google","/stocks/SBAC/revenue","revenue","1","0","0","6","6-10","0.035","0.035","high","0.035","P0_POSITION_4_10_LOW_CTR"
"google","/stocks/SCHW/pe-ratio","pe-ratio","1","0","0","9","6-10","0.035","0.035","high","0.035","P0_POSITION_4_10_LOW_CTR"
"google","/stocks/SFM/free-cash-flow","free-cash-flow","1","0","0","10","6-10","0.035","0.035","high","0.035","P0_POSITION_4_10_LOW_CTR"
"google","/stocks/SM/free-cash-flow","free-cash-flow","1","0","0","7","6-10","0.035","0.035","high","0.035","P0_POSITION_4_10_LOW_CTR"
"google","/stocks/SPGI/dividend-history","dividend-history","1","0","0","6","6-10","0.035","0.035","high","0.035","P0_POSITION_4_10_LOW_CTR"
"google","/stocks/SSB/pe-ratio","pe-ratio","1","0","0","6","6-10","0.035","0.035","high","0.035","P0_POSITION_4_10_LOW_CTR"
"google","/stocks/SYNA/shares-outstanding","shares-outstanding","1","0","0","8","6-10","0.035","0.035","high","0.035","P0_POSITION_4_10_LOW_CTR"
"google","/stocks/THO/net-income","net-income","1","0","0","10","6-10","0.035","0.035","high","0.035","P0_POSITION_4_10_LOW_CTR"
"google","/stocks/TMO/total-debt","total-debt","1","0","0","7","6-10","0.035","0.035","high","0.035","P0_POSITION_4_10_LOW_CTR"
"google","/stocks/TRMB/free-cash-flow","free-cash-flow","1","0","0","10","6-10","0.035","0.035","high","0.035","P0_POSITION_4_10_LOW_CTR"
"google","/stocks/UAA/pe-ratio","pe-ratio","1","0","0","8","6-10","0.035","0.035","high","0.035","P0_POSITION_4_10_LOW_CTR"
"google","/stocks/UFPI/pe-ratio","pe-ratio","1","0","0","8","6-10","0.035","0.035","high","0.035","P0_POSITION_4_10_LOW_CTR"
"google","/stocks/ULTA/free-cash-flow","free-cash-flow","1","0","0","9","6-10","0.035","0.035","high","0.035","P0_POSITION_4_10_LOW_CTR"
"google","/stocks/UNP/eps","eps","1","0","0","10","6-10","0.035","0.035","high","0.035","P0_POSITION_4_10_LOW_CTR"
"google","/stocks/VFC/total-debt","total-debt","1","0","0","7","6-10","0.035","0.035","high","0.035","P0_POSITION_4_10_LOW_CTR"
"google","/stocks/VLO/net-income","net-income","1","0","0","6","6-10","0.035","0.035","high","0.035","P0_POSITION_4_10_LOW_CTR"
"google","/stocks/VRRM/total-debt","total-debt","1","0","0","8","6-10","0.035","0.035","high","0.035","P0_POSITION_4_10_LOW_CTR"
"google","/stocks/VRSK/net-income","net-income","1","0","0","10","6-10","0.035","0.035","high","0.035","P0_POSITION_4_10_LOW_CTR"
"google","/stocks/WFC/total-debt","total-debt","1","0","0","6","6-10","0.035","0.035","high","0.035","P0_POSITION_4_10_LOW_CTR"
"google","/stocks/WHR/shares-outstanding","shares-outstanding","1","0","0","7","6-10","0.035","0.035","high","0.035","P0_POSITION_4_10_LOW_CTR"
"google","/stocks/WMG/free-cash-flow","free-cash-flow","1","0","0","6","6-10","0.035","0.035","high","0.035","P0_POSITION_4_10_LOW_CTR"
"google","/stocks/WMG/gross-profit","gross-profit","1","0","0","10","6-10","0.035","0.035","high","0.035","P0_POSITION_4_10_LOW_CTR"
"google","/stocks/META","other","58","0","0","47.8448275862069","21-50","0.003","0.003","medium","0.032625","P1_REVIEW"
"google","/stocks/RS","other","6","0","0","14.833333333333334","11-15","0.012","0.012","medium","0.0324","P1_REVIEW"
"google","/compare/BLK-vs-SCHW","comparison","4","0","0","16","16-20","0.012","0.012","high","0.0288","P1_REVIEW"
"google","/compare/KO-vs-PM","comparison","4","0","0","11.5","11-15","0.012","0.012","high","0.0288","P1_REVIEW"
"google","/compare/R-vs-VMI","comparison","4","0","0","10.5","11-15","0.012","0.012","high","0.0288","P1_REVIEW"
"google","/stocks/FIX/revenue","revenue","4","0","0","10.25","11-15","0.012","0.012","high","0.0288","P1_REVIEW"
"google","/stocks/KFY/revenue","revenue","4","0","0","10.5","11-15","0.012","0.012","high","0.0288","P1_REVIEW"
"google","/stocks/SRPT/dividend-history","dividend-history","4","0","0","19.25","16-20","0.012","0.012","high","0.0288","P1_REVIEW"
"google","/stocks/TPR/net-income","net-income","4","0","0","11","11-15","0.012","0.012","high","0.0288","P1_REVIEW"
"google","/stocks/INFY","other","5","0","0","18.4","16-20","0.012","0.012","medium","0.027000000000000003","P1_REVIEW"
"google","/stocks/IPI","other","5","0","0","14.6","11-15","0.012","0.012","medium","0.027000000000000003","P1_REVIEW"
"google","/stocks/PL","other","5","0","0","18.8","16-20","0.012","0.012","medium","0.027000000000000003","P1_REVIEW"
"google","/company","other","1","0","0","8","6-10","0.035","0.035","medium","0.026250000000000002","P0_POSITION_4_10_LOW_CTR"
"google","/stocks/ALNY","other","1","0","0","8","6-10","0.035","0.035","medium","0.026250000000000002","P0_POSITION_4_10_LOW_CTR"
"google","/stocks/AMPH","other","1","0","0","6","6-10","0.035","0.035","medium","0.026250000000000002","P0_POSITION_4_10_LOW_CTR"
"google","/stocks/ANF","other","1","0","0","8","6-10","0.035","0.035","medium","0.026250000000000002","P0_POSITION_4_10_LOW_CTR"
"google","/stocks/ARE","other","1","0","0","7","6-10","0.035","0.035","medium","0.026250000000000002","P0_POSITION_4_10_LOW_CTR"
"google","/stocks/ASH","other","1","0","0","9","6-10","0.035","0.035","medium","0.026250000000000002","P0_POSITION_4_10_LOW_CTR"
"google","/stocks/BEP","other","1","0","0","7","6-10","0.035","0.035","medium","0.026250000000000002","P0_POSITION_4_10_LOW_CTR"
"google","/stocks/CCI","other","1","0","0","7","6-10","0.035","0.035","medium","0.026250000000000002","P0_POSITION_4_10_LOW_CTR"
"google","/stocks/CELH","other","1","0","0","6","6-10","0.035","0.035","medium","0.026250000000000002","P0_POSITION_4_10_LOW_CTR"
"google","/stocks/COF-PJ","other","1","0","0","6","6-10","0.035","0.035","medium","0.026250000000000002","P0_POSITION_4_10_LOW_CTR"
"google","/stocks/CPRI","other","1","0","0","9","6-10","0.035","0.035","medium","0.026250000000000002","P0_POSITION_4_10_LOW_CTR"
"google","/stocks/CRSR","other","1","0","0","10","6-10","0.035","0.035","medium","0.026250000000000002","P0_POSITION_4_10_LOW_CTR"
"google","/stocks/DUOL","other","1","0","0","6","6-10","0.035","0.035","medium","0.026250000000000002","P0_POSITION_4_10_LOW_CTR"
"google","/stocks/FCPT","other","1","0","0","9","6-10","0.035","0.035","medium","0.026250000000000002","P0_POSITION_4_10_LOW_CTR"
"google","/stocks/GHC","other","1","0","0","8","6-10","0.035","0.035","medium","0.026250000000000002","P0_POSITION_4_10_LOW_CTR"
"google","/stocks/GVA","other","1","0","0","8","6-10","0.035","0.035","medium","0.026250000000000002","P0_POSITION_4_10_LOW_CTR"
"google","/stocks/HASI","other","1","0","0","6","6-10","0.035","0.035","medium","0.026250000000000002","P0_POSITION_4_10_LOW_CTR"
"google","/stocks/HCSG","other","1","0","0","10","6-10","0.035","0.035","medium","0.026250000000000002","P0_POSITION_4_10_LOW_CTR"
"google","/stocks/HOG","other","1","0","0","9","6-10","0.035","0.035","medium","0.026250000000000002","P0_POSITION_4_10_LOW_CTR"
"google","/stocks/HRMY","other","1","0","0","9","6-10","0.035","0.035","medium","0.026250000000000002","P0_POSITION_4_10_LOW_CTR"
"google","/stocks/HSIC","other","1","0","0","7","6-10","0.035","0.035","medium","0.026250000000000002","P0_POSITION_4_10_LOW_CTR"
"google","/stocks/HSY","other","1","0","0","10","6-10","0.035","0.035","medium","0.026250000000000002","P0_POSITION_4_10_LOW_CTR"
"google","/stocks/ILMN","other","1","0","0","10","6-10","0.035","0.035","medium","0.026250000000000002","P0_POSITION_4_10_LOW_CTR"
"google","/stocks/KAI","other","1","0","0","9","6-10","0.035","0.035","medium","0.026250000000000002","P0_POSITION_4_10_LOW_CTR"
"google","/stocks/KEN","other","1","0","0","9","6-10","0.035","0.035","medium","0.026250000000000002","P0_POSITION_4_10_LOW_CTR"
"google","/stocks/LSTR","other","1","0","0","9","6-10","0.035","0.035","medium","0.026250000000000002","P0_POSITION_4_10_LOW_CTR"
"google","/stocks/MTRN","other","1","0","0","8","6-10","0.035","0.035","medium","0.026250000000000002","P0_POSITION_4_10_LOW_CTR"
"google","/stocks/ONTO","other","1","0","0","7","6-10","0.035","0.035","medium","0.026250000000000002","P0_POSITION_4_10_LOW_CTR"
"google","/stocks/PENG","other","1","0","0","10","6-10","0.035","0.035","medium","0.026250000000000002","P0_POSITION_4_10_LOW_CTR"
"google","/stocks/PI","other","1","0","0","7","6-10","0.035","0.035","medium","0.026250000000000002","P0_POSITION_4_10_LOW_CTR"
"google","/stocks/PJT","other","1","0","0","7","6-10","0.035","0.035","medium","0.026250000000000002","P0_POSITION_4_10_LOW_CTR"
"google","/stocks/PLGO","other","1","0","0","10","6-10","0.035","0.035","medium","0.026250000000000002","P0_POSITION_4_10_LOW_CTR"
"google","/stocks/PLXS","other","1","0","0","9","6-10","0.035","0.035","medium","0.026250000000000002","P0_POSITION_4_10_LOW_CTR"
"google","/stocks/PMT","other","1","0","0","8","6-10","0.035","0.035","medium","0.026250000000000002","P0_POSITION_4_10_LOW_CTR"
"google","/stocks/PPC","other","1","0","0","9","6-10","0.035","0.035","medium","0.026250000000000002","P0_POSITION_4_10_LOW_CTR"
"google","/stocks/PVH","other","1","0","0","7","6-10","0.035","0.035","medium","0.026250000000000002","P0_POSITION_4_10_LOW_CTR"
"google","/stocks/QCOM","other","1","0","0","8","6-10","0.035","0.035","medium","0.026250000000000002","P0_POSITION_4_10_LOW_CTR"
"google","/stocks/RBC","other","1","0","0","10","6-10","0.035","0.035","medium","0.026250000000000002","P0_POSITION_4_10_LOW_CTR"
"google","/stocks/REXR","other","1","0","0","9","6-10","0.035","0.035","medium","0.026250000000000002","P0_POSITION_4_10_LOW_CTR"
"google","/stocks/ROCK","other","1","0","0","7","6-10","0.035","0.035","medium","0.026250000000000002","P0_POSITION_4_10_LOW_CTR"
"google","/stocks/RSVR","other","1","0","0","10","6-10","0.035","0.035","medium","0.026250000000000002","P0_POSITION_4_10_LOW_CTR"
"google","/stocks/SAIA","other","1","0","0","9","6-10","0.035","0.035","medium","0.026250000000000002","P0_POSITION_4_10_LOW_CTR"
"google","/stocks/SKT","other","1","0","0","10","6-10","0.035","0.035","medium","0.026250000000000002","P0_POSITION_4_10_LOW_CTR"
"google","/stocks/SMTC","other","1","0","0","10","6-10","0.035","0.035","medium","0.026250000000000002","P0_POSITION_4_10_LOW_CTR"
"google","/stocks/SSD","other","1","0","0","8","6-10","0.035","0.035","medium","0.026250000000000002","P0_POSITION_4_10_LOW_CTR"
"google","/stocks/TOYO","other","1","0","0","6","6-10","0.035","0.035","medium","0.026250000000000002","P0_POSITION_4_10_LOW_CTR"
"google","/stocks/TWN","other","1","0","0","10","6-10","0.035","0.035","medium","0.026250000000000002","P0_POSITION_4_10_LOW_CTR"
"google","/stocks/VFC","other","1","0","0","9","6-10","0.035","0.035","medium","0.026250000000000002","P0_POSITION_4_10_LOW_CTR"
"google","/stocks/VSEC","other","1","0","0","8","6-10","0.035","0.035","medium","0.026250000000000002","P0_POSITION_4_10_LOW_CTR"
"google","/stocks/VSH","other","1","0","0","10","6-10","0.035","0.035","medium","0.026250000000000002","P0_POSITION_4_10_LOW_CTR"
"google","/stocks/WSO","other","1","0","0","7","6-10","0.035","0.035","medium","0.026250000000000002","P0_POSITION_4_10_LOW_CTR"
"google","/stocks/WU","other","1","0","0","9","6-10","0.035","0.035","medium","0.026250000000000002","P0_POSITION_4_10_LOW_CTR"
"google","/stocks/ZSQR","other","1","0","0","9","6-10","0.035","0.035","medium","0.026250000000000002","P0_POSITION_4_10_LOW_CTR"
"google","/stocks/GOOGL","other","43","0","0","33.81395348837209","21-50","0.003","0.003","medium","0.0241875","P1_REVIEW"
"google","/vs/simply-wall-st","other","41","0","0","34.4390243902439","21-50","0.003","0.003","medium","0.0230625","P1_REVIEW"
"google","/stocks/MSCI/dividend-history","dividend-history","30","0","0","49.96666666666667","21-50","0.003","0.003","high","0.0225","P1_REVIEW"
"google","/stocks/SILA","other","4","0","0","18.5","16-20","0.012","0.012","medium","0.0216","P1_REVIEW"
"google","/compare/ACN-vs-ADP","comparison","3","0","0","17","16-20","0.012","0.012","high","0.021599999999999998","P1_REVIEW"
"google","/compare/AVGO-vs-MSFT","comparison","3","0","0","13.666666666666666","11-15","0.012","0.012","high","0.021599999999999998","P1_REVIEW"
"google","/compare/BRK.B-vs-JPM","comparison","3","0","0","11","11-15","0.012","0.012","high","0.021599999999999998","P1_REVIEW"
"google","/compare/CHYM-vs-PAYC","comparison","3","0","0","11.666666666666666","11-15","0.012","0.012","high","0.021599999999999998","P1_REVIEW"
"google","/compare/IBM-vs-SNDK","comparison","3","0","0","18.666666666666668","16-20","0.012","0.012","high","0.021599999999999998","P1_REVIEW"
"google","/compare/LRCX-vs-MU","comparison","3","0","0","11","11-15","0.012","0.012","high","0.021599999999999998","P1_REVIEW"
"google","/compare/RBLX-vs-TTWO","comparison","3","0","0","11.333333333333334","11-15","0.012","0.012","high","0.021599999999999998","P1_REVIEW"
"google","/stocks/ASTE/free-cash-flow","free-cash-flow","3","0","0","10.666666666666666","11-15","0.012","0.012","high","0.021599999999999998","P1_REVIEW"
"google","/stocks/BURL/gross-profit","gross-profit","3","0","0","14","11-15","0.012","0.012","high","0.021599999999999998","P1_REVIEW"
"google","/stocks/HTH/net-income","net-income","3","0","0","10.333333333333334","11-15","0.012","0.012","high","0.021599999999999998","P1_REVIEW"
"google","/stocks/JAZZ/total-debt","total-debt","3","0","0","13.333333333333334","11-15","0.012","0.012","high","0.021599999999999998","P1_REVIEW"
"google","/stocks/MA/pe-ratio","pe-ratio","3","0","0","13.666666666666666","11-15","0.012","0.012","high","0.021599999999999998","P1_REVIEW"
"google","/stocks/MDLZ/revenue","revenue","3","0","0","16.333333333333336","16-20","0.012","0.012","high","0.021599999999999998","P1_REVIEW"
"google","/stocks/UMBF/net-income","net-income","3","0","0","18","16-20","0.012","0.012","high","0.021599999999999998","P1_REVIEW"
"google","/compare/DELL-vs-IBM","comparison","24","0","0","25.583333333333332","21-50","0.003","0.003","high","0.018000000000000002","P1_REVIEW"
"google","/stocks/ATI","other","3","0","0","19","16-20","0.012","0.012","medium","0.0162","P1_REVIEW"
"google","/stocks/GXO","other","3","0","0","10.333333333333334","11-15","0.012","0.012","medium","0.0162","P1_REVIEW"
"google","/stocks/OI","other","3","0","0","10.333333333333334","11-15","0.012","0.012","medium","0.0162","P1_REVIEW"
"google","/stocks/TXO","other","3","0","0","18.333333333333332","16-20","0.012","0.012","medium","0.0162","P1_REVIEW"
"google","/compare/AMAT-vs-KLAC","comparison","2","0","0","10.5","11-15","0.012","0.012","high","0.0144","P1_REVIEW"
"google","/compare/AMCR-vs-WS","comparison","2","0","0","18","16-20","0.012","0.012","high","0.0144","P1_REVIEW"
"google","/compare/AMR-vs-CTVA","comparison","2","0","0","19","16-20","0.012","0.012","high","0.0144","P1_REVIEW"
"google","/compare/AXP-vs-WFC","comparison","2","0","0","15","11-15","0.012","0.012","high","0.0144","P1_REVIEW"
"google","/compare/BDN-vs-GOOD","comparison","2","0","0","11","11-15","0.012","0.012","high","0.0144","P1_REVIEW"
"google","/compare/BRUN-vs-VPG","comparison","2","0","0","12.5","11-15","0.012","0.012","high","0.0144","P1_REVIEW"
"google","/compare/COST-vs-KO","comparison","2","0","0","10.5","11-15","0.012","0.012","high","0.0144","P1_REVIEW"
"google","/compare/EVRG-vs-LNT","comparison","2","0","0","11.5","11-15","0.012","0.012","high","0.0144","P1_REVIEW"
"google","/compare/G-vs-PEGA","comparison","2","0","0","18","16-20","0.012","0.012","high","0.0144","P1_REVIEW"
"google","/compare/HPE-vs-STM","comparison","2","0","0","11","11-15","0.012","0.012","high","0.0144","P1_REVIEW"
"google","/compare/KFRC-vs-LMB","comparison","2","0","0","20","16-20","0.012","0.012","high","0.0144","P1_REVIEW"
"google","/compare/LLY-vs-NVS","comparison","2","0","0","14","11-15","0.012","0.012","high","0.0144","P1_REVIEW"
"google","/stocks/BKU/shares-outstanding","shares-outstanding","2","0","0","12.5","11-15","0.012","0.012","high","0.0144","P1_REVIEW"
"google","/stocks/GME/revenue","revenue","2","0","0","11","11-15","0.012","0.012","high","0.0144","P1_REVIEW"
"google","/stocks/KNF/revenue","revenue","2","0","0","12.5","11-15","0.012","0.012","high","0.0144","P1_REVIEW"
"google","/stocks/RSG/total-debt","total-debt","2","0","0","16.5","16-20","0.012","0.012","high","0.0144","P1_REVIEW"
"google","/stocks/SLG/pe-ratio","pe-ratio","2","0","0","11","11-15","0.012","0.012","high","0.0144","P1_REVIEW"
"google","/stocks/AMZN/pe-ratio","pe-ratio","15","0","0","33.2","21-50","0.003","0.003","high","0.01125","P1_REVIEW"
"google","/stocks/AIZ","other","2","0","0","11","11-15","0.012","0.012","medium","0.0108","P1_REVIEW"
"google","/stocks/ELF","other","2","0","0","12","11-15","0.012","0.012","medium","0.0108","P1_REVIEW"
"google","/stocks/HP","other","2","0","0","11.5","11-15","0.012","0.012","medium","0.0108","P1_REVIEW"
"google","/stocks/KEX","other","2","0","0","11","11-15","0.012","0.012","medium","0.0108","P1_REVIEW"
"google","/stocks/METCB","other","2","0","0","20","16-20","0.012","0.012","medium","0.0108","P1_REVIEW"
"google","/stocks/SCHL","other","2","0","0","17.5","16-20","0.012","0.012","medium","0.0108","P1_REVIEW"
"google","/stocks/SKYW","other","2","0","0","10.5","11-15","0.012","0.012","medium","0.0108","P1_REVIEW"
"google","/vs/sharesight","other","19","0","0","26.42105263157895","21-50","0.003","0.003","medium","0.0106875","P1_REVIEW"
"google","/stocks/NFLX/revenue","revenue","13","0","0","48.84615384615385","21-50","0.003","0.003","high","0.00975","P1_REVIEW"
"google","/stocks/RITM","other","17","0","0","43.88235294117647","21-50","0.003","0.003","medium","0.009562500000000002","P1_REVIEW"
"google","/stocks/GOOGL/shares-outstanding","shares-outstanding","11","0","0","34.72727272727273","21-50","0.003","0.003","high","0.00825","P1_REVIEW"
"google","/compare/ABNB-vs-PHIN","comparison","1","0","0","12","11-15","0.012","0.012","high","0.0072","P1_REVIEW"
"google","/compare/ACGL-vs-FFIN","comparison","1","0","0","13","11-15","0.012","0.012","high","0.0072","P1_REVIEW"
"google","/compare/ADI-vs-SNPS","comparison","1","0","0","11","11-15","0.012","0.012","high","0.0072","P1_REVIEW"
"google","/compare/ADSK-vs-NSSC","comparison","1","0","0","14","11-15","0.012","0.012","high","0.0072","P1_REVIEW"
"google","/compare/AKTS-vs-NUTX","comparison","1","0","0","17","16-20","0.012","0.012","high","0.0072","P1_REVIEW"
"google","/compare/ALLE-vs-HON","comparison","1","0","0","12","11-15","0.012","0.012","high","0.0072","P1_REVIEW"
"google","/compare/ALLY-vs-HUT","comparison","1","0","0","11","11-15","0.012","0.012","high","0.0072","P1_REVIEW"
"google","/compare/ALSN-vs-CAVA","comparison","1","0","0","12","11-15","0.012","0.012","high","0.0072","P1_REVIEW"
"google","/compare/AMAT-vs-CSCO","comparison","1","0","0","12","11-15","0.012","0.012","high","0.0072","P1_REVIEW"
"google","/compare/AMBA-vs-VISN","comparison","1","0","0","11","11-15","0.012","0.012","high","0.0072","P1_REVIEW"
"google","/compare/AMP-vs-ARES","comparison","1","0","0","11","11-15","0.012","0.012","high","0.0072","P1_REVIEW"
"google","/compare/AMT-vs-DLR","comparison","1","0","0","12","11-15","0.012","0.012","high","0.0072","P1_REVIEW"
"google","/compare/AMTB-vs-EVT","comparison","1","0","0","12","11-15","0.012","0.012","high","0.0072","P1_REVIEW"
"google","/compare/ARX-vs-FSK","comparison","1","0","0","12","11-15","0.012","0.012","high","0.0072","P1_REVIEW"
"google","/compare/ATEX-vs-YELP","comparison","1","0","0","18","16-20","0.012","0.012","high","0.0072","P1_REVIEW"
"google","/compare/BG-vs-DG","comparison","1","0","0","11","11-15","0.012","0.012","high","0.0072","P1_REVIEW"
"google","/compare/BHE-vs-HIMX","comparison","1","0","0","12","11-15","0.012","0.012","high","0.0072","P1_REVIEW"
"google","/compare/BK-vs-KKR","comparison","1","0","0","16","16-20","0.012","0.012","high","0.0072","P1_REVIEW"
"google","/compare/BMI-vs-LIF","comparison","1","0","0","11","11-15","0.012","0.012","high","0.0072","P1_REVIEW"
"google","/compare/BRX-vs-CPT","comparison","1","0","0","16","16-20","0.012","0.012","high","0.0072","P1_REVIEW"
"google","/compare/BZH-vs-FOXF","comparison","1","0","0","19","16-20","0.012","0.012","high","0.0072","P1_REVIEW"
"google","/compare/CASY-vs-QSR","comparison","1","0","0","11","11-15","0.012","0.012","high","0.0072","P1_REVIEW"
"google","/compare/COLD-vs-HHH","comparison","1","0","0","15","11-15","0.012","0.012","high","0.0072","P1_REVIEW"
"google","/compare/CQP-vs-VG","comparison","1","0","0","12","11-15","0.012","0.012","high","0.0072","P1_REVIEW"
"google","/compare/CRML-vs-ELVR","comparison","1","0","0","11","11-15","0.012","0.012","high","0.0072","P1_REVIEW"
"google","/compare/CWEN-vs-CWEN.A","comparison","1","0","0","16","16-20","0.012","0.012","high","0.0072","P1_REVIEW"
"google","/compare/DASH-vs-GM","comparison","1","0","0","12","11-15","0.012","0.012","high","0.0072","P1_REVIEW"
"google","/compare/DGX-vs-UTHR","comparison","1","0","0","17","16-20","0.012","0.012","high","0.0072","P1_REVIEW"
"google","/compare/DUK-vs-SO","comparison","1","0","0","12","11-15","0.012","0.012","high","0.0072","P1_REVIEW"
"google","/compare/DXCM-vs-IQV","comparison","1","0","0","11","11-15","0.012","0.012","high","0.0072","P1_REVIEW"
"google","/compare/EA-vs-TKO","comparison","1","0","0","11","11-15","0.012","0.012","high","0.0072","P1_REVIEW"
"google","/compare/ESTC-vs-NAVN","comparison","1","0","0","12","11-15","0.012","0.012","high","0.0072","P1_REVIEW"
"google","/compare/ET-vs-OKE","comparison","1","0","0","12","11-15","0.012","0.012","high","0.0072","P1_REVIEW"
"google","/compare/ETN-vs-UNP","comparison","1","0","0","12","11-15","0.012","0.012","high","0.0072","P1_REVIEW"
"google","/compare/ETN-vs-VRT","comparison","1","0","0","11","11-15","0.012","0.012","high","0.0072","P1_REVIEW"
"google","/compare/FANG-vs-OXY","comparison","1","0","0","19","16-20","0.012","0.012","high","0.0072","P1_REVIEW"
"google","/compare/FET-vs-WTI","comparison","1","0","0","11","11-15","0.012","0.012","high","0.0072","P1_REVIEW"
"google","/compare/FFBC-vs-FHB","comparison","1","0","0","13","11-15","0.012","0.012","high","0.0072","P1_REVIEW"
"google","/compare/FUN-vs-PTON","comparison","1","0","0","17","16-20","0.012","0.012","high","0.0072","P1_REVIEW"
"google","/compare/GLXY-vs-HUT","comparison","1","0","0","19","16-20","0.012","0.012","high","0.0072","P1_REVIEW"
"google","/compare/GOOG-vs-META","comparison","1","0","0","11","11-15","0.012","0.012","high","0.0072","P1_REVIEW"
"google","/compare/HIMX-vs-SOUN","comparison","1","0","0","11","11-15","0.012","0.012","high","0.0072","P1_REVIEW"
"google","/compare/HMN-vs-TWN","comparison","1","0","0","14","11-15","0.012","0.012","high","0.0072","P1_REVIEW"
"google","/compare/KO-vs-MO","comparison","1","0","0","12","11-15","0.012","0.012","high","0.0072","P1_REVIEW"
"google","/compare/LEA-vs-MBLY","comparison","1","0","0","11","11-15","0.012","0.012","high","0.0072","P1_REVIEW"
"google","/compare/LOW-vs-SBUX","comparison","1","0","0","12","11-15","0.012","0.012","high","0.0072","P1_REVIEW"
"google","/compare/LSTR-vs-POOL","comparison","1","0","0","11","11-15","0.012","0.012","high","0.0072","P1_REVIEW"
"google","/compare/MAR-vs-MELI","comparison","1","0","0","11","11-15","0.012","0.012","high","0.0072","P1_REVIEW"
"google","/compare/OSCR-vs-TECH","comparison","1","0","0","11","11-15","0.012","0.012","high","0.0072","P1_REVIEW"
"google","/compare/OSCR-vs-TEM","comparison","1","0","0","12","11-15","0.012","0.012","high","0.0072","P1_REVIEW"
"google","/compare/QLYS-vs-VECO","comparison","1","0","0","11","11-15","0.012","0.012","high","0.0072","P1_REVIEW"
"google","/compare/RGR-vs-SWBI","comparison","1","0","0","15","11-15","0.012","0.012","high","0.0072","P1_REVIEW"
"google","/compare/SEB-vs-UNF","comparison","1","0","0","11","11-15","0.012","0.012","high","0.0072","P1_REVIEW"
"google","/compare/SMCI-vs-ZS","comparison","1","0","0","12","11-15","0.012","0.012","high","0.0072","P1_REVIEW"
"google","/compare/SUNB-vs-UAL","comparison","1","0","0","11","11-15","0.012","0.012","high","0.0072","P1_REVIEW"
"google","/stocks/ARCB/net-income","net-income","1","0","0","11","11-15","0.012","0.012","high","0.0072","P1_REVIEW"
"google","/stocks/ARMK/gross-profit","gross-profit","1","0","0","11","11-15","0.012","0.012","high","0.0072","P1_REVIEW"
"google","/stocks/AVGO/shares-outstanding","shares-outstanding","1","0","0","16","16-20","0.012","0.012","high","0.0072","P1_REVIEW"
"google","/stocks/BC/revenue","revenue","1","0","0","17","16-20","0.012","0.012","high","0.0072","P1_REVIEW"
"google","/stocks/BLKB/dividend-history","dividend-history","1","0","0","11","11-15","0.012","0.012","high","0.0072","P1_REVIEW"
"google","/stocks/CAH/gross-profit","gross-profit","1","0","0","12","11-15","0.012","0.012","high","0.0072","P1_REVIEW"
"google","/stocks/CASH/total-debt","total-debt","1","0","0","12","11-15","0.012","0.012","high","0.0072","P1_REVIEW"
"google","/stocks/CHTR/revenue","revenue","1","0","0","20","16-20","0.012","0.012","high","0.0072","P1_REVIEW"
"google","/stocks/CLF/total-debt","total-debt","1","0","0","11","11-15","0.012","0.012","high","0.0072","P1_REVIEW"
"google","/stocks/CPRX/revenue","revenue","1","0","0","15","11-15","0.012","0.012","high","0.0072","P1_REVIEW"
"google","/stocks/CRGY/total-debt","total-debt","1","0","0","11","11-15","0.012","0.012","high","0.0072","P1_REVIEW"
"google","/stocks/CXM/pe-ratio","pe-ratio","1","0","0","11","11-15","0.012","0.012","high","0.0072","P1_REVIEW"
"google","/stocks/DINO/pe-ratio","pe-ratio","1","0","0","11","11-15","0.012","0.012","high","0.0072","P1_REVIEW"
"google","/stocks/FDS/free-cash-flow","free-cash-flow","1","0","0","12","11-15","0.012","0.012","high","0.0072","P1_REVIEW"
"google","/stocks/FIVE/gross-profit","gross-profit","1","0","0","11","11-15","0.012","0.012","high","0.0072","P1_REVIEW"
"google","/stocks/FULT/net-income","net-income","1","0","0","11","11-15","0.012","0.012","high","0.0072","P1_REVIEW"
"google","/stocks/GILD/revenue","revenue","1","0","0","11","11-15","0.012","0.012","high","0.0072","P1_REVIEW"
"google","/stocks/GKOS/revenue","revenue","1","0","0","12","11-15","0.012","0.012","high","0.0072","P1_REVIEW"
"google","/stocks/GPC/net-income","net-income","1","0","0","11","11-15","0.012","0.012","high","0.0072","P1_REVIEW"
"google","/stocks/GXO/dividend-history","dividend-history","1","0","0","11","11-15","0.012","0.012","high","0.0072","P1_REVIEW"
"google","/stocks/HTZ/revenue","revenue","1","0","0","12","11-15","0.012","0.012","high","0.0072","P1_REVIEW"
"google","/stocks/KMI/revenue","revenue","1","0","0","12","11-15","0.012","0.012","high","0.0072","P1_REVIEW"
"google","/stocks/KN/shares-outstanding","shares-outstanding","1","0","0","14","11-15","0.012","0.012","high","0.0072","P1_REVIEW"
"google","/stocks/LAD/eps","eps","1","0","0","11","11-15","0.012","0.012","high","0.0072","P1_REVIEW"
"google","/stocks/LOW/revenue","revenue","1","0","0","17","16-20","0.012","0.012","high","0.0072","P1_REVIEW"
"google","/stocks/LUMN/gross-profit","gross-profit","1","0","0","11","11-15","0.012","0.012","high","0.0072","P1_REVIEW"
"google","/stocks/MAN/net-income","net-income","1","0","0","12","11-15","0.012","0.012","high","0.0072","P1_REVIEW"
"google","/stocks/MCK/gross-profit","gross-profit","1","0","0","11","11-15","0.012","0.012","high","0.0072","P1_REVIEW"
"google","/stocks/NTCT/pe-ratio","pe-ratio","1","0","0","16","16-20","0.012","0.012","high","0.0072","P1_REVIEW"
"google","/stocks/ON/revenue","revenue","1","0","0","12","11-15","0.012","0.012","high","0.0072","P1_REVIEW"
"google","/stocks/PENN/total-debt","total-debt","1","0","0","12","11-15","0.012","0.012","high","0.0072","P1_REVIEW"
"google","/stocks/RS/shares-outstanding","shares-outstanding","1","0","0","11","11-15","0.012","0.012","high","0.0072","P1_REVIEW"
"google","/stocks/RYAN/eps","eps","1","0","0","11","11-15","0.012","0.012","high","0.0072","P1_REVIEW"
"google","/stocks/SLG/shares-outstanding","shares-outstanding","1","0","0","11","11-15","0.012","0.012","high","0.0072","P1_REVIEW"
"google","/stocks/SSD/net-income","net-income","1","0","0","11","11-15","0.012","0.012","high","0.0072","P1_REVIEW"
"google","/stocks/TAP/revenue","revenue","1","0","0","13","11-15","0.012","0.012","high","0.0072","P1_REVIEW"
"google","/stocks/UCTT/free-cash-flow","free-cash-flow","1","0","0","11","11-15","0.012","0.012","high","0.0072","P1_REVIEW"
"google","/stocks/WM/pe-ratio","pe-ratio","1","0","0","12","11-15","0.012","0.012","high","0.0072","P1_REVIEW"
"google","/stocks/ZBH/free-cash-flow","free-cash-flow","1","0","0","12","11-15","0.012","0.012","high","0.0072","P1_REVIEW"
"google","/vs/macrotrends","other","12","0","0","20.75","21-50","0.003","0.003","medium","0.006750000000000001","P1_REVIEW"
"google","/vs/stockanalysis","other","12","0","0","22.666666666666668","21-50","0.003","0.003","medium","0.006750000000000001","P1_REVIEW"
"google","/stocks/DOW/pe-ratio","pe-ratio","45","0","0","64.8","51+","0.003","0.003","high","0.00675","P1_REVIEW"
"google","/stocks/WFC/dividend-history","dividend-history","44","0","0","70.81818181818181","51+","0.003","0.003","high","0.006600000000000001","P1_REVIEW"
"google","/compare/JNJ-vs-LLY","comparison","8","0","0","25.75","21-50","0.003","0.003","high","0.006","P1_REVIEW"
"google","/stocks/BMY","other","10","0","0","38.4","21-50","0.003","0.003","medium","0.005625","P1_REVIEW"
"google","/vs/tikr","other","10","0","0","28","21-50","0.003","0.003","medium","0.005625","P1_REVIEW"
"google","/stocks/ABR-PD","other","1","0","0","11","11-15","0.012","0.012","medium","0.0054","P1_REVIEW"
"google","/stocks/APPF","other","1","0","0","11","11-15","0.012","0.012","medium","0.0054","P1_REVIEW"
"google","/stocks/CIM-PD","other","1","0","0","11","11-15","0.012","0.012","medium","0.0054","P1_REVIEW"
"google","/stocks/CRH","other","1","0","0","12","11-15","0.012","0.012","medium","0.0054","P1_REVIEW"
"google","/stocks/DFH","other","1","0","0","12","11-15","0.012","0.012","medium","0.0054","P1_REVIEW"
"google","/stocks/EHC","other","1","0","0","11","11-15","0.012","0.012","medium","0.0054","P1_REVIEW"
"google","/stocks/ELAN","other","1","0","0","18","16-20","0.012","0.012","medium","0.0054","P1_REVIEW"
"google","/stocks/ESI","other","1","0","0","12","11-15","0.012","0.012","medium","0.0054","P1_REVIEW"
"google","/stocks/FLEX","other","1","0","0","12","11-15","0.012","0.012","medium","0.0054","P1_REVIEW"
"google","/stocks/HWKN","other","1","0","0","11","11-15","0.012","0.012","medium","0.0054","P1_REVIEW"
"google","/stocks/JAZZ","other","1","0","0","11","11-15","0.012","0.012","medium","0.0054","P1_REVIEW"
"google","/stocks/KO","other","1","0","0","12","11-15","0.012","0.012","medium","0.0054","P1_REVIEW"
"google","/stocks/LGND","other","1","0","0","20","16-20","0.012","0.012","medium","0.0054","P1_REVIEW"
"google","/stocks/MAS","other","1","0","0","11","11-15","0.012","0.012","medium","0.0054","P1_REVIEW"
"google","/stocks/MBC","other","1","0","0","11","11-15","0.012","0.012","medium","0.0054","P1_REVIEW"
"google","/stocks/MSA","other","1","0","0","17","16-20","0.012","0.012","medium","0.0054","P1_REVIEW"
"google","/stocks/NXRT","other","1","0","0","11","11-15","0.012","0.012","medium","0.0054","P1_REVIEW"
"google","/stocks/OGS","other","1","0","0","12","11-15","0.012","0.012","medium","0.0054","P1_REVIEW"
"google","/stocks/PSN","other","1","0","0","14","11-15","0.012","0.012","medium","0.0054","P1_REVIEW"
"google","/stocks/QRVO","other","1","0","0","16","16-20","0.012","0.012","medium","0.0054","P1_REVIEW"
"google","/stocks/SPXC","other","1","0","0","11","11-15","0.012","0.012","medium","0.0054","P1_REVIEW"
"google","/stocks/ST","other","1","0","0","11","11-15","0.012","0.012","medium","0.0054","P1_REVIEW"
"google","/compare/RBBN-vs-RPD","comparison","7","0","0","30.571428571428573","21-50","0.003","0.003","high","0.00525","P1_REVIEW"
"google","/stocks/DIS/revenue","revenue","7","0","0","40.857142857142854","21-50","0.003","0.003","high","0.00525","P1_REVIEW"
"google","/stocks/TMQ","other","9","0","0","21.333333333333332","21-50","0.003","0.003","medium","0.0050625","P1_REVIEW"
"google","/stocks/BA/eps","eps","6","0","0","29","21-50","0.003","0.003","high","0.0045000000000000005","P1_REVIEW"
"google","/stocks/KO/pe-ratio","pe-ratio","6","0","0","37.666666666666664","21-50","0.003","0.003","high","0.0045000000000000005","P1_REVIEW"
"google","/screens/high-growth-stocks","screen","27","0","0","56.22222222222222","51+","0.003","0.003","high","0.004050000000000001","P1_REVIEW"
"google","/stocks/UA","other","7","0","0","37.142857142857146","21-50","0.003","0.003","medium","0.0039375","P1_REVIEW"
"google","/compare/BLK-vs-BX","comparison","5","0","0","33.8","21-50","0.003","0.003","high","0.00375","P1_REVIEW"
"google","/compare/KMB-vs-KVUE","comparison","5","0","0","21.6","21-50","0.003","0.003","high","0.00375","P1_REVIEW"
"google","/stocks/AFG/revenue","revenue","5","0","0","37.8","21-50","0.003","0.003","high","0.00375","P1_REVIEW"
"google","/stocks/GEHC/revenue","revenue","5","0","0","43.8","21-50","0.003","0.003","high","0.00375","P1_REVIEW"
"google","/stocks/IBKR/net-income","net-income","5","0","0","41.8","21-50","0.003","0.003","high","0.00375","P1_REVIEW"
"google","/stocks/MSFT","other","32","0","0","53.53125","51+","0.003","0.003","medium","0.0036000000000000003","P1_REVIEW"
"google","/company","other","6","0","0","37.666666666666664","21-50","0.003","0.003","medium","0.0033750000000000004","P1_REVIEW"
"google","/stocks/DX","other","30","0","0","66.5","51+","0.003","0.003","medium","0.0033750000000000004","P1_REVIEW"
"google","/vs/finviz","other","6","0","0","31.333333333333332","21-50","0.003","0.003","medium","0.0033750000000000004","P1_REVIEW"
"google","/compare/AEHR-vs-BHE","comparison","4","0","0","22.5","21-50","0.003","0.003","high","0.003","P1_REVIEW"
"google","/compare/AIP-vs-BL","comparison","4","0","0","20.25","21-50","0.003","0.003","high","0.003","P1_REVIEW"
"google","/compare/EFX-vs-VLTO","comparison","4","0","0","49.5","21-50","0.003","0.003","high","0.003","P1_REVIEW"
"google","/compare/MARA-vs-MC","comparison","4","0","0","47.5","21-50","0.003","0.003","high","0.003","P1_REVIEW"
"google","/stocks/ADT/eps","eps","4","0","0","24.75","21-50","0.003","0.003","high","0.003","P1_REVIEW"
"google","/stocks/AFL/revenue","revenue","4","0","0","32.5","21-50","0.003","0.003","high","0.003","P1_REVIEW"
"google","/stocks/ANET/shares-outstanding","shares-outstanding","4","0","0","26.75","21-50","0.003","0.003","high","0.003","P1_REVIEW"
"google","/stocks/AR/pe-ratio","pe-ratio","4","0","0","45.25","21-50","0.003","0.003","high","0.003","P1_REVIEW"
"google","/stocks/BILL/net-income","net-income","4","0","0","30","21-50","0.003","0.003","high","0.003","P1_REVIEW"
"google","/stocks/CELH/pe-ratio","pe-ratio","4","0","0","25.25","21-50","0.003","0.003","high","0.003","P1_REVIEW"
"google","/stocks/HSIC/revenue","revenue","4","0","0","33.5","21-50","0.003","0.003","high","0.003","P1_REVIEW"
"google","/stocks/NTNX/revenue","revenue","4","0","0","45.75","21-50","0.003","0.003","high","0.003","P1_REVIEW"
"google","/stocks/TR/dividend-history","dividend-history","4","0","0","32","21-50","0.003","0.003","high","0.003","P1_REVIEW"
"google","/stocks/TRIP/revenue","revenue","4","0","0","21.5","21-50","0.003","0.003","high","0.003","P1_REVIEW"
"google","/stocks/MPT","other","5","0","0","30.2","21-50","0.003","0.003","medium","0.0028125","P1_REVIEW"
"google","/stocks/RES","other","5","0","0","44.2","21-50","0.003","0.003","medium","0.0028125","P1_REVIEW"
"google","/stocks/V","other","5","0","0","42.6","21-50","0.003","0.003","medium","0.0028125","P1_REVIEW"
"google","/screens/low-pe-stocks","screen","18","0","0","52.111111111111114","51+","0.003","0.003","high","0.0027","P1_REVIEW"
"google","/screens/stocks-below-book-value","screen","17","0","0","52.35294117647059","51+","0.003","0.003","high","0.00255","P1_REVIEW"
"google","/company","other","4","0","0","43.5","21-50","0.003","0.003","medium","0.0022500000000000003","P1_REVIEW"
"google","/company","other","4","0","0","36.25","21-50","0.003","0.003","medium","0.0022500000000000003","P1_REVIEW"
"google","/company","other","4","0","0","27.75","21-50","0.003","0.003","medium","0.0022500000000000003","P1_REVIEW"
"google","/company","other","4","0","0","42","21-50","0.003","0.003","medium","0.0022500000000000003","P1_REVIEW"
"google","/company","other","4","0","0","35.25","21-50","0.003","0.003","medium","0.0022500000000000003","P1_REVIEW"
"google","/company","other","4","0","0","37.25","21-50","0.003","0.003","medium","0.0022500000000000003","P1_REVIEW"
"google","/company","other","4","0","0","40.75","21-50","0.003","0.003","medium","0.0022500000000000003","P1_REVIEW"
"google","/company","other","4","0","0","39.75","21-50","0.003","0.003","medium","0.0022500000000000003","P1_REVIEW"
"google","/compare/AFRM-vs-TW","comparison","3","0","0","50","21-50","0.003","0.003","high","0.0022500000000000003","P1_REVIEW"
"google","/compare/AMKR-vs-TTMI","comparison","3","0","0","41.333333333333336","21-50","0.003","0.003","high","0.0022500000000000003","P1_REVIEW"
"google","/compare/BCPC-vs-MTRN","comparison","3","0","0","29","21-50","0.003","0.003","high","0.0022500000000000003","P1_REVIEW"
"google","/compare/BHE-vs-PENG","comparison","3","0","0","35.333333333333336","21-50","0.003","0.003","high","0.0022500000000000003","P1_REVIEW"
"google","/compare/BLSH-vs-VECO","comparison","3","0","0","32.66666666666667","21-50","0.003","0.003","high","0.0022500000000000003","P1_REVIEW"
"google","/compare/DY-vs-LGN","comparison","3","0","0","37","21-50","0.003","0.003","high","0.0022500000000000003","P1_REVIEW"
"google","/compare/FIX-vs-PCAR","comparison","3","0","0","36","21-50","0.003","0.003","high","0.0022500000000000003","P1_REVIEW"
"google","/compare/FR-vs-VNO","comparison","3","0","0","48","21-50","0.003","0.003","high","0.0022500000000000003","P1_REVIEW"
"google","/compare/MNR-vs-NOG","comparison","3","0","0","30.666666666666668","21-50","0.003","0.003","high","0.0022500000000000003","P1_REVIEW"
"google","/compare/NWS-vs-NWSA","comparison","3","0","0","30.333333333333332","21-50","0.003","0.003","high","0.0022500000000000003","P1_REVIEW"
"google","/compare/OCGN-vs-WEAV","comparison","3","0","0","28","21-50","0.003","0.003","high","0.0022500000000000003","P1_REVIEW"
"google","/compare/QUBT-vs-SPSC","comparison","3","0","0","45.333333333333336","21-50","0.003","0.003","high","0.0022500000000000003","P1_REVIEW"
"google","/stocks/ADBE/pe-ratio","pe-ratio","3","0","0","45.666666666666664","21-50","0.003","0.003","high","0.0022500000000000003","P1_REVIEW"
"google","/stocks/ADT/net-income","net-income","3","0","0","26","21-50","0.003","0.003","high","0.0022500000000000003","P1_REVIEW"
"google","/stocks/BRKR","other","4","0","0","36","21-50","0.003","0.003","medium","0.0022500000000000003","P1_REVIEW"
"google","/stocks/CNXC/revenue","revenue","3","0","0","47.666666666666664","21-50","0.003","0.003","high","0.0022500000000000003","P1_REVIEW"
"google","/stocks/GAP","other","4","0","0","47.25","21-50","0.003","0.003","medium","0.0022500000000000003","P1_REVIEW"
"google","/stocks/GME","other","4","0","0","37.75","21-50","0.003","0.003","medium","0.0022500000000000003","P1_REVIEW"
"google","/stocks/GOOGL/eps","eps","3","0","0","35","21-50","0.003","0.003","high","0.0022500000000000003","P1_REVIEW"
"google","/stocks/KO/total-debt","total-debt","3","0","0","21","21-50","0.003","0.003","high","0.0022500000000000003","P1_REVIEW"
"google","/stocks/TNC/revenue","revenue","3","0","0","21","21-50","0.003","0.003","high","0.0022500000000000003","P1_REVIEW"
"google","/stocks/WM/total-debt","total-debt","3","0","0","34.666666666666664","21-50","0.003","0.003","high","0.0022500000000000003","P1_REVIEW"
"google","/stocks/GM/gross-profit","gross-profit","14","0","0","57.42857142857143","51+","0.003","0.003","high","0.0021000000000000003","P1_REVIEW"
"google","/stocks/SHW","other","18","0","0","50.333333333333336","51+","0.003","0.003","medium","0.002025","P1_REVIEW"
"google","/stocks/FIGR","other","16","0","0","80.625","51+","0.003","0.003","medium","0.0018000000000000002","P1_REVIEW"
"google","/stocks/TMC","other","16","0","0","80.25","51+","0.003","0.003","medium","0.0018000000000000002","P1_REVIEW"
"google","/company","other","3","0","0","45.666666666666664","21-50","0.003","0.003","medium","0.0016875000000000002","P1_REVIEW"
"google","/company","other","3","0","0","46.666666666666664","21-50","0.003","0.003","medium","0.0016875000000000002","P1_REVIEW"
"google","/company","other","3","0","0","40.666666666666664","21-50","0.003","0.003","medium","0.0016875000000000002","P1_REVIEW"
"google","/company","other","3","0","0","34.333333333333336","21-50","0.003","0.003","medium","0.0016875000000000002","P1_REVIEW"
"google","/stocks/ANDE","other","3","0","0","41.333333333333336","21-50","0.003","0.003","medium","0.0016875000000000002","P1_REVIEW"
"google","/stocks/AORT","other","3","0","0","27.666666666666668","21-50","0.003","0.003","medium","0.0016875000000000002","P1_REVIEW"
"google","/stocks/ARWR","other","3","0","0","35.333333333333336","21-50","0.003","0.003","medium","0.0016875000000000002","P1_REVIEW"
"google","/stocks/JLL","other","3","0","0","45","21-50","0.003","0.003","medium","0.0016875000000000002","P1_REVIEW"
"google","/stocks/MORN","other","3","0","0","45","21-50","0.003","0.003","medium","0.0016875000000000002","P1_REVIEW"
"google","/stocks/NABL","other","3","0","0","49","21-50","0.003","0.003","medium","0.0016875000000000002","P1_REVIEW"
"google","/stocks/PATH","other","3","0","0","46.666666666666664","21-50","0.003","0.003","medium","0.0016875000000000002","P1_REVIEW"
"google","/stocks/TTC","other","3","0","0","33","21-50","0.003","0.003","medium","0.0016875000000000002","P1_REVIEW"
"google","/stocks/GOOGL/net-income","net-income","11","0","0","58.54545454545455","51+","0.003","0.003","high","0.0016500000000000002","P1_REVIEW"
"google","/compare/AMAL-vs-BHRB","comparison","2","0","0","42.5","21-50","0.003","0.003","high","0.0015","P1_REVIEW"
"google","/compare/AMBP-vs-UAA","comparison","2","0","0","28.5","21-50","0.003","0.003","high","0.0015","P1_REVIEW"
"google","/compare/AMC-vs-GENI","comparison","2","0","0","20.5","21-50","0.003","0.003","high","0.0015","P1_REVIEW"
"google","/compare/AMPX-vs-DAC","comparison","2","0","0","28.5","21-50","0.003","0.003","high","0.0015","P1_REVIEW"
"google","/compare/AMTB-vs-FSBC","comparison","2","0","0","37.5","21-50","0.003","0.003","high","0.0015","P1_REVIEW"
"google","/compare/AUPH-vs-IMNM","comparison","2","0","0","35.5","21-50","0.003","0.003","high","0.0015","P1_REVIEW"
"google","/compare/BALL-vs-WS","comparison","2","0","0","22","21-50","0.003","0.003","high","0.0015","P1_REVIEW"
"google","/compare/BDJ-vs-LIFE","comparison","2","0","0","29","21-50","0.003","0.003","high","0.0015","P1_REVIEW"
"google","/compare/BEPC-vs-CWEN.A","comparison","2","0","0","48","21-50","0.003","0.003","high","0.0015","P1_REVIEW"
"google","/compare/BRAI-vs-CNXC","comparison","2","0","0","31.5","21-50","0.003","0.003","high","0.0015","P1_REVIEW"
"google","/compare/BRUN-vs-CTS","comparison","2","0","0","33","21-50","0.003","0.003","high","0.0015","P1_REVIEW"
"google","/compare/CRWD-vs-WDC","comparison","2","0","0","44.5","21-50","0.003","0.003","high","0.0015","P1_REVIEW"
"google","/compare/DJT-vs-GENI","comparison","2","0","0","45","21-50","0.003","0.003","high","0.0015","P1_REVIEW"
"google","/compare/EZPW-vs-RQI","comparison","2","0","0","26.5","21-50","0.003","0.003","high","0.0015","P1_REVIEW"
"google","/compare/FLYW-vs-PLAB","comparison","2","0","0","47.5","21-50","0.003","0.003","high","0.0015","P1_REVIEW"
"google","/compare/GEVO-vs-LZM","comparison","2","0","0","48.5","21-50","0.003","0.003","high","0.0015","P1_REVIEW"
"google","/compare/HBM-vs-HL","comparison","2","0","0","31.5","21-50","0.003","0.003","high","0.0015","P1_REVIEW"
"google","/compare/MA-vs-V","comparison","2","0","0","39.5","21-50","0.003","0.003","high","0.0015","P1_REVIEW"
"google","/compare/PM-vs-WMT","comparison","2","0","0","39","21-50","0.003","0.003","high","0.0015","P1_REVIEW"
"google","/compare/PRU-vs-PYPL","comparison","2","0","0","38","21-50","0.003","0.003","high","0.0015","P1_REVIEW"
"google","/compare/RLI-vs-TFSL","comparison","2","0","0","48.5","21-50","0.003","0.003","high","0.0015","P1_REVIEW"
"google","/stocks/CFG/net-income","net-income","2","0","0","49.5","21-50","0.003","0.003","high","0.0015","P1_REVIEW"
"google","/stocks/COKE/revenue","revenue","2","0","0","45.5","21-50","0.003","0.003","high","0.0015","P1_REVIEW"
"google","/stocks/CRWD/dividend-history","dividend-history","2","0","0","38","21-50","0.003","0.003","high","0.0015","P1_REVIEW"
"google","/stocks/DIS/net-income","net-income","2","0","0","46.5","21-50","0.003","0.003","high","0.0015","P1_REVIEW"
"google","/stocks/DLR/dividend-history","dividend-history","2","0","0","49.5","21-50","0.003","0.003","high","0.0015","P1_REVIEW"
"google","/stocks/EVTC/revenue","revenue","2","0","0","36","21-50","0.003","0.003","high","0.0015","P1_REVIEW"
"google","/stocks/F/revenue","revenue","2","0","0","49.5","21-50","0.003","0.003","high","0.0015","P1_REVIEW"
"google","/stocks/IBKR/shares-outstanding","shares-outstanding","2","0","0","30.5","21-50","0.003","0.003","high","0.0015","P1_REVIEW"
"google","/stocks/JBSS/revenue","revenue","2","0","0","38.5","21-50","0.003","0.003","high","0.0015","P1_REVIEW"
"google","/stocks/KLAC/revenue","revenue","2","0","0","32","21-50","0.003","0.003","high","0.0015","P1_REVIEW"
"google","/stocks/KNX/revenue","revenue","2","0","0","42.5","21-50","0.003","0.003","high","0.0015","P1_REVIEW"
"google","/stocks/KRC/dividend-history","dividend-history","2","0","0","40","21-50","0.003","0.003","high","0.0015","P1_REVIEW"
"google","/stocks/MAR/dividend-history","dividend-history","2","0","0","42","21-50","0.003","0.003","high","0.0015","P1_REVIEW"
"google","/stocks/PGR/shares-outstanding","shares-outstanding","2","0","0","28.5","21-50","0.003","0.003","high","0.0015","P1_REVIEW"
"google","/stocks/SDGR/revenue","revenue","2","0","0","45.5","21-50","0.003","0.003","high","0.0015","P1_REVIEW"
"google","/stocks/SYY/dividend-history","dividend-history","2","0","0","40","21-50","0.003","0.003","high","0.0015","P1_REVIEW"
"google","/stocks/TKR/pe-ratio","pe-ratio","2","0","0","25.5","21-50","0.003","0.003","high","0.0015","P1_REVIEW"
"google","/stocks/TSLA/revenue","revenue","2","0","0","44.5","21-50","0.003","0.003","high","0.0015","P1_REVIEW"
"google","/stocks/UFPT/shares-outstanding","shares-outstanding","2","0","0","23","21-50","0.003","0.003","high","0.0015","P1_REVIEW"
"google","/stocks/VEEV/revenue","revenue","2","0","0","21","21-50","0.003","0.003","high","0.0015","P1_REVIEW"
"google","/stocks/VSTS/revenue","revenue","2","0","0","50","21-50","0.003","0.003","high","0.0015","P1_REVIEW"
"google","/stocks/XPO/net-income","net-income","2","0","0","29.5","21-50","0.003","0.003","high","0.0015","P1_REVIEW"
"google","/stocks/AMPX","other","13","0","0","60.46153846153846","51+","0.003","0.003","medium","0.0014625","P1_REVIEW"
"google","/stocks/TTE","other","12","0","0","71.66666666666667","51+","0.003","0.003","medium","0.0013500000000000003","P1_REVIEW"
"google","/stocks/FTV/revenue","revenue","9","0","0","69.77777777777777","51+","0.003","0.003","high","0.00135","P1_REVIEW"
"google","/stocks/DIS/dividend-history","dividend-history","8","0","0","82","51+","0.003","0.003","high","0.0012000000000000001","P1_REVIEW"
"google","/stocks/HBAN/dividend-history","dividend-history","8","0","0","62.625","51+","0.003","0.003","high","0.0012000000000000001","P1_REVIEW"
"google","/stocks/VZ/revenue","revenue","8","0","0","70.25","51+","0.003","0.003","high","0.0012000000000000001","P1_REVIEW"
"google","/company","other","2","0","0","39.5","21-50","0.003","0.003","medium","0.0011250000000000001","P1_REVIEW"
"google","/company","other","2","0","0","50","21-50","0.003","0.003","medium","0.0011250000000000001","P1_REVIEW"
"google","/company","other","2","0","0","42.5","21-50","0.003","0.003","medium","0.0011250000000000001","P1_REVIEW"
"google","/company","other","2","0","0","47.5","21-50","0.003","0.003","medium","0.0011250000000000001","P1_REVIEW"
"google","/company","other","2","0","0","46","21-50","0.003","0.003","medium","0.0011250000000000001","P1_REVIEW"
"google","/company","other","2","0","0","36.5","21-50","0.003","0.003","medium","0.0011250000000000001","P1_REVIEW"
"google","/stocks/ALRM","other","2","0","0","28","21-50","0.003","0.003","medium","0.0011250000000000001","P1_REVIEW"
"google","/stocks/CDP","other","2","0","0","41","21-50","0.003","0.003","medium","0.0011250000000000001","P1_REVIEW"
"google","/stocks/GOLF","other","2","0","0","47","21-50","0.003","0.003","medium","0.0011250000000000001","P1_REVIEW"
"google","/stocks/GOOD","other","2","0","0","30.5","21-50","0.003","0.003","medium","0.0011250000000000001","P1_REVIEW"
"google","/stocks/GTES","other","2","0","0","33","21-50","0.003","0.003","medium","0.0011250000000000001","P1_REVIEW"
"google","/stocks/ISRG","other","2","0","0","40.5","21-50","0.003","0.003","medium","0.0011250000000000001","P1_REVIEW"
"google","/stocks/KTOS","other","2","0","0","29.5","21-50","0.003","0.003","medium","0.0011250000000000001","P1_REVIEW"
"google","/stocks/LECO","other","2","0","0","40","21-50","0.003","0.003","medium","0.0011250000000000001","P1_REVIEW"
"google","/stocks/MNDY","other","2","0","0","44.5","21-50","0.003","0.003","medium","0.0011250000000000001","P1_REVIEW"
"google","/stocks/PRSU","other","2","0","0","38","21-50","0.003","0.003","medium","0.0011250000000000001","P1_REVIEW"
"google","/stocks/THO","other","2","0","0","50","21-50","0.003","0.003","medium","0.0011250000000000001","P1_REVIEW"
"google","/stocks/XNDU","other","2","0","0","44","21-50","0.003","0.003","medium","0.0011250000000000001","P1_REVIEW"
"google","/stocks/WM/dividend-history","dividend-history","7","0","0","57","51+","0.003","0.003","high","0.0010500000000000002","P1_REVIEW"
"google","/stocks/ETOR","other","8","0","0","76.375","51+","0.003","0.003","medium","0.0009000000000000001","P1_REVIEW"
"google","/stocks/QSR","other","7","0","0","79.42857142857143","51+","0.003","0.003","medium","0.0007875000000000001","P1_REVIEW"
"google","/compare/ABAT-vs-MTW","comparison","5","0","0","62.6","51+","0.003","0.003","high","0.00075","P1_REVIEW"
"google","/compare/ACHV-vs-CTMX","comparison","1","0","0","41","21-50","0.003","0.003","high","0.00075","P1_REVIEW"
"google","/compare/ACM-vs-BR","comparison","1","0","0","36","21-50","0.003","0.003","high","0.00075","P1_REVIEW"
"google","/compare/ACN-vs-COHR","comparison","1","0","0","38","21-50","0.003","0.003","high","0.00075","P1_REVIEW"
"google","/compare/ACNB-vs-STEL","comparison","1","0","0","46","21-50","0.003","0.003","high","0.00075","P1_REVIEW"
"google","/compare/ADTN-vs-RDWR","comparison","1","0","0","28","21-50","0.003","0.003","high","0.00075","P1_REVIEW"
"google","/compare/ALGM-vs-MANH","comparison","1","0","0","33","21-50","0.003","0.003","high","0.00075","P1_REVIEW"
"google","/compare/ALGN-vs-JNJ","comparison","1","0","0","40","21-50","0.003","0.003","high","0.00075","P1_REVIEW"
"google","/compare/ALLE-vs-CR","comparison","1","0","0","41","21-50","0.003","0.003","high","0.00075","P1_REVIEW"
"google","/compare/ALX-vs-BFS","comparison","1","0","0","37","21-50","0.003","0.003","high","0.00075","P1_REVIEW"
"google","/compare/AMD-vs-AVGO","comparison","1","0","0","41","21-50","0.003","0.003","high","0.00075","P1_REVIEW"
"google","/compare/AME-vs-HII","comparison","1","0","0","32","21-50","0.003","0.003","high","0.00075","P1_REVIEW"
"google","/compare/AMP-vs-HIG","comparison","1","0","0","22","21-50","0.003","0.003","high","0.00075","P1_REVIEW"
"google","/compare/AMRX-vs-HNGE","comparison","1","0","0","49","21-50","0.003","0.003","high","0.00075","P1_REVIEW"
"google","/compare/APC-vs-RES","comparison","1","0","0","23","21-50","0.003","0.003","high","0.00075","P1_REVIEW"
"google","/compare/APO-vs-TFC","comparison","1","0","0","28","21-50","0.003","0.003","high","0.00075","P1_REVIEW"
"google","/compare/APOG-vs-KFRC","comparison","1","0","0","30","21-50","0.003","0.003","high","0.00075","P1_REVIEW"
"google","/compare/ARLO-vs-HLMN","comparison","1","0","0","48","21-50","0.003","0.003","high","0.00075","P1_REVIEW"
"google","/compare/ATEN-vs-BRZE","comparison","1","0","0","34","21-50","0.003","0.003","high","0.00075","P1_REVIEW"
"google","/compare/AVAH-vs-PRGO","comparison","1","0","0","46","21-50","0.003","0.003","high","0.00075","P1_REVIEW"
"google","/compare/AVNS-vs-URGN","comparison","1","0","0","43","21-50","0.003","0.003","high","0.00075","P1_REVIEW"
"google","/compare/AXON-vs-HII","comparison","1","0","0","39","21-50","0.003","0.003","high","0.00075","P1_REVIEW"
"google","/compare/AXTI-vs-DOX","comparison","1","0","0","31","21-50","0.003","0.003","high","0.00075","P1_REVIEW"
"google","/compare/BA-vs-RUSHA","comparison","1","0","0","29","21-50","0.003","0.003","high","0.00075","P1_REVIEW"
"google","/compare/BBWI-vs-MMYT","comparison","1","0","0","43","21-50","0.003","0.003","high","0.00075","P1_REVIEW"
"google","/compare/BEN-vs-UNM","comparison","1","0","0","26","21-50","0.003","0.003","high","0.00075","P1_REVIEW"
"google","/compare/BFLY-vs-VIR","comparison","1","0","0","35","21-50","0.003","0.003","high","0.00075","P1_REVIEW"
"google","/compare/BIO-vs-BRKR","comparison","1","0","0","35","21-50","0.003","0.003","high","0.00075","P1_REVIEW"
"google","/compare/BLFS-vs-HROW","comparison","1","0","0","31","21-50","0.003","0.003","high","0.00075","P1_REVIEW"
"google","/compare/BVN-vs-EQX","comparison","1","0","0","34","21-50","0.003","0.003","high","0.00075","P1_REVIEW"
"google","/compare/CDNL-vs-LZ","comparison","1","0","0","35","21-50","0.003","0.003","high","0.00075","P1_REVIEW"
"google","/compare/CEPF-vs-IIM","comparison","1","0","0","21","21-50","0.003","0.003","high","0.00075","P1_REVIEW"
"google","/compare/CMG-vs-EBAY","comparison","1","0","0","43","21-50","0.003","0.003","high","0.00075","P1_REVIEW"
"google","/compare/CMP-vs-FMC","comparison","1","0","0","47","21-50","0.003","0.003","high","0.00075","P1_REVIEW"
"google","/compare/CMPR-vs-CXT","comparison","1","0","0","24","21-50","0.003","0.003","high","0.00075","P1_REVIEW"
"google","/compare/COP-vs-SOBO","comparison","1","0","0","34","21-50","0.003","0.003","high","0.00075","P1_REVIEW"
"google","/compare/CPB-vs-PPC","comparison","1","0","0","48","21-50","0.003","0.003","high","0.00075","P1_REVIEW"
"google","/compare/CTRE-vs-FR","comparison","1","0","0","44","21-50","0.003","0.003","high","0.00075","P1_REVIEW"
"google","/compare/CW-vs-DOV","comparison","1","0","0","30","21-50","0.003","0.003","high","0.00075","P1_REVIEW"
"google","/compare/D-vs-DUK","comparison","1","0","0","22","21-50","0.003","0.003","high","0.00075","P1_REVIEW"
"google","/compare/DMLP-vs-NRP","comparison","1","0","0","47","21-50","0.003","0.003","high","0.00075","P1_REVIEW"
"google","/compare/DVLT-vs-OSS","comparison","1","0","0","47","21-50","0.003","0.003","high","0.00075","P1_REVIEW"
"google","/compare/EBF-vs-ORN","comparison","1","0","0","31","21-50","0.003","0.003","high","0.00075","P1_REVIEW"
"google","/compare/ERAS-vs-MMSI","comparison","1","0","0","47","21-50","0.003","0.003","high","0.00075","P1_REVIEW"
"google","/compare/EVT-vs-TWN","comparison","1","0","0","40","21-50","0.003","0.003","high","0.00075","P1_REVIEW"
"google","/compare/FCBC-vs-PGC","comparison","1","0","0","38","21-50","0.003","0.003","high","0.00075","P1_REVIEW"
"google","/compare/FCF-vs-HMN","comparison","1","0","0","50","21-50","0.003","0.003","high","0.00075","P1_REVIEW"
"google","/compare/GILT-vs-VERX","comparison","1","0","0","41","21-50","0.003","0.003","high","0.00075","P1_REVIEW"
"google","/compare/GPCR-vs-RLAY","comparison","1","0","0","38","21-50","0.003","0.003","high","0.00075","P1_REVIEW"
"google","/compare/HMN-vs-NMAI","comparison","1","0","0","42","21-50","0.003","0.003","high","0.00075","P1_REVIEW"
"google","/compare/HMN-vs-SFST","comparison","1","0","0","37","21-50","0.003","0.003","high","0.00075","P1_REVIEW"
"google","/compare/JBHT-vs-SYM","comparison","1","0","0","30","21-50","0.003","0.003","high","0.00075","P1_REVIEW"
"google","/compare/JQC-vs-LDI","comparison","1","0","0","32","21-50","0.003","0.003","high","0.00075","P1_REVIEW"
"google","/compare/KEY-vs-PFG","comparison","1","0","0","33","21-50","0.003","0.003","high","0.00075","P1_REVIEW"
"google","/compare/KN-vs-NN","comparison","1","0","0","48","21-50","0.003","0.003","high","0.00075","P1_REVIEW"
"google","/compare/MAIN-vs-MARA","comparison","1","0","0","50","21-50","0.003","0.003","high","0.00075","P1_REVIEW"
"google","/compare/MKSI-vs-ZS","comparison","1","0","0","24","21-50","0.003","0.003","high","0.00075","P1_REVIEW"
"google","/compare/MWH-vs-POR","comparison","1","0","0","49","21-50","0.003","0.003","high","0.00075","P1_REVIEW"
"google","/compare/OUST-vs-ROG","comparison","1","0","0","45","21-50","0.003","0.003","high","0.00075","P1_REVIEW"
"google","/compare/ROOT-vs-STEL","comparison","1","0","0","33","21-50","0.003","0.003","high","0.00075","P1_REVIEW"
"google","/compare/SAIC-vs-ZETA","comparison","1","0","0","46","21-50","0.003","0.003","high","0.00075","P1_REVIEW"
"google","/compare/SGRY-vs-TRVI","comparison","1","0","0","25","21-50","0.003","0.003","high","0.00075","P1_REVIEW"
"google","/compare/UHT-vs-XRN","comparison","1","0","0","40","21-50","0.003","0.003","high","0.00075","P1_REVIEW"
"google","/stocks/AAPL/shares-outstanding","shares-outstanding","5","0","0","53.6","51+","0.003","0.003","high","0.00075","P1_REVIEW"
"google","/stocks/AAT/total-debt","total-debt","1","0","0","36","21-50","0.003","0.003","high","0.00075","P1_REVIEW"
"google","/stocks/BANR/revenue","revenue","1","0","0","31","21-50","0.003","0.003","high","0.00075","P1_REVIEW"
"google","/stocks/BDX/eps","eps","1","0","0","43","21-50","0.003","0.003","high","0.00075","P1_REVIEW"
"google","/stocks/BLKB/eps","eps","1","0","0","21","21-50","0.003","0.003","high","0.00075","P1_REVIEW"
"google","/stocks/BTSG/revenue","revenue","1","0","0","46","21-50","0.003","0.003","high","0.00075","P1_REVIEW"
"google","/stocks/BYD/eps","eps","1","0","0","50","21-50","0.003","0.003","high","0.00075","P1_REVIEW"
"google","/stocks/CAKE/revenue","revenue","1","0","0","45","21-50","0.003","0.003","high","0.00075","P1_REVIEW"
"google","/stocks/CB/free-cash-flow","free-cash-flow","1","0","0","33","21-50","0.003","0.003","high","0.00075","P1_REVIEW"
"google","/stocks/CCS/revenue","revenue","1","0","0","28","21-50","0.003","0.003","high","0.00075","P1_REVIEW"
"google","/stocks/CFFN/free-cash-flow","free-cash-flow","1","0","0","42","21-50","0.003","0.003","high","0.00075","P1_REVIEW"
"google","/stocks/CHE/free-cash-flow","free-cash-flow","1","0","0","35","21-50","0.003","0.003","high","0.00075","P1_REVIEW"
"google","/stocks/CRM/free-cash-flow","free-cash-flow","1","0","0","39","21-50","0.003","0.003","high","0.00075","P1_REVIEW"
"google","/stocks/DOC/dividend-history","dividend-history","1","0","0","34","21-50","0.003","0.003","high","0.00075","P1_REVIEW"
"google","/stocks/EAT/pe-ratio","pe-ratio","1","0","0","41","21-50","0.003","0.003","high","0.00075","P1_REVIEW"
"google","/stocks/EIX/dividend-history","dividend-history","1","0","0","28","21-50","0.003","0.003","high","0.00075","P1_REVIEW"
"google","/stocks/ESNT/revenue","revenue","1","0","0","23","21-50","0.003","0.003","high","0.00075","P1_REVIEW"
"google","/stocks/ETD/dividend-history","dividend-history","1","0","0","40","21-50","0.003","0.003","high","0.00075","P1_REVIEW"
"google","/stocks/F/pe-ratio","pe-ratio","1","0","0","37","21-50","0.003","0.003","high","0.00075","P1_REVIEW"
"google","/stocks/FNB/revenue","revenue","1","0","0","43","21-50","0.003","0.003","high","0.00075","P1_REVIEW"
"google","/stocks/FULT/pe-ratio","pe-ratio","1","0","0","41","21-50","0.003","0.003","high","0.00075","P1_REVIEW"
"google","/stocks/GOOG/net-income","net-income","5","0","0","72.6","51+","0.003","0.003","high","0.00075","P1_REVIEW"
"google","/stocks/GXO/revenue","revenue","1","0","0","36","21-50","0.003","0.003","high","0.00075","P1_REVIEW"
"google","/stocks/HD/pe-ratio","pe-ratio","1","0","0","26","21-50","0.003","0.003","high","0.00075","P1_REVIEW"
"google","/stocks/HD/revenue","revenue","1","0","0","39","21-50","0.003","0.003","high","0.00075","P1_REVIEW"
"google","/stocks/HIMS/free-cash-flow","free-cash-flow","1","0","0","47","21-50","0.003","0.003","high","0.00075","P1_REVIEW"
"google","/stocks/HPE/pe-ratio","pe-ratio","1","0","0","27","21-50","0.003","0.003","high","0.00075","P1_REVIEW"
"google","/stocks/IBKR/revenue","revenue","1","0","0","50","21-50","0.003","0.003","high","0.00075","P1_REVIEW"
"google","/stocks/INSW/dividend-history","dividend-history","1","0","0","34","21-50","0.003","0.003","high","0.00075","P1_REVIEW"
"google","/stocks/KO/revenue","revenue","5","0","0","57","51+","0.003","0.003","high","0.00075","P1_REVIEW"
"google","/stocks/LULU/revenue","revenue","1","0","0","50","21-50","0.003","0.003","high","0.00075","P1_REVIEW"
"google","/stocks/LW/revenue","revenue","1","0","0","44","21-50","0.003","0.003","high","0.00075","P1_REVIEW"
"google","/stocks/MA/eps","eps","1","0","0","50","21-50","0.003","0.003","high","0.00075","P1_REVIEW"
"google","/stocks/MAS/shares-outstanding","shares-outstanding","1","0","0","45","21-50","0.003","0.003","high","0.00075","P1_REVIEW"
"google","/stocks/MMM/net-income","net-income","1","0","0","27","21-50","0.003","0.003","high","0.00075","P1_REVIEW"
"google","/stocks/MOH/dividend-history","dividend-history","1","0","0","33","21-50","0.003","0.003","high","0.00075","P1_REVIEW"
"google","/stocks/MOH/eps","eps","1","0","0","50","21-50","0.003","0.003","high","0.00075","P1_REVIEW"
"google","/stocks/MS/dividend-history","dividend-history","1","0","0","29","21-50","0.003","0.003","high","0.00075","P1_REVIEW"
"google","/stocks/MSI/revenue","revenue","1","0","0","35","21-50","0.003","0.003","high","0.00075","P1_REVIEW"
"google","/stocks/MTN/revenue","revenue","1","0","0","45","21-50","0.003","0.003","high","0.00075","P1_REVIEW"
"google","/stocks/NVDA/free-cash-flow","free-cash-flow","1","0","0","44","21-50","0.003","0.003","high","0.00075","P1_REVIEW"
"google","/stocks/PAYX/dividend-history","dividend-history","1","0","0","33","21-50","0.003","0.003","high","0.00075","P1_REVIEW"
"google","/stocks/PYPL/shares-outstanding","shares-outstanding","1","0","0","49","21-50","0.003","0.003","high","0.00075","P1_REVIEW"
"google","/stocks/QRVO/revenue","revenue","1","0","0","50","21-50","0.003","0.003","high","0.00075","P1_REVIEW"
"google","/stocks/RYAN/shares-outstanding","shares-outstanding","1","0","0","33","21-50","0.003","0.003","high","0.00075","P1_REVIEW"
"google","/stocks/SABR/revenue","revenue","1","0","0","38","21-50","0.003","0.003","high","0.00075","P1_REVIEW"
"google","/stocks/SBSI/revenue","revenue","1","0","0","44","21-50","0.003","0.003","high","0.00075","P1_REVIEW"
"google","/stocks/SBUX/pe-ratio","pe-ratio","1","0","0","50","21-50","0.003","0.003","high","0.00075","P1_REVIEW"
"google","/stocks/SCL/dividend-history","dividend-history","1","0","0","33","21-50","0.003","0.003","high","0.00075","P1_REVIEW"
"google","/stocks/SHAK/pe-ratio","pe-ratio","1","0","0","31","21-50","0.003","0.003","high","0.00075","P1_REVIEW"
"google","/stocks/SM/dividend-history","dividend-history","1","0","0","28","21-50","0.003","0.003","high","0.00075","P1_REVIEW"
"google","/stocks/SMP/pe-ratio","pe-ratio","1","0","0","49","21-50","0.003","0.003","high","0.00075","P1_REVIEW"
"google","/stocks/STWD/dividend-history","dividend-history","5","0","0","51","51+","0.003","0.003","high","0.00075","P1_REVIEW"
"google","/stocks/THO/pe-ratio","pe-ratio","1","0","0","46","21-50","0.003","0.003","high","0.00075","P1_REVIEW"
"google","/stocks/TREX/net-income","net-income","1","0","0","39","21-50","0.003","0.003","high","0.00075","P1_REVIEW"
"google","/stocks/TTC/gross-profit","gross-profit","1","0","0","27","21-50","0.003","0.003","high","0.00075","P1_REVIEW"
"google","/stocks/USFD/pe-ratio","pe-ratio","1","0","0","27","21-50","0.003","0.003","high","0.00075","P1_REVIEW"
"google","/stocks/VOYA/dividend-history","dividend-history","1","0","0","49","21-50","0.003","0.003","high","0.00075","P1_REVIEW"
"google","/stocks/WAT/dividend-history","dividend-history","1","0","0","46","21-50","0.003","0.003","high","0.00075","P1_REVIEW"
"google","/stocks/WEN/total-debt","total-debt","1","0","0","48","21-50","0.003","0.003","high","0.00075","P1_REVIEW"
"google","/stocks/WING/net-income","net-income","1","0","0","49","21-50","0.003","0.003","high","0.00075","P1_REVIEW"
"google","/stocks/WU/revenue","revenue","1","0","0","48","21-50","0.003","0.003","high","0.00075","P1_REVIEW"
"google","/stocks/AQN","other","6","0","0","70.33333333333333","51+","0.003","0.003","medium","0.0006750000000000001","P1_REVIEW"
"google","/stocks/UPWK","other","6","0","0","54.5","51+","0.003","0.003","medium","0.0006750000000000001","P1_REVIEW"
"google","/compare/DIOD-vs-EXLS","comparison","4","0","0","53.75","51+","0.003","0.003","high","0.0006000000000000001","P1_REVIEW"
"google","/compare/HSY-vs-KMB","comparison","4","0","0","54.75","51+","0.003","0.003","high","0.0006000000000000001","P1_REVIEW"
"google","/compare/LMRI-vs-QDEL","comparison","4","0","0","77.5","51+","0.003","0.003","high","0.0006000000000000001","P1_REVIEW"
"google","/compare/MUJ-vs-PAXS","comparison","4","0","0","78.75","51+","0.003","0.003","high","0.0006000000000000001","P1_REVIEW"
"google","/stocks/IBM/gross-profit","gross-profit","4","0","0","52","51+","0.003","0.003","high","0.0006000000000000001","P1_REVIEW"
"google","/stocks/KKR/dividend-history","dividend-history","4","0","0","55","51+","0.003","0.003","high","0.0006000000000000001","P1_REVIEW"
"google","/stocks/MPT/ebitda","ebitda","4","0","0","90.75","51+","0.003","0.003","high","0.0006000000000000001","P1_REVIEW"
"google","/company.html","other","1","0","0","35","21-50","0.003","0.003","medium","0.0005625000000000001","P1_REVIEW"
"google","/company","other","1","0","0","50","21-50","0.003","0.003","medium","0.0005625000000000001","P1_REVIEW"
"google","/company","other","1","0","0","47","21-50","0.003","0.003","medium","0.0005625000000000001","P1_REVIEW"
"google","/company","other","1","0","0","49","21-50","0.003","0.003","medium","0.0005625000000000001","P1_REVIEW"
"google","/company","other","1","0","0","48","21-50","0.003","0.003","medium","0.0005625000000000001","P1_REVIEW"
"google","/company","other","1","0","0","45","21-50","0.003","0.003","medium","0.0005625000000000001","P1_REVIEW"
"google","/company","other","1","0","0","22","21-50","0.003","0.003","medium","0.0005625000000000001","P1_REVIEW"
"google","/company","other","1","0","0","42","21-50","0.003","0.003","medium","0.0005625000000000001","P1_REVIEW"
"google","/company","other","1","0","0","36","21-50","0.003","0.003","medium","0.0005625000000000001","P1_REVIEW"
"google","/company","other","1","0","0","41","21-50","0.003","0.003","medium","0.0005625000000000001","P1_REVIEW"
"google","/stocks/ACIW","other","1","0","0","42","21-50","0.003","0.003","medium","0.0005625000000000001","P1_REVIEW"
"google","/stocks/ADT","other","1","0","0","46","21-50","0.003","0.003","medium","0.0005625000000000001","P1_REVIEW"
"google","/stocks/BBWI","other","1","0","0","34","21-50","0.003","0.003","medium","0.0005625000000000001","P1_REVIEW"
"google","/stocks/BLLN","other","5","0","0","81.2","51+","0.003","0.003","medium","0.0005625000000000001","P1_REVIEW"
"google","/stocks/BYD","other","1","0","0","29","21-50","0.003","0.003","medium","0.0005625000000000001","P1_REVIEW"
"google","/stocks/CENX","other","1","0","0","37","21-50","0.003","0.003","medium","0.0005625000000000001","P1_REVIEW"
"google","/stocks/CRUS","other","1","0","0","37","21-50","0.003","0.003","medium","0.0005625000000000001","P1_REVIEW"
"google","/stocks/EYE","other","1","0","0","44","21-50","0.003","0.003","medium","0.0005625000000000001","P1_REVIEW"
"google","/stocks/GSHD","other","1","0","0","38","21-50","0.003","0.003","medium","0.0005625000000000001","P1_REVIEW"
"google","/stocks/HCI","other","1","0","0","42","21-50","0.003","0.003","medium","0.0005625000000000001","P1_REVIEW"
"google","/stocks/KMX","other","1","0","0","48","21-50","0.003","0.003","medium","0.0005625000000000001","P1_REVIEW"
"google","/stocks/LEA","other","1","0","0","44","21-50","0.003","0.003","medium","0.0005625000000000001","P1_REVIEW"
"google","/stocks/MIR","other","1","0","0","47","21-50","0.003","0.003","medium","0.0005625000000000001","P1_REVIEW"
"google","/stocks/MS","other","1","0","0","50","21-50","0.003","0.003","medium","0.0005625000000000001","P1_REVIEW"
"google","/stocks/OHI","other","1","0","0","25","21-50","0.003","0.003","medium","0.0005625000000000001","P1_REVIEW"
"google","/stocks/SDRL","other","1","0","0","27","21-50","0.003","0.003","medium","0.0005625000000000001","P1_REVIEW"
"google","/stocks/SIGI","other","1","0","0","50","21-50","0.003","0.003","medium","0.0005625000000000001","P1_REVIEW"
"google","/stocks/SOLS","other","1","0","0","30","21-50","0.003","0.003","medium","0.0005625000000000001","P1_REVIEW"
"google","/stocks/SPNT","other","1","0","0","50","21-50","0.003","0.003","medium","0.0005625000000000001","P1_REVIEW"
"google","/stocks/STAG","other","5","0","0","61.4","51+","0.003","0.003","medium","0.0005625000000000001","P1_REVIEW"
"google","/stocks/TMDX","other","1","0","0","46","21-50","0.003","0.003","medium","0.0005625000000000001","P1_REVIEW"
"google","/compare/ALKS-vs-GKOS","comparison","3","0","0","85","51+","0.003","0.003","high","0.0004500000000000001","P1_REVIEW"
"google","/compare/APG-vs-LII","comparison","3","0","0","68.33333333333333","51+","0.003","0.003","high","0.0004500000000000001","P1_REVIEW"
"google","/compare/APP-vs-VZ","comparison","3","0","0","87","51+","0.003","0.003","high","0.0004500000000000001","P1_REVIEW"
"google","/compare/ASPI-vs-GROY","comparison","3","0","0","79.33333333333333","51+","0.003","0.003","high","0.0004500000000000001","P1_REVIEW"
"google","/compare/BOBS-vs-LIND","comparison","3","0","0","66.33333333333333","51+","0.003","0.003","high","0.0004500000000000001","P1_REVIEW"
"google","/compare/CRCT-vs-SCSC","comparison","3","0","0","69.66666666666667","51+","0.003","0.003","high","0.0004500000000000001","P1_REVIEW"
"google","/compare/DE-vs-UNP","comparison","3","0","0","64.66666666666666","51+","0.003","0.003","high","0.0004500000000000001","P1_REVIEW"
"google","/compare/FBNC-vs-NBTB","comparison","3","0","0","55.666666666666664","51+","0.003","0.003","high","0.0004500000000000001","P1_REVIEW"
"google","/compare/GL-vs-GLXY","comparison","3","0","0","67.33333333333333","51+","0.003","0.003","high","0.0004500000000000001","P1_REVIEW"
"google","/compare/GRDN-vs-TARS","comparison","3","0","0","83.66666666666667","51+","0.003","0.003","high","0.0004500000000000001","P1_REVIEW"
"google","/compare/MOV-vs-WGO","comparison","3","0","0","73.33333333333333","51+","0.003","0.003","high","0.0004500000000000001","P1_REVIEW"
"google","/compare/SOFI-vs-TW","comparison","3","0","0","78.33333333333333","51+","0.003","0.003","high","0.0004500000000000001","P1_REVIEW"
"google","/stocks/ACMR/eps","eps","3","0","0","65","51+","0.003","0.003","high","0.0004500000000000001","P1_REVIEW"
"google","/stocks/CMCSA/revenue","revenue","3","0","0","54","51+","0.003","0.003","high","0.0004500000000000001","P1_REVIEW"
"google","/stocks/EVTC/gross-profit","gross-profit","3","0","0","59.666666666666664","51+","0.003","0.003","high","0.0004500000000000001","P1_REVIEW"
"google","/stocks/LUV/net-income","net-income","3","0","0","74.66666666666667","51+","0.003","0.003","high","0.0004500000000000001","P1_REVIEW"
"google","/stocks/LYFT/revenue","revenue","3","0","0","50.666666666666664","51+","0.003","0.003","high","0.0004500000000000001","P1_REVIEW"
"google","/stocks/MRK/dividend-history","dividend-history","3","0","0","67.33333333333333","51+","0.003","0.003","high","0.0004500000000000001","P1_REVIEW"
"google","/stocks/RH/revenue","revenue","3","0","0","71.33333333333333","51+","0.003","0.003","high","0.0004500000000000001","P1_REVIEW"
"google","/stocks/CCO","other","4","0","0","66.25","51+","0.003","0.003","medium","0.00045000000000000004","P1_REVIEW"
"google","/stocks/SE","other","4","0","0","81.25","51+","0.003","0.003","medium","0.00045000000000000004","P1_REVIEW"
"google","/stocks/SERV","other","4","0","0","89","51+","0.003","0.003","medium","0.00045000000000000004","P1_REVIEW"
"google","/company","other","3","0","0","56.333333333333336","51+","0.003","0.003","medium","0.00033750000000000007","P1_REVIEW"
"google","/company","other","3","0","0","55.333333333333336","51+","0.003","0.003","medium","0.00033750000000000007","P1_REVIEW"
"google","/stocks/HAFN","other","3","0","0","70","51+","0.003","0.003","medium","0.00033750000000000007","P1_REVIEW"
"google","/stocks/PSA-PS","other","3","0","0","65","51+","0.003","0.003","medium","0.00033750000000000007","P1_REVIEW"
"google","/stocks/SNDX","other","3","0","0","84","51+","0.003","0.003","medium","0.00033750000000000007","P1_REVIEW"
"google","/compare/AAPL-vs-NVDA","comparison","2","0","0","50.5","51+","0.003","0.003","high","0.00030000000000000003","P1_REVIEW"
"google","/compare/AERO-vs-AMPX","comparison","2","0","0","67","51+","0.003","0.003","high","0.00030000000000000003","P1_REVIEW"
"google","/compare/AGNC-vs-EGP","comparison","2","0","0","80","51+","0.003","0.003","high","0.00030000000000000003","P1_REVIEW"
"google","/compare/AHRT-vs-CTO","comparison","2","0","0","61.5","51+","0.003","0.003","high","0.00030000000000000003","P1_REVIEW"
"google","/compare/AS-vs-IP","comparison","2","0","0","50.5","51+","0.003","0.003","high","0.00030000000000000003","P1_REVIEW"
"google","/compare/BGSI-vs-SAH","comparison","2","0","0","91.5","51+","0.003","0.003","high","0.00030000000000000003","P1_REVIEW"
"google","/compare/CBU-vs-GBDC","comparison","2","0","0","82","51+","0.003","0.003","high","0.00030000000000000003","P1_REVIEW"
"google","/compare/CBZ-vs-PLPC","comparison","2","0","0","55.5","51+","0.003","0.003","high","0.00030000000000000003","P1_REVIEW"
"google","/compare/DVA-vs-EXEL","comparison","2","0","0","57","51+","0.003","0.003","high","0.00030000000000000003","P1_REVIEW"
"google","/compare/EA-vs-SATS","comparison","2","0","0","58","51+","0.003","0.003","high","0.00030000000000000003","P1_REVIEW"
"google","/compare/FOUR-vs-XNDU","comparison","2","0","0","68","51+","0.003","0.003","high","0.00030000000000000003","P1_REVIEW"
"google","/compare/FWRD-vs-MTW","comparison","2","0","0","70.5","51+","0.003","0.003","high","0.00030000000000000003","P1_REVIEW"
"google","/compare/GEV-vs-RTX","comparison","2","0","0","67.5","51+","0.003","0.003","high","0.00030000000000000003","P1_REVIEW"
"google","/compare/MAC-vs-RHP","comparison","2","0","0","94.5","51+","0.003","0.003","high","0.00030000000000000003","P1_REVIEW"
"google","/compare/NTST-vs-VRE","comparison","2","0","0","85.5","51+","0.003","0.003","high","0.00030000000000000003","P1_REVIEW"
"google","/compare/OCGN-vs-SGMT","comparison","2","0","0","54","51+","0.003","0.003","high","0.00030000000000000003","P1_REVIEW"
"google","/compare/PAX-vs-SRCE","comparison","2","0","0","61.5","51+","0.003","0.003","high","0.00030000000000000003","P1_REVIEW"
"google","/compare/SPFI-vs-WRLD","comparison","2","0","0","88.5","51+","0.003","0.003","high","0.00030000000000000003","P1_REVIEW"
"google","/stocks/ARR/dividend-history","dividend-history","2","0","0","53","51+","0.003","0.003","high","0.00030000000000000003","P1_REVIEW"
"google","/stocks/CART/shares-outstanding","shares-outstanding","2","0","0","66","51+","0.003","0.003","high","0.00030000000000000003","P1_REVIEW"
"google","/stocks/CI/revenue","revenue","2","0","0","71","51+","0.003","0.003","high","0.00030000000000000003","P1_REVIEW"
"google","/stocks/INTC/eps","eps","2","0","0","77","51+","0.003","0.003","high","0.00030000000000000003","P1_REVIEW"
"google","/stocks/IP/eps","eps","2","0","0","61","51+","0.003","0.003","high","0.00030000000000000003","P1_REVIEW"
"google","/stocks/NXPI/dividend-history","dividend-history","2","0","0","80.5","51+","0.003","0.003","high","0.00030000000000000003","P1_REVIEW"
"google","/stocks/PLTR/dividend-history","dividend-history","2","0","0","59.5","51+","0.003","0.003","high","0.00030000000000000003","P1_REVIEW"
"google","/stocks/WELL/dividend-history","dividend-history","2","0","0","59","51+","0.003","0.003","high","0.00030000000000000003","P1_REVIEW"
"google","/company","other","2","0","0","58","51+","0.003","0.003","medium","0.00022500000000000002","P1_REVIEW"
"google","/company","other","2","0","0","50.5","51+","0.003","0.003","medium","0.00022500000000000002","P1_REVIEW"
"google","/company","other","2","0","0","55.5","51+","0.003","0.003","medium","0.00022500000000000002","P1_REVIEW"
"google","/company","other","2","0","0","94","51+","0.003","0.003","medium","0.00022500000000000002","P1_REVIEW"
"google","/company","other","2","0","0","56.5","51+","0.003","0.003","medium","0.00022500000000000002","P1_REVIEW"
"google","/company","other","2","0","0","51.5","51+","0.003","0.003","medium","0.00022500000000000002","P1_REVIEW"
"google","/company","other","2","0","0","50.5","51+","0.003","0.003","medium","0.00022500000000000002","P1_REVIEW"
"google","/company","other","2","0","0","60","51+","0.003","0.003","medium","0.00022500000000000002","P1_REVIEW"
"google","/stocks/BWA","other","2","0","0","60","51+","0.003","0.003","medium","0.00022500000000000002","P1_REVIEW"
"google","/stocks/GLXY","other","2","0","0","86.5","51+","0.003","0.003","medium","0.00022500000000000002","P1_REVIEW"
"google","/stocks/HKD","other","2","0","0","70.5","51+","0.003","0.003","medium","0.00022500000000000002","P1_REVIEW"
"google","/stocks/LLYVK","other","2","0","0","72.5","51+","0.003","0.003","medium","0.00022500000000000002","P1_REVIEW"
"google","/stocks/PRU","other","2","0","0","78","51+","0.003","0.003","medium","0.00022500000000000002","P1_REVIEW"
"google","/stocks/RITM-PB","other","2","0","0","76.5","51+","0.003","0.003","medium","0.00022500000000000002","P1_REVIEW"
"google","/stocks/SFM","other","2","0","0","89.5","51+","0.003","0.003","medium","0.00022500000000000002","P1_REVIEW"
"google","/stocks/SLDP","other","2","0","0","83.5","51+","0.003","0.003","medium","0.00022500000000000002","P1_REVIEW"
"google","/stocks/VKTX","other","2","0","0","95.5","51+","0.003","0.003","medium","0.00022500000000000002","P1_REVIEW"
"google","/stocks/WES","other","2","0","0","76","51+","0.003","0.003","medium","0.00022500000000000002","P1_REVIEW"
"google","/compare/AAL-vs-ACM","comparison","1","0","0","62","51+","0.003","0.003","high","0.00015000000000000001","P1_REVIEW"
"google","/compare/AAL-vs-AVAV","comparison","1","0","0","72","51+","0.003","0.003","high","0.00015000000000000001","P1_REVIEW"
"google","/compare/AAMI-vs-FBK","comparison","1","0","0","86","51+","0.003","0.003","high","0.00015000000000000001","P1_REVIEW"
"google","/compare/ABBV-vs-INCY","comparison","1","0","0","70","51+","0.003","0.003","high","0.00015000000000000001","P1_REVIEW"
"google","/compare/ABM-vs-FA","comparison","1","0","0","88","51+","0.003","0.003","high","0.00015000000000000001","P1_REVIEW"
"google","/compare/ABNB-vs-H","comparison","1","0","0","88","51+","0.003","0.003","high","0.00015000000000000001","P1_REVIEW"
"google","/compare/ABR-vs-SVC","comparison","1","0","0","82","51+","0.003","0.003","high","0.00015000000000000001","P1_REVIEW"
"google","/compare/ACI-vs-SFD","comparison","1","0","0","77","51+","0.003","0.003","high","0.00015000000000000001","P1_REVIEW"
"google","/compare/ACN-vs-IPGP","comparison","1","0","0","92","51+","0.003","0.003","high","0.00015000000000000001","P1_REVIEW"
"google","/compare/ADBE-vs-INTU","comparison","1","0","0","90","51+","0.003","0.003","high","0.00015000000000000001","P1_REVIEW"
"google","/compare/ADC-vs-BRX","comparison","1","0","0","69","51+","0.003","0.003","high","0.00015000000000000001","P1_REVIEW"
"google","/compare/ADP-vs-LZ","comparison","1","0","0","66","51+","0.003","0.003","high","0.00015000000000000001","P1_REVIEW"
"google","/compare/ADSK-vs-MSFT","comparison","1","0","0","89","51+","0.003","0.003","high","0.00015000000000000001","P1_REVIEW"
"google","/compare/ADV-vs-NRDS","comparison","1","0","0","68","51+","0.003","0.003","high","0.00015000000000000001","P1_REVIEW"
"google","/compare/AI-vs-CNXC","comparison","1","0","0","66","51+","0.003","0.003","high","0.00015000000000000001","P1_REVIEW"
"google","/compare/AIP-vs-EVCM","comparison","1","0","0","56","51+","0.003","0.003","high","0.00015000000000000001","P1_REVIEW"
"google","/compare/AIZ-vs-ECPG","comparison","1","0","0","75","51+","0.003","0.003","high","0.00015000000000000001","P1_REVIEW"
"google","/compare/AIZ-vs-ICE","comparison","1","0","0","94","51+","0.003","0.003","high","0.00015000000000000001","P1_REVIEW"
"google","/compare/AJG-vs-TFC","comparison","1","0","0","81","51+","0.003","0.003","high","0.00015000000000000001","P1_REVIEW"
"google","/compare/ALIT-vs-IBEX","comparison","1","0","0","58","51+","0.003","0.003","high","0.00015000000000000001","P1_REVIEW"
"google","/compare/ALLE-vs-GEV","comparison","1","0","0","97","51+","0.003","0.003","high","0.00015000000000000001","P1_REVIEW"
"google","/compare/ALMS-vs-GRAL","comparison","1","0","0","99","51+","0.003","0.003","high","0.00015000000000000001","P1_REVIEW"
"google","/compare/AMBP-vs-BKE","comparison","1","0","0","80","51+","0.003","0.003","high","0.00015000000000000001","P1_REVIEW"
"google","/compare/AMGN-vs-BIO","comparison","1","0","0","93","51+","0.003","0.003","high","0.00015000000000000001","P1_REVIEW"
"google","/compare/AMP-vs-ERIE","comparison","1","0","0","56","51+","0.003","0.003","high","0.00015000000000000001","P1_REVIEW"
"google","/compare/AMP-vs-TWO","comparison","1","0","0","99","51+","0.003","0.003","high","0.00015000000000000001","P1_REVIEW"
"google","/compare/AMSC-vs-PRLB","comparison","1","0","0","60","51+","0.003","0.003","high","0.00015000000000000001","P1_REVIEW"
"google","/compare/AMSC-vs-RCAT","comparison","1","0","0","94","51+","0.003","0.003","high","0.00015000000000000001","P1_REVIEW"
"google","/compare/APLD-vs-CACI","comparison","1","0","0","63","51+","0.003","0.003","high","0.00015000000000000001","P1_REVIEW"
"google","/compare/ARDT-vs-MPLT","comparison","1","0","0","71","51+","0.003","0.003","high","0.00015000000000000001","P1_REVIEW"
"google","/compare/AVA-vs-NWE","comparison","1","0","0","53","51+","0.003","0.003","high","0.00015000000000000001","P1_REVIEW"
"google","/compare/AVB-vs-EQR","comparison","1","0","0","79","51+","0.003","0.003","high","0.00015000000000000001","P1_REVIEW"
"google","/compare/AVY-vs-STLD","comparison","1","0","0","96","51+","0.003","0.003","high","0.00015000000000000001","P1_REVIEW"
"google","/compare/AWK-vs-XEL","comparison","1","0","0","85","51+","0.003","0.003","high","0.00015000000000000001","P1_REVIEW"
"google","/compare/AWR-vs-NWE","comparison","1","0","0","78","51+","0.003","0.003","high","0.00015000000000000001","P1_REVIEW"
"google","/compare/BA-vs-JBHT","comparison","1","0","0","69","51+","0.003","0.003","high","0.00015000000000000001","P1_REVIEW"
"google","/compare/BEP-vs-PPL","comparison","1","0","0","67","51+","0.003","0.003","high","0.00015000000000000001","P1_REVIEW"
"google","/compare/BGY-vs-VCV","comparison","1","0","0","83","51+","0.003","0.003","high","0.00015000000000000001","P1_REVIEW"
"google","/compare/BKNG-vs-DFH","comparison","1","0","0","98","51+","0.003","0.003","high","0.00015000000000000001","P1_REVIEW"
"google","/compare/BMNR-vs-WAL","comparison","1","0","0","73","51+","0.003","0.003","high","0.00015000000000000001","P1_REVIEW"
"google","/compare/BMRC-vs-HMN","comparison","1","0","0","68","51+","0.003","0.003","high","0.00015000000000000001","P1_REVIEW"
"google","/compare/BSTZ-vs-LC","comparison","1","0","0","58","51+","0.003","0.003","high","0.00015000000000000001","P1_REVIEW"
"google","/compare/BVS-vs-TRAX","comparison","1","0","0","98","51+","0.003","0.003","high","0.00015000000000000001","P1_REVIEW"
"google","/compare/BWXT-vs-FPS","comparison","1","0","0","95","51+","0.003","0.003","high","0.00015000000000000001","P1_REVIEW"
"google","/compare/BXP-vs-CPT","comparison","1","0","0","88","51+","0.003","0.003","high","0.00015000000000000001","P1_REVIEW"
"google","/compare/CCL-vs-PRSU","comparison","1","0","0","64","51+","0.003","0.003","high","0.00015000000000000001","P1_REVIEW"
"google","/compare/CENT-vs-TR","comparison","1","0","0","84","51+","0.003","0.003","high","0.00015000000000000001","P1_REVIEW"
"google","/compare/CG-vs-UNM","comparison","1","0","0","100","51+","0.003","0.003","high","0.00015000000000000001","P1_REVIEW"
"google","/compare/CHRD-vs-NOV","comparison","1","0","0","94","51+","0.003","0.003","high","0.00015000000000000001","P1_REVIEW"
"google","/compare/CLOV-vs-TMDX","comparison","1","0","0","87","51+","0.003","0.003","high","0.00015000000000000001","P1_REVIEW"
"google","/compare/CMCO-vs-ERII","comparison","1","0","0","90","51+","0.003","0.003","high","0.00015000000000000001","P1_REVIEW"
"google","/compare/CNA-vs-GLXY","comparison","1","0","0","74","51+","0.003","0.003","high","0.00015000000000000001","P1_REVIEW"
"google","/compare/CNA-vs-HUT","comparison","1","0","0","71","51+","0.003","0.003","high","0.00015000000000000001","P1_REVIEW"
"google","/compare/COAG-vs-URGN","comparison","1","0","0","78","51+","0.003","0.003","high","0.00015000000000000001","P1_REVIEW"
"google","/compare/COLM-vs-VGNT","comparison","1","0","0","55","51+","0.003","0.003","high","0.00015000000000000001","P1_REVIEW"
"google","/compare/CRL-vs-OSCR","comparison","1","0","0","72","51+","0.003","0.003","high","0.00015000000000000001","P1_REVIEW"
"google","/compare/CYRX-vs-KRNT","comparison","1","0","0","90","51+","0.003","0.003","high","0.00015000000000000001","P1_REVIEW"
"google","/compare/DDI-vs-RSVR","comparison","1","0","0","100","51+","0.003","0.003","high","0.00015000000000000001","P1_REVIEW"
"google","/compare/DIS-vs-PINS","comparison","1","0","0","84","51+","0.003","0.003","high","0.00015000000000000001","P1_REVIEW"
"google","/compare/DSGN-vs-SIBN","comparison","1","0","0","59","51+","0.003","0.003","high","0.00015000000000000001","P1_REVIEW"
"google","/compare/DYN-vs-IDYA","comparison","1","0","0","96","51+","0.003","0.003","high","0.00015000000000000001","P1_REVIEW"
"google","/compare/EA-vs-NFLX","comparison","1","0","0","95","51+","0.003","0.003","high","0.00015000000000000001","P1_REVIEW"
"google","/compare/EBC-vs-ENVA","comparison","1","0","0","61","51+","0.003","0.003","high","0.00015000000000000001","P1_REVIEW"
"google","/compare/EPR-vs-KRC","comparison","1","0","0","91","51+","0.003","0.003","high","0.00015000000000000001","P1_REVIEW"
"google","/compare/EQPT-vs-UNF","comparison","1","0","0","51","51+","0.003","0.003","high","0.00015000000000000001","P1_REVIEW"
"google","/compare/FBK-vs-NAD","comparison","1","0","0","87","51+","0.003","0.003","high","0.00015000000000000001","P1_REVIEW"
"google","/compare/FICO-vs-VRSN","comparison","1","0","0","97","51+","0.003","0.003","high","0.00015000000000000001","P1_REVIEW"
"google","/compare/FULC-vs-HROW","comparison","1","0","0","76","51+","0.003","0.003","high","0.00015000000000000001","P1_REVIEW"
"google","/compare/GENB-vs-SION","comparison","1","0","0","81","51+","0.003","0.003","high","0.00015000000000000001","P1_REVIEW"
"google","/compare/GMED-vs-PODD","comparison","1","0","0","64","51+","0.003","0.003","high","0.00015000000000000001","P1_REVIEW"
"google","/compare/GPK-vs-PHIN","comparison","1","0","0","71","51+","0.003","0.003","high","0.00015000000000000001","P1_REVIEW"
"google","/compare/GT-vs-SVV","comparison","1","0","0","78","51+","0.003","0.003","high","0.00015000000000000001","P1_REVIEW"
"google","/compare/HAYW-vs-WOR","comparison","1","0","0","88","51+","0.003","0.003","high","0.00015000000000000001","P1_REVIEW"
"google","/compare/HTGC-vs-JPC","comparison","1","0","0","94","51+","0.003","0.003","high","0.00015000000000000001","P1_REVIEW"
"google","/compare/IBOC-vs-NNI","comparison","1","0","0","79","51+","0.003","0.003","high","0.00015000000000000001","P1_REVIEW"
"google","/compare/IMKTA-vs-SAM","comparison","1","0","0","98","51+","0.003","0.003","high","0.00015000000000000001","P1_REVIEW"
"google","/compare/INOD-vs-SEDG","comparison","1","0","0","65","51+","0.003","0.003","high","0.00015000000000000001","P1_REVIEW"
"google","/compare/IOT-vs-ZS","comparison","1","0","0","93","51+","0.003","0.003","high","0.00015000000000000001","P1_REVIEW"
"google","/compare/IVZ-vs-TRU","comparison","1","0","0","94","51+","0.003","0.003","high","0.00015000000000000001","P1_REVIEW"
"google","/compare/JCI-vs-WM","comparison","1","0","0","87","51+","0.003","0.003","high","0.00015000000000000001","P1_REVIEW"
"google","/compare/JXN-vs-PB","comparison","1","0","0","90","51+","0.003","0.003","high","0.00015000000000000001","P1_REVIEW"
"google","/compare/KE-vs-SERV","comparison","1","0","0","97","51+","0.003","0.003","high","0.00015000000000000001","P1_REVIEW"
"google","/compare/KFRC-vs-VLRS","comparison","1","0","0","63","51+","0.003","0.003","high","0.00015000000000000001","P1_REVIEW"
"google","/compare/KRG-vs-RYN","comparison","1","0","0","84","51+","0.003","0.003","high","0.00015000000000000001","P1_REVIEW"
"google","/compare/LOGI-vs-PTC","comparison","1","0","0","96","51+","0.003","0.003","high","0.00015000000000000001","P1_REVIEW"
"google","/compare/MAZE-vs-XNCR","comparison","1","0","0","91","51+","0.003","0.003","high","0.00015000000000000001","P1_REVIEW"
"google","/compare/MD-vs-VCEL","comparison","1","0","0","85","51+","0.003","0.003","high","0.00015000000000000001","P1_REVIEW"
"google","/compare/MKTX-vs-PFSI","comparison","1","0","0","93","51+","0.003","0.003","high","0.00015000000000000001","P1_REVIEW"
"google","/compare/MNTN-vs-SABR","comparison","1","0","0","82","51+","0.003","0.003","high","0.00015000000000000001","P1_REVIEW"
"google","/compare/MO-vs-PM","comparison","1","0","0","56","51+","0.003","0.003","high","0.00015000000000000001","P1_REVIEW"
"google","/compare/NN-vs-PENG","comparison","1","0","0","92","51+","0.003","0.003","high","0.00015000000000000001","P1_REVIEW"
"google","/compare/OLLI-vs-POST","comparison","1","0","0","98","51+","0.003","0.003","high","0.00015000000000000001","P1_REVIEW"
"google","/compare/PARR-vs-SDRL","comparison","1","0","0","92","51+","0.003","0.003","high","0.00015000000000000001","P1_REVIEW"
"google","/compare/PCT-vs-WLFC","comparison","1","0","0","86","51+","0.003","0.003","high","0.00015000000000000001","P1_REVIEW"
"google","/compare/SLAB-vs-VSH","comparison","1","0","0","56","51+","0.003","0.003","high","0.00015000000000000001","P1_REVIEW"
"google","/compare/SNA-vs-ULS","comparison","1","0","0","99","51+","0.003","0.003","high","0.00015000000000000001","P1_REVIEW"
"google","/compare/TKO-vs-TTWO","comparison","1","0","0","57","51+","0.003","0.003","high","0.00015000000000000001","P1_REVIEW"
"google","/compare/TXN-vs-WDC","comparison","1","0","0","85","51+","0.003","0.003","high","0.00015000000000000001","P1_REVIEW"
"google","/compare/UAA-vs-WHR","comparison","1","0","0","64","51+","0.003","0.003","high","0.00015000000000000001","P1_REVIEW"
"google","/compare/VOYG-vs-VVX","comparison","1","0","0","95","51+","0.003","0.003","high","0.00015000000000000001","P1_REVIEW"
"google","/stocks/ACI/eps","eps","1","0","0","84","51+","0.003","0.003","high","0.00015000000000000001","P1_REVIEW"
"google","/stocks/APP/total-debt","total-debt","1","0","0","58","51+","0.003","0.003","high","0.00015000000000000001","P1_REVIEW"
"google","/stocks/BA/shares-outstanding","shares-outstanding","1","0","0","96","51+","0.003","0.003","high","0.00015000000000000001","P1_REVIEW"
"google","/stocks/CELH/eps","eps","1","0","0","83","51+","0.003","0.003","high","0.00015000000000000001","P1_REVIEW"
"google","/stocks/CME/pe-ratio","pe-ratio","1","0","0","82","51+","0.003","0.003","high","0.00015000000000000001","P1_REVIEW"
"google","/stocks/CNK/revenue","revenue","1","0","0","52","51+","0.003","0.003","high","0.00015000000000000001","P1_REVIEW"
"google","/stocks/CSX/dividend-history","dividend-history","1","0","0","55","51+","0.003","0.003","high","0.00015000000000000001","P1_REVIEW"
"google","/stocks/CVNA/shares-outstanding","shares-outstanding","1","0","0","67","51+","0.003","0.003","high","0.00015000000000000001","P1_REVIEW"
"google","/stocks/CWEN/dividend-history","dividend-history","1","0","0","53","51+","0.003","0.003","high","0.00015000000000000001","P1_REVIEW"
"google","/stocks/CXM/dividend-history","dividend-history","1","0","0","80","51+","0.003","0.003","high","0.00015000000000000001","P1_REVIEW"
"google","/stocks/DIS/shares-outstanding","shares-outstanding","1","0","0","57","51+","0.003","0.003","high","0.00015000000000000001","P1_REVIEW"
"google","/stocks/ENTG/revenue","revenue","1","0","0","70","51+","0.003","0.003","high","0.00015000000000000001","P1_REVIEW"
"google","/stocks/ETSY/eps","eps","1","0","0","93","51+","0.003","0.003","high","0.00015000000000000001","P1_REVIEW"
"google","/stocks/FUN/net-income","net-income","1","0","0","85","51+","0.003","0.003","high","0.00015000000000000001","P1_REVIEW"
"google","/stocks/G/revenue","revenue","1","0","0","73","51+","0.003","0.003","high","0.00015000000000000001","P1_REVIEW"
"google","/stocks/GWW/revenue","revenue","1","0","0","56","51+","0.003","0.003","high","0.00015000000000000001","P1_REVIEW"
"google","/stocks/HL/revenue","revenue","1","0","0","56","51+","0.003","0.003","high","0.00015000000000000001","P1_REVIEW"
"google","/stocks/IBM/net-income","net-income","1","0","0","71","51+","0.003","0.003","high","0.00015000000000000001","P1_REVIEW"
"google","/stocks/INTC/revenue","revenue","1","0","0","74","51+","0.003","0.003","high","0.00015000000000000001","P1_REVIEW"
"google","/stocks/KKR/revenue","revenue","1","0","0","57","51+","0.003","0.003","high","0.00015000000000000001","P1_REVIEW"
"google","/stocks/LECO/net-income","net-income","1","0","0","56","51+","0.003","0.003","high","0.00015000000000000001","P1_REVIEW"
"google","/stocks/LXP/dividend-history","dividend-history","1","0","0","79","51+","0.003","0.003","high","0.00015000000000000001","P1_REVIEW"
"google","/stocks/MAN/ebitda","ebitda","1","0","0","76","51+","0.003","0.003","high","0.00015000000000000001","P1_REVIEW"
"google","/stocks/MIR/net-income","net-income","1","0","0","60","51+","0.003","0.003","high","0.00015000000000000001","P1_REVIEW"
"google","/stocks/MPC/dividend-history","dividend-history","1","0","0","59","51+","0.003","0.003","high","0.00015000000000000001","P1_REVIEW"
"google","/stocks/NJR/revenue","revenue","1","0","0","70","51+","0.003","0.003","high","0.00015000000000000001","P1_REVIEW"
"google","/stocks/NWL/gross-profit","gross-profit","1","0","0","61","51+","0.003","0.003","high","0.00015000000000000001","P1_REVIEW"
"google","/stocks/NYT/net-income","net-income","1","0","0","62","51+","0.003","0.003","high","0.00015000000000000001","P1_REVIEW"
"google","/stocks/NYT/shares-outstanding","shares-outstanding","1","0","0","86","51+","0.003","0.003","high","0.00015000000000000001","P1_REVIEW"
"google","/stocks/OGN/dividend-history","dividend-history","1","0","0","51","51+","0.003","0.003","high","0.00015000000000000001","P1_REVIEW"
"google","/stocks/ORI/net-income","net-income","1","0","0","99","51+","0.003","0.003","high","0.00015000000000000001","P1_REVIEW"
"google","/stocks/POR/free-cash-flow","free-cash-flow","1","0","0","82","51+","0.003","0.003","high","0.00015000000000000001","P1_REVIEW"
"google","/stocks/PRA/dividend-history","dividend-history","1","0","0","77","51+","0.003","0.003","high","0.00015000000000000001","P1_REVIEW"
"google","/stocks/PTC/dividend-history","dividend-history","1","0","0","92","51+","0.003","0.003","high","0.00015000000000000001","P1_REVIEW"
"google","/stocks/SBAC/pe-ratio","pe-ratio","1","0","0","96","51+","0.003","0.003","high","0.00015000000000000001","P1_REVIEW"
"google","/stocks/SLGN/pe-ratio","pe-ratio","1","0","0","79","51+","0.003","0.003","high","0.00015000000000000001","P1_REVIEW"
"google","/stocks/SLM/dividend-history","dividend-history","1","0","0","69","51+","0.003","0.003","high","0.00015000000000000001","P1_REVIEW"
"google","/stocks/SOLS/free-cash-flow","free-cash-flow","1","0","0","57","51+","0.003","0.003","high","0.00015000000000000001","P1_REVIEW"
"google","/stocks/UBER/free-cash-flow","free-cash-flow","1","0","0","79","51+","0.003","0.003","high","0.00015000000000000001","P1_REVIEW"
"google","/stocks/UGI/free-cash-flow","free-cash-flow","1","0","0","81","51+","0.003","0.003","high","0.00015000000000000001","P1_REVIEW"
"google","/stocks/UPWK/revenue","revenue","1","0","0","87","51+","0.003","0.003","high","0.00015000000000000001","P1_REVIEW"
"google","/stocks/WBD/revenue","revenue","1","0","0","59","51+","0.003","0.003","high","0.00015000000000000001","P1_REVIEW"
"google","/stocks/WBS/revenue","revenue","1","0","0","71","51+","0.003","0.003","high","0.00015000000000000001","P1_REVIEW"
"google","/stocks/WMT/shares-outstanding","shares-outstanding","1","0","0","67","51+","0.003","0.003","high","0.00015000000000000001","P1_REVIEW"
"google","/stocks/XEL/dividend-history","dividend-history","1","0","0","66","51+","0.003","0.003","high","0.00015000000000000001","P1_REVIEW"
"google","/stocks/XYL/gross-profit","gross-profit","1","0","0","79","51+","0.003","0.003","high","0.00015000000000000001","P1_REVIEW"
"google","/stocks/YUM/dividend-history","dividend-history","1","0","0","54","51+","0.003","0.003","high","0.00015000000000000001","P1_REVIEW"
"google","/company","other","1","0","0","64","51+","0.003","0.003","medium","0.00011250000000000001","P1_REVIEW"
"google","/company","other","1","0","0","86","51+","0.003","0.003","medium","0.00011250000000000001","P1_REVIEW"
"google","/company","other","1","0","0","54","51+","0.003","0.003","medium","0.00011250000000000001","P1_REVIEW"
"google","/company","other","1","0","0","56","51+","0.003","0.003","medium","0.00011250000000000001","P1_REVIEW"
"google","/company","other","1","0","0","67","51+","0.003","0.003","medium","0.00011250000000000001","P1_REVIEW"
"google","/company","other","1","0","0","89","51+","0.003","0.003","medium","0.00011250000000000001","P1_REVIEW"
"google","/company","other","1","0","0","61","51+","0.003","0.003","medium","0.00011250000000000001","P1_REVIEW"
"google","/company","other","1","0","0","94","51+","0.003","0.003","medium","0.00011250000000000001","P1_REVIEW"
"google","/company","other","1","0","0","65","51+","0.003","0.003","medium","0.00011250000000000001","P1_REVIEW"
"google","/company","other","1","0","0","53","51+","0.003","0.003","medium","0.00011250000000000001","P1_REVIEW"
"google","/company","other","1","0","0","75","51+","0.003","0.003","medium","0.00011250000000000001","P1_REVIEW"
"google","/company","other","1","0","0","88","51+","0.003","0.003","medium","0.00011250000000000001","P1_REVIEW"
"google","/company","other","1","0","0","57","51+","0.003","0.003","medium","0.00011250000000000001","P1_REVIEW"
"google","/company","other","1","0","0","68","51+","0.003","0.003","medium","0.00011250000000000001","P1_REVIEW"
"google","/company","other","1","0","0","59","51+","0.003","0.003","medium","0.00011250000000000001","P1_REVIEW"
"google","/company","other","1","0","0","70","51+","0.003","0.003","medium","0.00011250000000000001","P1_REVIEW"
"google","/company","other","1","0","0","67","51+","0.003","0.003","medium","0.00011250000000000001","P1_REVIEW"
"google","/company","other","1","0","0","54","51+","0.003","0.003","medium","0.00011250000000000001","P1_REVIEW"
"google","/company","other","1","0","0","62","51+","0.003","0.003","medium","0.00011250000000000001","P1_REVIEW"
"google","/company","other","1","0","0","93","51+","0.003","0.003","medium","0.00011250000000000001","P1_REVIEW"
"google","/company","other","1","0","0","60","51+","0.003","0.003","medium","0.00011250000000000001","P1_REVIEW"
"google","/company","other","1","0","0","55","51+","0.003","0.003","medium","0.00011250000000000001","P1_REVIEW"
"google","/company","other","1","0","0","55","51+","0.003","0.003","medium","0.00011250000000000001","P1_REVIEW"
"google","/company","other","1","0","0","78","51+","0.003","0.003","medium","0.00011250000000000001","P1_REVIEW"
"google","/company","other","1","0","0","64","51+","0.003","0.003","medium","0.00011250000000000001","P1_REVIEW"
"google","/company","other","1","0","0","56","51+","0.003","0.003","medium","0.00011250000000000001","P1_REVIEW"
"google","/company","other","1","0","0","53","51+","0.003","0.003","medium","0.00011250000000000001","P1_REVIEW"
"google","/company","other","1","0","0","58","51+","0.003","0.003","medium","0.00011250000000000001","P1_REVIEW"
"google","/stocks/BAH","other","1","0","0","68","51+","0.003","0.003","medium","0.00011250000000000001","P1_REVIEW"
"google","/stocks/BF.B","other","1","0","0","64","51+","0.003","0.003","medium","0.00011250000000000001","P1_REVIEW"
"google","/stocks/CIM-PB","other","1","0","0","64","51+","0.003","0.003","medium","0.00011250000000000001","P1_REVIEW"
"google","/stocks/CROX","other","1","0","0","62","51+","0.003","0.003","medium","0.00011250000000000001","P1_REVIEW"
"google","/stocks/DSU","other","1","0","0","85","51+","0.003","0.003","medium","0.00011250000000000001","P1_REVIEW"
"google","/stocks/FHN","other","1","0","0","62","51+","0.003","0.003","medium","0.00011250000000000001","P1_REVIEW"
"google","/stocks/GL","other","1","0","0","52","51+","0.003","0.003","medium","0.00011250000000000001","P1_REVIEW"
"google","/stocks/GLPI","other","1","0","0","58","51+","0.003","0.003","medium","0.00011250000000000001","P1_REVIEW"
"google","/stocks/GMTL","other","1","0","0","80","51+","0.003","0.003","medium","0.00011250000000000001","P1_REVIEW"
"google","/stocks/HR","other","1","0","0","68","51+","0.003","0.003","medium","0.00011250000000000001","P1_REVIEW"
"google","/stocks/HUT","other","1","0","0","76","51+","0.003","0.003","medium","0.00011250000000000001","P1_REVIEW"
"google","/stocks/LW","other","1","0","0","58","51+","0.003","0.003","medium","0.00011250000000000001","P1_REVIEW"
"google","/stocks/MTZ","other","1","0","0","55","51+","0.003","0.003","medium","0.00011250000000000001","P1_REVIEW"
"google","/stocks/MUSA","other","1","0","0","53","51+","0.003","0.003","medium","0.00011250000000000001","P1_REVIEW"
"google","/stocks/NEOG","other","1","0","0","58","51+","0.003","0.003","medium","0.00011250000000000001","P1_REVIEW"
"google","/stocks/OWLS","other","1","0","0","80","51+","0.003","0.003","medium","0.00011250000000000001","P1_REVIEW"
"google","/stocks/PII","other","1","0","0","62","51+","0.003","0.003","medium","0.00011250000000000001","P1_REVIEW"
"google","/stocks/RVT","other","1","0","0","65","51+","0.003","0.003","medium","0.00011250000000000001","P1_REVIEW"
"google","/stocks/SB","other","1","0","0","71","51+","0.003","0.003","medium","0.00011250000000000001","P1_REVIEW"
"google","/stocks/SNOW","other","1","0","0","78","51+","0.003","0.003","medium","0.00011250000000000001","P1_REVIEW"
"google","/stocks/SWMR","other","1","0","0","82","51+","0.003","0.003","medium","0.00011250000000000001","P1_REVIEW"
"google","/stocks/TDOC","other","1","0","0","76","51+","0.003","0.003","medium","0.00011250000000000001","P1_REVIEW"
"google","/stocks/TEVA","other","1","0","0","71","51+","0.003","0.003","medium","0.00011250000000000001","P1_REVIEW"
"google","/stocks/TGT","other","1","0","0","81","51+","0.003","0.003","medium","0.00011250000000000001","P1_REVIEW"
"google","/stocks/TRST","other","1","0","0","60","51+","0.003","0.003","medium","0.00011250000000000001","P1_REVIEW"
"google","/stocks/USFD","other","1","0","0","87","51+","0.003","0.003","medium","0.00011250000000000001","P1_REVIEW"
"google","/stocks/WPM","other","1","0","0","79","51+","0.003","0.003","medium","0.00011250000000000001","P1_REVIEW"
"google","/","other","49","2","0.04081632653061224","12.63265306122449","11-15","0.012","0","medium","0","MONITOR"
"google","/compare/ARM-vs-LRCX","comparison","13","2","0.15384615384615385","7.3076923076923075","6-10","0.035","0","high","0","MONITOR"
"google","/compare/BN-vs-BNY","comparison","2","1","0.5","6.5","6-10","0.035","0","high","0","MONITOR"
"google","/compare/CDNS-vs-FTNT","comparison","3","1","0.3333333333333333","5.666666666666667","6-10","0.035","0","high","0","MONITOR"
"google","/compare/CHTR-vs-ROKU","comparison","3","1","0.3333333333333333","4.333333333333334","4-5","0.07","0","high","0","MONITOR"
"google","/compare/CLS-vs-GFS","comparison","2","1","0.5","2","1-3","0.12","0","high","0","MONITOR"
"google","/compare/COHR-vs-INTU","comparison","1","1","1","2","1-3","0.12","0","high","0","MONITOR"
"google","/compare/CSGP-vs-JLL","comparison","1","1","1","9","6-10","0.035","0","high","0","MONITOR"
"google","/compare/CVBF-vs-UTG","comparison","3","1","0.3333333333333333","27.333333333333332","21-50","0.003","0","high","0","MONITOR"
"google","/compare/LB-vs-MUR","comparison","23","1","0.043478260869565216","6.956521739130435","6-10","0.035","0","high","0","MONITOR"
"google","/compare/LNG-vs-VG","comparison","27","1","0.037037037037037035","8.296296296296298","6-10","0.035","0","high","0","MONITOR"
"google","/compare/MRVL-vs-WDC","comparison","12","1","0.08333333333333333","5.166666666666667","6-10","0.035","0","high","0","MONITOR"
"google","/compare/MTX-vs-NGVT","comparison","1","1","1","10","6-10","0.035","0","high","0","MONITOR"
"google","/stocks/JBHT/pe-ratio","pe-ratio","1","1","1","6","6-10","0.035","0","high","0","MONITOR"
