source,ticker,query,query_class,expected_page_family,expected_url,ranking_url,impressions,clicks,ctr,position,ownership_status,status,intended_route_impressions,wrong_route_impressions,total_metric_route_impressions,intended_ownership_rate,competing_route_count,dominant_route,dominant_route_impressions,dominant_route_is_correct,route_breakdown
"google","WAB","""earnings per share - wab""","EPS","EPS","/stocks/WAB/eps","/stocks/WAB/dividend-history","1269","0","0","2.9574468085106385","WRONG_METRIC","WRONG_METRIC","0","1269","1269","0","1","/stocks/WAB/dividend-history","647","no","/stocks/WAB/dividend-history=647; /stocks/WAB/shares-outstanding=622"
"google","WAB","""earnings per share - wab"" financial","EPS","EPS","/stocks/WAB/eps","/stocks/WAB/shares-outstanding","737","0","0","2.616010854816825","WRONG_METRIC","WRONG_METRIC","0","737","737","0","1","/stocks/WAB/shares-outstanding","373","no","/stocks/WAB/shares-outstanding=373; /stocks/WAB/dividend-history=364"
"google","WAB","""shares outstanding - wab"" financial","SHARES","SHARES","/stocks/WAB/shares-outstanding","/stocks/WAB/eps","596","0","0","2.4848993288590604","WRONG_METRIC","WRONG_METRIC","0","596","596","0","1","/stocks/WAB/eps","300","no","/stocks/WAB/eps=300; /stocks/WAB/dividend-history=296"
"google","WAB","""earnings per share - wab"" finance","EPS","EPS","/stocks/WAB/eps","/stocks/WAB/dividend-history","336","0","0","2.7083333333333335","WRONG_METRIC","WRONG_METRIC","0","336","336","0","1","/stocks/WAB/dividend-history","168","no","/stocks/WAB/dividend-history=168; /stocks/WAB/shares-outstanding=168"
"google","WAB","""earnings per share - wab"" financial statement","EPS","EPS","/stocks/WAB/eps","/stocks/WAB/shares-outstanding","242","0","0","1.7355371900826446","WRONG_METRIC","WRONG_METRIC","0","242","242","0","1","/stocks/WAB/shares-outstanding","229","no","/stocks/WAB/shares-outstanding=229; /stocks/WAB/dividend-history=13"
"google","WAB","""shares outstanding - wab"" finance","SHARES","SHARES","/stocks/WAB/shares-outstanding","/stocks/WAB/dividend-history","218","0","0","2.36697247706422","WRONG_METRIC","WRONG_METRIC","0","218","218","0","1","/stocks/WAB/dividend-history","109","no","/stocks/WAB/dividend-history=109; /stocks/WAB/eps=109"
"google","WAB","""earnings per share - wab"" financial model","EPS","EPS","/stocks/WAB/eps","/stocks/WAB/dividend-history","181","0","0","3.0718232044198897","WRONG_METRIC","WRONG_METRIC","0","181","181","0","1","/stocks/WAB/dividend-history","93","no","/stocks/WAB/dividend-history=93; /stocks/WAB/shares-outstanding=88"
"google","WAB","""earnings per share - wab"" financial statements","EPS","EPS","/stocks/WAB/eps","/stocks/WAB/shares-outstanding","143","0","0","1.6783216783216781","WRONG_METRIC","WRONG_METRIC","0","143","143","0","1","/stocks/WAB/shares-outstanding","127","no","/stocks/WAB/shares-outstanding=127; /stocks/WAB/dividend-history=16"
"google","WAB","""shares outstanding - wab""","SHARES","SHARES","/stocks/WAB/shares-outstanding","/stocks/WAB/eps","95","0","0","5.747368421052632","WRONG_METRIC","WRONG_METRIC","0","95","95","0","1","/stocks/WAB/eps","58","no","/stocks/WAB/eps=58; /stocks/WAB/dividend-history=37"
"google","WAB","""shares outstanding - wab"" financial statement","SHARES","SHARES","/stocks/WAB/shares-outstanding","/stocks/WAB/eps","62","0","0","3.0483870967741935","WRONG_METRIC","WRONG_METRIC","0","62","62","0","1","/stocks/WAB/eps","39","no","/stocks/WAB/eps=39; /stocks/WAB/dividend-history=23"
"google","DELL","dell technologies historical revenue fy2016 fy2017 fy2018 fy2019 fy2020 fy2021 fy2022 fy2023 fy2024 fy2025","REVENUE","REVENUE","/stocks/DELL/revenue","/stocks/DELL/shares-outstanding","15","0","0","9","WRONG_METRIC","WRONG_METRIC","0","15","15","0","1","/stocks/DELL/shares-outstanding","13","no","/stocks/DELL/shares-outstanding=13; /stocks/DELL/gross-profit=2"
"google","WAB","""shares outstanding - wab"" financial model","SHARES","SHARES","/stocks/WAB/shares-outstanding","/stocks/WAB/eps","14","0","0","3.857142857142857","WRONG_METRIC","WRONG_METRIC","0","14","14","0","1","/stocks/WAB/eps","11","no","/stocks/WAB/eps=11; /stocks/WAB/dividend-history=3"
"google","WAB","""shares outstanding - wab"" financial statements","SHARES","SHARES","/stocks/WAB/shares-outstanding","/stocks/WAB/dividend-history","11","0","0","1.6363636363636365","WRONG_METRIC","WRONG_METRIC","0","11","11","0","1","/stocks/WAB/dividend-history","10","no","/stocks/WAB/dividend-history=10; /stocks/WAB/eps=1"
"google","DELL","dell technologies historical annual revenue fy2016 fy2017 fy2018 fy2019 fy2020 fy2021 fy2022 fy2023 fy2024 fy2025","REVENUE","REVENUE","/stocks/DELL/revenue","/stocks/DELL/shares-outstanding","11","0","0","12.090909090909092","WRONG_METRIC","WRONG_METRIC","0","11","11","0","0","/stocks/DELL/shares-outstanding","11","no","/stocks/DELL/shares-outstanding=11"
"google","WAB","""earnings per share - wab"" financial data","EPS","EPS","/stocks/WAB/eps","/stocks/WAB/dividend-history","6","0","0","2","WRONG_METRIC","WRONG_METRIC","0","6","6","0","1","/stocks/WAB/dividend-history","5","no","/stocks/WAB/dividend-history=5; /stocks/WAB/shares-outstanding=1"
"google","WAB","""shares outstanding - wab"" financial data","SHARES","SHARES","/stocks/WAB/shares-outstanding","/stocks/WAB/dividend-history","6","0","0","1","WRONG_METRIC","WRONG_METRIC","0","6","6","0","0","/stocks/WAB/dividend-history","6","no","/stocks/WAB/dividend-history=6"
"google","WAB","financial data ""earnings per share - wab""","EPS","EPS","/stocks/WAB/eps","/stocks/WAB/dividend-history","2","0","0","1.5","WRONG_METRIC","WRONG_METRIC","0","2","2","0","0","/stocks/WAB/dividend-history","2","no","/stocks/WAB/dividend-history=2"
"google","WAB","financial data ""shares outstanding - wab""","SHARES","SHARES","/stocks/WAB/shares-outstanding","/stocks/WAB/dividend-history","2","0","0","5","WRONG_METRIC","WRONG_METRIC","0","2","2","0","0","/stocks/WAB/dividend-history","2","no","/stocks/WAB/dividend-history=2"
"google","ADT","adt annual revenue","REVENUE","REVENUE","/stocks/ADT/revenue","/stocks/ADT/net-income","1","0","0","48","WRONG_METRIC","WRONG_METRIC","0","1","1","0","0","/stocks/ADT/net-income","1","no","/stocks/ADT/net-income=1"
"google","ADT","adt shares outstanding","SHARES","SHARES","/stocks/ADT/shares-outstanding","/stocks/ADT/eps","1","0","0","75","WRONG_METRIC","WRONG_METRIC","0","1","1","0","0","/stocks/ADT/eps","1","no","/stocks/ADT/eps=1"
"google","DIS","annual revenue disney","REVENUE","REVENUE","/stocks/DIS/revenue","/stocks/DIS/net-income","1","0","0","64","WRONG_METRIC","WRONG_METRIC","0","1","1","0","0","/stocks/DIS/net-income","1","no","/stocks/DIS/net-income=1"
"google","DELL","dell technologies historical annual revenue last 10 years fy2015 to fy2025","REVENUE","REVENUE","/stocks/DELL/revenue","/stocks/DELL/shares-outstanding","1","0","0","18","WRONG_METRIC","WRONG_METRIC","0","1","1","0","0","/stocks/DELL/shares-outstanding","1","no","/stocks/DELL/shares-outstanding=1"
"google","DELL","dell technologies historical revenue 10 years fy2015 to fy2025","REVENUE","REVENUE","/stocks/DELL/revenue","/stocks/DELL/gross-profit","1","0","0","17","WRONG_METRIC","WRONG_METRIC","0","1","1","0","0","/stocks/DELL/gross-profit","1","no","/stocks/DELL/gross-profit=1"
"google","DELL","dell technologies revenue fy2016 fy2017 fy2018 fy2019 fy2020 fy2021 fy2022 fy2023 fy2024 fy2025","REVENUE","REVENUE","/stocks/DELL/revenue","/stocks/DELL/shares-outstanding","1","0","0","18","WRONG_METRIC","WRONG_METRIC","0","1","1","0","0","/stocks/DELL/shares-outstanding","1","no","/stocks/DELL/shares-outstanding=1"
"google","GM","gm annual revenue","REVENUE","REVENUE","/stocks/GM/revenue","/stocks/GM/gross-profit","1","0","0","77","WRONG_METRIC","WRONG_METRIC","0","1","1","0","0","/stocks/GM/gross-profit","1","no","/stocks/GM/gross-profit=1"
"google","GM","gm yearly revenue","REVENUE","REVENUE","/stocks/GM/revenue","/stocks/GM/gross-profit","1","0","0","77","WRONG_METRIC","WRONG_METRIC","0","1","1","0","0","/stocks/GM/gross-profit","1","no","/stocks/GM/gross-profit=1"
"google","LECO","lincoln electric annual revenue","REVENUE","REVENUE","/stocks/LECO/revenue","/stocks/LECO/net-income","1","0","0","56","WRONG_METRIC","WRONG_METRIC","0","1","1","0","0","/stocks/LECO/net-income","1","no","/stocks/LECO/net-income=1"
"google","LYFT","lyft net income","NET_INCOME","NET_INCOME","/stocks/LYFT/net-income","/stocks/LYFT/revenue","1","0","0","65","WRONG_METRIC","WRONG_METRIC","0","1","1","0","0","/stocks/LYFT/revenue","1","no","/stocks/LYFT/revenue=1"
"google","MIR","mirion technologies revenue","REVENUE","REVENUE","/stocks/MIR/revenue","/stocks/MIR/net-income","1","0","0","60","WRONG_METRIC","WRONG_METRIC","0","1","1","0","0","/stocks/MIR/net-income","1","no","/stocks/MIR/net-income=1"
"google","NYT","new york times annual revenue","REVENUE","REVENUE","/stocks/NYT/revenue","/stocks/NYT/net-income","1","0","0","62","WRONG_METRIC","WRONG_METRIC","0","1","1","0","0","/stocks/NYT/net-income","1","no","/stocks/NYT/net-income=1"
"google","WAB","""earnings per share - wab"" ""shares outstanding - wab""","AMBIGUOUS_QUERY","AMBIGUOUS","","/stocks/WAB/dividend-history","892","0","0","1.5717488789237668","AMBIGUOUS","AMBIGUOUS","0","892","892","0","0","/stocks/WAB/dividend-history","892","no","/stocks/WAB/dividend-history=892"
"google","WAB","""shares outstanding - wab"" ""earnings per share - wab""","AMBIGUOUS_QUERY","AMBIGUOUS","","/stocks/WAB/dividend-history","53","0","0","1.471698113207547","AMBIGUOUS","AMBIGUOUS","0","53","53","0","0","/stocks/WAB/dividend-history","53","no","/stocks/WAB/dividend-history=53"
"google","MSCI","msci dividends","AMBIGUOUS_QUERY","AMBIGUOUS","","/stocks/MSCI/dividend-history","16","0","0","49.625","AMBIGUOUS","AMBIGUOUS","0","16","16","0","0","/stocks/MSCI/dividend-history","16","no","/stocks/MSCI/dividend-history=16"
"google","MSCI","msci dividend indexes","DIVIDEND","DIVIDEND","/stocks/MSCI/dividend-history","/stocks/MSCI/dividend-history","14","0","0","50.357142857142854","CORRECT","CORRECT","14","0","14","1","0","/stocks/MSCI/dividend-history","14","yes","/stocks/MSCI/dividend-history=14"
"google","CTSH","cognizant ctsh revenue net income 2022 2023 2024 annual growth","AMBIGUOUS_QUERY","AMBIGUOUS","","/stocks/CTSH/net-income","8","0","0","8","AMBIGUOUS","AMBIGUOUS","0","8","8","0","0","/stocks/CTSH/net-income","8","no","/stocks/CTSH/net-income=8"
"google","WAB","""earnings per share - wab"" ""shares outstanding - wab"" financial statement","AMBIGUOUS_QUERY","AMBIGUOUS","","/stocks/WAB/dividend-history","7","0","0","1.2857142857142858","AMBIGUOUS","AMBIGUOUS","0","7","7","0","0","/stocks/WAB/dividend-history","7","no","/stocks/WAB/dividend-history=7"
"google","DOW","dow jones pe ratio","AMBIGUOUS_QUERY","AMBIGUOUS","","/stocks/DOW/pe-ratio","6","0","0","77.5","AMBIGUOUS","AMBIGUOUS","0","6","6","0","0","/stocks/DOW/pe-ratio","6","no","/stocks/DOW/pe-ratio=6"
"google","WFC","wells fargo dividend","DIVIDEND","DIVIDEND","/stocks/WFC/dividend-history","/stocks/WFC/dividend-history","6","0","0","63.333333333333336","CORRECT","CORRECT","6","0","6","1","0","/stocks/WFC/dividend-history","6","yes","/stocks/WFC/dividend-history=6"
"google","WAB","""earnings per share - wab"" ""shares outstanding - wab"" financial","AMBIGUOUS_QUERY","AMBIGUOUS","","/stocks/WAB/dividend-history","5","0","0","1.4","AMBIGUOUS","AMBIGUOUS","0","5","5","0","0","/stocks/WAB/dividend-history","5","no","/stocks/WAB/dividend-history=5"
"google","DIS","disney s dividend history","DIVIDEND","DIVIDEND","/stocks/DIS/dividend-history","/stocks/DIS/dividend-history","5","0","0","84.4","CORRECT","CORRECT","5","0","5","1","0","/stocks/DIS/dividend-history","5","yes","/stocks/DIS/dividend-history=5"
"google","DOW","dow jones index pe ratio","AMBIGUOUS_QUERY","AMBIGUOUS","","/stocks/DOW/pe-ratio","5","0","0","91.8","AMBIGUOUS","AMBIGUOUS","0","5","5","0","0","/stocks/DOW/pe-ratio","5","no","/stocks/DOW/pe-ratio=5"
"google","DOW","dow pe ratio","AMBIGUOUS_QUERY","AMBIGUOUS","","/stocks/DOW/pe-ratio","5","0","0","54","AMBIGUOUS","AMBIGUOUS","0","5","5","0","0","/stocks/DOW/pe-ratio","5","no","/stocks/DOW/pe-ratio=5"
"google","DOW","djia pe ratio","AMBIGUOUS_QUERY","AMBIGUOUS","","/stocks/DOW/pe-ratio","4","0","0","56.75","AMBIGUOUS","AMBIGUOUS","0","4","4","0","0","/stocks/DOW/pe-ratio","4","no","/stocks/DOW/pe-ratio=4"
"google","WFC","wells fargo stock dividend","DIVIDEND","DIVIDEND","/stocks/WFC/dividend-history","/stocks/WFC/dividend-history","4","0","0","40.75","CORRECT","CORRECT","4","0","4","1","0","/stocks/WFC/dividend-history","4","yes","/stocks/WFC/dividend-history=4"
"google","WFC","wfc dividend history","DIVIDEND","DIVIDEND","/stocks/WFC/dividend-history","/stocks/WFC/dividend-history","4","0","0","66.75","CORRECT","CORRECT","4","0","4","1","0","/stocks/WFC/dividend-history","4","yes","/stocks/WFC/dividend-history=4"
"google","CELH","celsius p/e ratio","AMBIGUOUS_QUERY","AMBIGUOUS","","/stocks/CELH/pe-ratio","3","0","0","23.333333333333332","AMBIGUOUS","AMBIGUOUS","0","3","3","0","0","/stocks/CELH/pe-ratio","3","no","/stocks/CELH/pe-ratio=3"
"google","KO","coca cola pe ratio","AMBIGUOUS_QUERY","AMBIGUOUS","","/stocks/KO/pe-ratio","3","0","0","21","AMBIGUOUS","AMBIGUOUS","0","3","3","0","0","/stocks/KO/pe-ratio","3","no","/stocks/KO/pe-ratio=3"
"google","DELL","dell shares outstanding 2026","SHARES","SHARES","/stocks/DELL/shares-outstanding","/stocks/DELL/shares-outstanding","3","0","0","10","CORRECT","CORRECT","3","0","3","1","0","/stocks/DELL/shares-outstanding","3","yes","/stocks/DELL/shares-outstanding=3"
"google","GM","gm profits by year","AMBIGUOUS_QUERY","AMBIGUOUS","","/stocks/GM/gross-profit","3","0","0","61","AMBIGUOUS","AMBIGUOUS","0","3","3","0","0","/stocks/GM/gross-profit","3","no","/stocks/GM/gross-profit=3"
"google","GOOGL","google p/e ratio","AMBIGUOUS_QUERY","AMBIGUOUS","","/stocks/GOOGL/pe-ratio","3","0","0","39.666666666666664","AMBIGUOUS","AMBIGUOUS","0","3","3","0","0","/stocks/GOOGL/pe-ratio","3","no","/stocks/GOOGL/pe-ratio=3"
"google","JAZZ","jazz pharmaceuticals total debt cash fy2025","DEBT","DEBT","/stocks/JAZZ/total-debt","/stocks/JAZZ/total-debt","3","0","0","13.333333333333334","CORRECT","CORRECT","3","0","3","1","0","/stocks/JAZZ/total-debt","3","yes","/stocks/JAZZ/total-debt=3"
"google","NTNX","nutanix revenue","REVENUE","REVENUE","/stocks/NTNX/revenue","/stocks/NTNX/revenue","3","0","0","44.666666666666664","CORRECT","CORRECT","3","0","3","1","0","/stocks/NTNX/revenue","3","yes","/stocks/NTNX/revenue=3"
"google","RH","rh aero systems revenue","REVENUE","REVENUE","/stocks/RH/revenue","/stocks/RH/revenue","3","0","0","71.33333333333333","CORRECT","CORRECT","3","0","3","1","0","/stocks/RH/revenue","3","yes","/stocks/RH/revenue=3"
"google","WM","waste management debt","AMBIGUOUS_QUERY","AMBIGUOUS","","/stocks/WM/total-debt","3","0","0","34.666666666666664","AMBIGUOUS","AMBIGUOUS","0","3","3","0","0","/stocks/WM/total-debt","3","no","/stocks/WM/total-debt=3"
"google","WFC","wells fargo dividend history","DIVIDEND","DIVIDEND","/stocks/WFC/dividend-history","/stocks/WFC/dividend-history","3","0","0","61.666666666666664","CORRECT","CORRECT","3","0","3","1","0","/stocks/WFC/dividend-history","3","yes","/stocks/WFC/dividend-history=3"
"google","WFC","wfc dividend","DIVIDEND","DIVIDEND","/stocks/WFC/dividend-history","/stocks/WFC/dividend-history","3","0","0","81.33333333333333","CORRECT","CORRECT","3","0","3","1","0","/stocks/WFC/dividend-history","3","yes","/stocks/WFC/dividend-history=3"
"google","WAB","""earnings per share - wab"" ""shares outstanding - wab"" financial statements","AMBIGUOUS_QUERY","AMBIGUOUS","","/stocks/WAB/dividend-history","2","0","0","1","AMBIGUOUS","AMBIGUOUS","0","2","2","0","0","/stocks/WAB/dividend-history","2","no","/stocks/WAB/dividend-history=2"
"google","VSTS","$vsts vestis corporation $vsts earnings revenue financials","REVENUE","REVENUE","/stocks/VSTS/revenue","/stocks/VSTS/revenue","2","0","0","50","CORRECT","CORRECT","2","0","2","1","0","/stocks/VSTS/revenue","2","yes","/stocks/VSTS/revenue=2"
"google","ACMR","acmr earnings","AMBIGUOUS_QUERY","AMBIGUOUS","","/stocks/ACMR/eps","2","0","0","69.5","AMBIGUOUS","AMBIGUOUS","0","2","2","0","0","/stocks/ACMR/eps","2","no","/stocks/ACMR/eps=2"
"google","AMZN","amazon stock pe ratio","AMBIGUOUS_QUERY","AMBIGUOUS","","/stocks/AMZN/pe-ratio","2","0","0","37","AMBIGUOUS","AMBIGUOUS","0","2","2","0","0","/stocks/AMZN/pe-ratio","2","no","/stocks/AMZN/pe-ratio=2"
"google","CART","cart share price","AMBIGUOUS_QUERY","AMBIGUOUS","","/stocks/CART/shares-outstanding","2","0","0","66","AMBIGUOUS","AMBIGUOUS","0","2","2","0","0","/stocks/CART/shares-outstanding","2","no","/stocks/CART/shares-outstanding=2"
"google","CI","cigna health europe turnover","AMBIGUOUS_QUERY","AMBIGUOUS","","/stocks/CI/revenue","2","0","0","71","AMBIGUOUS","AMBIGUOUS","0","2","2","0","0","/stocks/CI/revenue","2","no","/stocks/CI/revenue=2"
"google","KO","coca cola yearly profit","AMBIGUOUS_QUERY","AMBIGUOUS","","/stocks/KO/revenue","2","0","0","43.5","AMBIGUOUS","AMBIGUOUS","0","2","2","0","0","/stocks/KO/revenue","2","no","/stocks/KO/revenue=2"
"google","CNXC","concentrix revenue","REVENUE","REVENUE","/stocks/CNXC/revenue","/stocks/CNXC/revenue","2","0","0","70.5","CORRECT","CORRECT","2","0","2","1","0","/stocks/CNXC/revenue","2","yes","/stocks/CNXC/revenue=2"
"google","DIS","disney revenue","REVENUE","REVENUE","/stocks/DIS/revenue","/stocks/DIS/revenue","2","0","0","62","CORRECT","CORRECT","2","0","2","1","0","/stocks/DIS/revenue","2","yes","/stocks/DIS/revenue=2"
"google","FTV","fortive revenue 2023","REVENUE","REVENUE","/stocks/FTV/revenue","/stocks/FTV/revenue","2","0","0","68","CORRECT","CORRECT","2","0","2","1","0","/stocks/FTV/revenue","2","yes","/stocks/FTV/revenue=2"
"google","GEHC","ge healthcare revenue","REVENUE","REVENUE","/stocks/GEHC/revenue","/stocks/GEHC/revenue","2","0","0","55","CORRECT","CORRECT","2","0","2","1","0","/stocks/GEHC/revenue","2","yes","/stocks/GEHC/revenue=2"
"google","GOOGL","googl shares outstanding 2025","SHARES","SHARES","/stocks/GOOGL/shares-outstanding","/stocks/GOOGL/shares-outstanding","2","0","0","9","CORRECT","CORRECT","2","0","2","1","0","/stocks/GOOGL/shares-outstanding","2","yes","/stocks/GOOGL/shares-outstanding=2"
"google","GOOGL","google forward pe","AMBIGUOUS_QUERY","AMBIGUOUS","","/stocks/GOOGL/pe-ratio","2","0","0","48.5","AMBIGUOUS","AMBIGUOUS","0","2","2","0","0","/stocks/GOOGL/pe-ratio","2","no","/stocks/GOOGL/pe-ratio=2"
"google","GOOGL","google historical pe ratio","AMBIGUOUS_QUERY","AMBIGUOUS","","/stocks/GOOGL/pe-ratio","2","0","0","30.5","AMBIGUOUS","AMBIGUOUS","0","2","2","0","0","/stocks/GOOGL/pe-ratio","2","no","/stocks/GOOGL/pe-ratio=2"
"google","GOOGL","google net income","NET_INCOME","NET_INCOME","/stocks/GOOGL/net-income","/stocks/GOOGL/net-income","2","0","0","53.5","CORRECT","CORRECT","2","0","2","1","0","/stocks/GOOGL/net-income","2","yes","/stocks/GOOGL/net-income=2"
"google","GOOGL","google price per earnings ratio","AMBIGUOUS_QUERY","AMBIGUOUS","","/stocks/GOOGL/pe-ratio","2","0","0","40.5","AMBIGUOUS","AMBIGUOUS","0","2","2","0","0","/stocks/GOOGL/pe-ratio","2","no","/stocks/GOOGL/pe-ratio=2"
"google","GOOGL","google price to earnings ratio","AMBIGUOUS_QUERY","AMBIGUOUS","","/stocks/GOOGL/pe-ratio","2","0","0","37.5","AMBIGUOUS","AMBIGUOUS","0","2","2","0","0","/stocks/GOOGL/pe-ratio","2","no","/stocks/GOOGL/pe-ratio=2"
"google","GOOGL","google shares outstanding","SHARES","SHARES","/stocks/GOOGL/shares-outstanding","/stocks/GOOGL/shares-outstanding","2","0","0","46.5","CORRECT","CORRECT","2","0","2","1","0","/stocks/GOOGL/shares-outstanding","2","yes","/stocks/GOOGL/shares-outstanding=2"
"google","GOOGL","google stock pe ratio","AMBIGUOUS_QUERY","AMBIGUOUS","","/stocks/GOOGL/pe-ratio","2","0","0","40.5","AMBIGUOUS","AMBIGUOUS","0","2","2","0","0","/stocks/GOOGL/pe-ratio","2","no","/stocks/GOOGL/pe-ratio=2"
"google","HBAN","hban ex dividend date","DIVIDEND","DIVIDEND","/stocks/HBAN/dividend-history","/stocks/HBAN/dividend-history","2","0","0","62.5","CORRECT","CORRECT","2","0","2","1","0","/stocks/HBAN/dividend-history","2","yes","/stocks/HBAN/dividend-history=2"
"google","HSIC","henry schein revenue","REVENUE","REVENUE","/stocks/HSIC/revenue","/stocks/HSIC/revenue","2","0","0","46","CORRECT","CORRECT","2","0","2","1","0","/stocks/HSIC/revenue","2","yes","/stocks/HSIC/revenue=2"
"google","IBM","ibm profitability","AMBIGUOUS_QUERY","AMBIGUOUS","","/stocks/IBM/gross-profit","2","0","0","85","AMBIGUOUS","AMBIGUOUS","0","2","2","0","0","/stocks/IBM/gross-profit","2","no","/stocks/IBM/gross-profit=2"
"google","KKR","kkr stock dividend","DIVIDEND","DIVIDEND","/stocks/KKR/dividend-history","/stocks/KKR/dividend-history","2","0","0","49","CORRECT","CORRECT","2","0","2","1","0","/stocks/KKR/dividend-history","2","yes","/stocks/KKR/dividend-history=2"
"google","MAR","marriott dividend history","DIVIDEND","DIVIDEND","/stocks/MAR/dividend-history","/stocks/MAR/dividend-history","2","0","0","42","CORRECT","CORRECT","2","0","2","1","0","/stocks/MAR/dividend-history","2","yes","/stocks/MAR/dividend-history=2"
"google","MPT","medical properties trust inc","AMBIGUOUS_QUERY","AMBIGUOUS","","/stocks/MPT/ebitda","2","0","0","90","AMBIGUOUS","AMBIGUOUS","0","2","2","0","0","/stocks/MPT/ebitda","2","no","/stocks/MPT/ebitda=2"
"google","NFLX","netflix yearly revenue","REVENUE","REVENUE","/stocks/NFLX/revenue","/stocks/NFLX/revenue","2","0","0","63.5","CORRECT","CORRECT","2","0","2","1","0","/stocks/NFLX/revenue","2","yes","/stocks/NFLX/revenue=2"
"google","GOOGL","p/e ratio google","AMBIGUOUS_QUERY","AMBIGUOUS","","/stocks/GOOGL/pe-ratio","2","0","0","40","AMBIGUOUS","AMBIGUOUS","0","2","2","0","0","/stocks/GOOGL/pe-ratio","2","no","/stocks/GOOGL/pe-ratio=2"
"google","GOOGL","price to earnings ratio google","AMBIGUOUS_QUERY","AMBIGUOUS","","/stocks/GOOGL/pe-ratio","2","0","0","44.5","AMBIGUOUS","AMBIGUOUS","0","2","2","0","0","/stocks/GOOGL/pe-ratio","2","no","/stocks/GOOGL/pe-ratio=2"
"google","SDGR","schrodinger revenue","REVENUE","REVENUE","/stocks/SDGR/revenue","/stocks/SDGR/revenue","2","0","0","45.5","CORRECT","CORRECT","2","0","2","1","0","/stocks/SDGR/revenue","2","yes","/stocks/SDGR/revenue=2"
"google","AGX|ARCB|ASTH|BILL|BKU|CXM|DBX|DELL|DLR|EVTC|GEHC|GPC|HTH|IBM|KN|KO|LKFN|MAS|MMM|MTH|SCHW|SLGN|SRPT|TRIP|UFPT","site:stockportfolio.pro","AMBIGUOUS_QUERY","AMBIGUOUS","","/stocks/AGX/shares-outstanding","2","0","0","10","AMBIGUOUS","AMBIGUOUS","0","2","2","0","0","/stocks/AGX/shares-outstanding","2","no","/stocks/AGX/shares-outstanding=2"
"google","STWD","starwood property trust dividend","DIVIDEND","DIVIDEND","/stocks/STWD/dividend-history","/stocks/STWD/dividend-history","2","0","0","51","CORRECT","CORRECT","2","0","2","1","0","/stocks/STWD/dividend-history","2","yes","/stocks/STWD/dividend-history=2"
"google","WM","waste management dividend","DIVIDEND","DIVIDEND","/stocks/WM/dividend-history","/stocks/WM/dividend-history","2","0","0","59.5","CORRECT","CORRECT","2","0","2","1","0","/stocks/WM/dividend-history","2","yes","/stocks/WM/dividend-history=2"
"google","WFC","wells fargo ex dividend","DIVIDEND","DIVIDEND","/stocks/WFC/dividend-history","/stocks/WFC/dividend-history","2","0","0","68","CORRECT","CORRECT","2","0","2","1","0","/stocks/WFC/dividend-history","2","yes","/stocks/WFC/dividend-history=2"
"google","WFC","wfc dividend date","DIVIDEND","DIVIDEND","/stocks/WFC/dividend-history","/stocks/WFC/dividend-history","2","0","0","85.5","CORRECT","CORRECT","2","0","2","1","0","/stocks/WFC/dividend-history","2","yes","/stocks/WFC/dividend-history=2"
"google","WM","wm dividend history","DIVIDEND","DIVIDEND","/stocks/WM/dividend-history","/stocks/WM/dividend-history","2","0","0","37","CORRECT","CORRECT","2","0","2","1","0","/stocks/WM/dividend-history","2","yes","/stocks/WM/dividend-history=2"
"google","WM","wm stock dividend","DIVIDEND","DIVIDEND","/stocks/WM/dividend-history","/stocks/WM/dividend-history","2","0","0","66","CORRECT","CORRECT","2","0","2","1","0","/stocks/WM/dividend-history","2","yes","/stocks/WM/dividend-history=2"
"google","XPO","xpo net","AMBIGUOUS_QUERY","AMBIGUOUS","","/stocks/XPO/net-income","2","0","0","29.5","AMBIGUOUS","AMBIGUOUS","0","2","2","0","0","/stocks/XPO/net-income","2","no","/stocks/XPO/net-income=2"
"google","ACI","aci ir","AMBIGUOUS_QUERY","AMBIGUOUS","","/stocks/ACI/eps","1","0","0","84","AMBIGUOUS","AMBIGUOUS","0","1","1","0","0","/stocks/ACI/eps","1","no","/stocks/ACI/eps=1"
"google","ADT","adt net worth","AMBIGUOUS_QUERY","AMBIGUOUS","","/stocks/ADT/net-income","1","0","0","19","AMBIGUOUS","AMBIGUOUS","0","1","1","0","0","/stocks/ADT/net-income","1","no","/stocks/ADT/net-income=1"
"google","AFG","afg us","AMBIGUOUS_QUERY","AMBIGUOUS","","/stocks/AFG/revenue","1","0","0","100","AMBIGUOUS","AMBIGUOUS","0","1","1","0","0","/stocks/AFG/revenue","1","no","/stocks/AFG/revenue=1"
"google","AFG","afg usa","AMBIGUOUS_QUERY","AMBIGUOUS","","/stocks/AFG/revenue","1","0","0","61","AMBIGUOUS","AMBIGUOUS","0","1","1","0","0","/stocks/AFG/revenue","1","no","/stocks/AFG/revenue=1"
"google","GOOGL","alphabet forward pe","AMBIGUOUS_QUERY","AMBIGUOUS","","/stocks/GOOGL/pe-ratio","1","0","0","40","AMBIGUOUS","AMBIGUOUS","0","1","1","0","0","/stocks/GOOGL/pe-ratio","1","no","/stocks/GOOGL/pe-ratio=1"
"google","GOOGL","alphabet googl shares outstanding 2025","SHARES","SHARES","/stocks/GOOGL/shares-outstanding","/stocks/GOOGL/shares-outstanding","1","0","0","7","CORRECT","CORRECT","1","0","1","1","0","/stocks/GOOGL/shares-outstanding","1","yes","/stocks/GOOGL/shares-outstanding=1"
"google","GOOG|GOOGL","alphabet net income 2024","NET_INCOME","NET_INCOME","","/stocks/GOOG/net-income","1","0","0","71","UNKNOWN","UNKNOWN","0","1","1","0","0","/stocks/GOOG/net-income","1","no","/stocks/GOOG/net-income=1"
"google","GOOGL","alphabet shares outstanding","SHARES","SHARES","/stocks/GOOGL/shares-outstanding","/stocks/GOOGL/shares-outstanding","1","0","0","26","CORRECT","CORRECT","1","0","1","1","0","/stocks/GOOGL/shares-outstanding","1","yes","/stocks/GOOGL/shares-outstanding=1"
"google","GOOGL","alphabet stock pe ratio","AMBIGUOUS_QUERY","AMBIGUOUS","","/stocks/GOOGL/pe-ratio","1","0","0","32","AMBIGUOUS","AMBIGUOUS","0","1","1","0","0","/stocks/GOOGL/pe-ratio","1","no","/stocks/GOOGL/pe-ratio=1"
"google","AMZN","amazon p/e ratio","AMBIGUOUS_QUERY","AMBIGUOUS","","/stocks/AMZN/pe-ratio","1","0","0","45","AMBIGUOUS","AMBIGUOUS","0","1","1","0","0","/stocks/AMZN/pe-ratio","1","no","/stocks/AMZN/pe-ratio=1"
"google","AMZN","amazon price earnings ratio","AMBIGUOUS_QUERY","AMBIGUOUS","","/stocks/AMZN/pe-ratio","1","0","0","37","AMBIGUOUS","AMBIGUOUS","0","1","1","0","0","/stocks/AMZN/pe-ratio","1","no","/stocks/AMZN/pe-ratio=1"
"google","AMR","amrfree","AMBIGUOUS_QUERY","AMBIGUOUS","","/stocks/AMR/free-cash-flow","1","0","0","10","AMBIGUOUS","AMBIGUOUS","0","1","1","0","0","/stocks/AMR/free-cash-flow","1","no","/stocks/AMR/free-cash-flow=1"
"google","AMZN","amzn pe ratio","AMBIGUOUS_QUERY","AMBIGUOUS","","/stocks/AMZN/pe-ratio","1","0","0","43","AMBIGUOUS","AMBIGUOUS","0","1","1","0","0","/stocks/AMZN/pe-ratio","1","no","/stocks/AMZN/pe-ratio=1"
"google","AMZN","amzn stock forward pe","AMBIGUOUS_QUERY","AMBIGUOUS","","/stocks/AMZN/pe-ratio","1","0","0","50","AMBIGUOUS","AMBIGUOUS","0","1","1","0","0","/stocks/AMZN/pe-ratio","1","no","/stocks/AMZN/pe-ratio=1"
"google","AMZN","amzn stock pe","AMBIGUOUS_QUERY","AMBIGUOUS","","/stocks/AMZN/pe-ratio","1","0","0","47","AMBIGUOUS","AMBIGUOUS","0","1","1","0","0","/stocks/AMZN/pe-ratio","1","no","/stocks/AMZN/pe-ratio=1"
"google","KO","annual revenue coca cola","REVENUE","REVENUE","/stocks/KO/revenue","/stocks/KO/revenue","1","0","0","50","CORRECT","CORRECT","1","0","1","1","0","/stocks/KO/revenue","1","yes","/stocks/KO/revenue=1"
"google","AAPL","apple shares outstanding 2011","SHARES","SHARES","/stocks/AAPL/shares-outstanding","/stocks/AAPL/shares-outstanding","1","0","0","66","CORRECT","CORRECT","1","0","1","1","0","/stocks/AAPL/shares-outstanding","1","yes","/stocks/AAPL/shares-outstanding=1"
"google","ARR","arr dividend","DIVIDEND","DIVIDEND","/stocks/ARR/dividend-history","/stocks/ARR/dividend-history","1","0","0","41","CORRECT","CORRECT","1","0","1","1","0","/stocks/ARR/dividend-history","1","yes","/stocks/ARR/dividend-history=1"
"google","ARR","arr dividend yield","AMBIGUOUS_QUERY","AMBIGUOUS","","/stocks/ARR/dividend-history","1","0","0","65","AMBIGUOUS","AMBIGUOUS","0","1","1","0","0","/stocks/ARR/dividend-history","1","no","/stocks/ARR/dividend-history=1"
"google","BA","boeing earnings per share","EPS","EPS","/stocks/BA/eps","/stocks/BA/eps","1","0","0","27","CORRECT","CORRECT","1","0","1","1","0","/stocks/BA/eps","1","yes","/stocks/BA/eps=1"
"google","CVNA","carvana shares outstanding 2025","SHARES","SHARES","/stocks/CVNA/shares-outstanding","/stocks/CVNA/shares-outstanding","1","0","0","67","CORRECT","CORRECT","1","0","1","1","0","/stocks/CVNA/shares-outstanding","1","yes","/stocks/CVNA/shares-outstanding=1"
"google","CELH","celh p/e ratio","AMBIGUOUS_QUERY","AMBIGUOUS","","/stocks/CELH/pe-ratio","1","0","0","31","AMBIGUOUS","AMBIGUOUS","0","1","1","0","0","/stocks/CELH/pe-ratio","1","no","/stocks/CELH/pe-ratio=1"
"google","CELH","celh pe ratio","AMBIGUOUS_QUERY","AMBIGUOUS","","/stocks/CELH/eps","1","0","0","83","AMBIGUOUS","AMBIGUOUS","0","1","1","0","0","/stocks/CELH/eps","1","no","/stocks/CELH/eps=1"
"google","CAKE","cheesecake factory annual revenue","REVENUE","REVENUE","/stocks/CAKE/revenue","/stocks/CAKE/revenue","1","0","0","45","CORRECT","CORRECT","1","0","1","1","0","/stocks/CAKE/revenue","1","yes","/stocks/CAKE/revenue=1"
"google","CWEN","clearway energy stock dividend","DIVIDEND","DIVIDEND","/stocks/CWEN/dividend-history","/stocks/CWEN/dividend-history","1","0","0","53","CORRECT","CORRECT","1","0","1","1","0","/stocks/CWEN/dividend-history","1","yes","/stocks/CWEN/dividend-history=1"
"google","KO","coca cola pe ratio history","AMBIGUOUS_QUERY","AMBIGUOUS","","/stocks/KO/pe-ratio","1","0","0","63","AMBIGUOUS","AMBIGUOUS","0","1","1","0","0","/stocks/KO/pe-ratio","1","no","/stocks/KO/pe-ratio=1"
"google","KO","coca cola price earnings ratio","AMBIGUOUS_QUERY","AMBIGUOUS","","/stocks/KO/pe-ratio","1","0","0","71","AMBIGUOUS","AMBIGUOUS","0","1","1","0","0","/stocks/KO/pe-ratio","1","no","/stocks/KO/pe-ratio=1"
"google","KO","coca cola stock pe ratio","AMBIGUOUS_QUERY","AMBIGUOUS","","/stocks/KO/pe-ratio","1","0","0","29","AMBIGUOUS","AMBIGUOUS","0","1","1","0","0","/stocks/KO/pe-ratio","1","no","/stocks/KO/pe-ratio=1"
"google","KO","coca-cola revenue","REVENUE","REVENUE","/stocks/KO/revenue","/stocks/KO/revenue","1","0","0","62","CORRECT","CORRECT","1","0","1","1","0","/stocks/KO/revenue","1","yes","/stocks/KO/revenue=1"
"google","CTSH","cognizant net worth","AMBIGUOUS_QUERY","AMBIGUOUS","","/stocks/CTSH/net-income","1","0","0","31","AMBIGUOUS","AMBIGUOUS","0","1","1","0","0","/stocks/CTSH/net-income","1","no","/stocks/CTSH/net-income=1"
"google","CMCSA","comcast annual revenue","REVENUE","REVENUE","/stocks/CMCSA/revenue","/stocks/CMCSA/revenue","1","0","0","53","CORRECT","CORRECT","1","0","1","1","0","/stocks/CMCSA/revenue","1","yes","/stocks/CMCSA/revenue=1"
"google","CMCSA","comcast revenue 2024","REVENUE","REVENUE","/stocks/CMCSA/revenue","/stocks/CMCSA/revenue","1","0","0","58","CORRECT","CORRECT","1","0","1","1","0","/stocks/CMCSA/revenue","1","yes","/stocks/CMCSA/revenue=1"
"google","CMCSA","comcast yearly revenue","REVENUE","REVENUE","/stocks/CMCSA/revenue","/stocks/CMCSA/revenue","1","0","0","51","CORRECT","CORRECT","1","0","1","1","0","/stocks/CMCSA/revenue","1","yes","/stocks/CMCSA/revenue=1"
"google","DELL","dell shares outstanding","SHARES","SHARES","/stocks/DELL/shares-outstanding","/stocks/DELL/shares-outstanding","1","0","0","14","CORRECT","CORRECT","1","0","1","1","0","/stocks/DELL/shares-outstanding","1","yes","/stocks/DELL/shares-outstanding=1"
"google","DINO","dino pe","AMBIGUOUS_QUERY","AMBIGUOUS","","/stocks/DINO/pe-ratio","1","0","0","11","AMBIGUOUS","AMBIGUOUS","0","1","1","0","0","/stocks/DINO/pe-ratio","1","no","/stocks/DINO/pe-ratio=1"
"google","DIS","disney revenue breakdown","REVENUE","REVENUE","/stocks/DIS/revenue","/stocks/DIS/revenue","1","0","0","56","CORRECT","CORRECT","1","0","1","1","0","/stocks/DIS/revenue","1","yes","/stocks/DIS/revenue=1"
"google","DOW","djia p/e ratio","AMBIGUOUS_QUERY","AMBIGUOUS","","/stocks/DOW/pe-ratio","1","0","0","43","AMBIGUOUS","AMBIGUOUS","0","1","1","0","0","/stocks/DOW/pe-ratio","1","no","/stocks/DOW/pe-ratio=1"
"google","DOW","djia pe ratio chart","AMBIGUOUS_QUERY","AMBIGUOUS","","/stocks/DOW/pe-ratio","1","0","0","52","AMBIGUOUS","AMBIGUOUS","0","1","1","0","0","/stocks/DOW/pe-ratio","1","no","/stocks/DOW/pe-ratio=1"
"google","DOC","doc dividend history","DIVIDEND","DIVIDEND","/stocks/DOC/dividend-history","/stocks/DOC/dividend-history","1","0","0","34","CORRECT","CORRECT","1","0","1","1","0","/stocks/DOC/dividend-history","1","yes","/stocks/DOC/dividend-history=1"
"google","CRWD","does crowdstrike offer dividend payments?","DIVIDEND","DIVIDEND","/stocks/CRWD/dividend-history","/stocks/CRWD/dividend-history","1","0","0","46","CORRECT","CORRECT","1","0","1","1","0","/stocks/CRWD/dividend-history","1","yes","/stocks/CRWD/dividend-history=1"
"google","CRWD","does crwd pay dividends","AMBIGUOUS_QUERY","AMBIGUOUS","","/stocks/CRWD/dividend-history","1","0","0","30","AMBIGUOUS","AMBIGUOUS","0","1","1","0","0","/stocks/CRWD/dividend-history","1","no","/stocks/CRWD/dividend-history=1"
"google","DOW","dow average pe","AMBIGUOUS_QUERY","AMBIGUOUS","","/stocks/DOW/pe-ratio","1","0","0","72","AMBIGUOUS","AMBIGUOUS","0","1","1","0","0","/stocks/DOW/pe-ratio","1","no","/stocks/DOW/pe-ratio=1"
"google","DOW","dow jones average price earnings ratio","AMBIGUOUS_QUERY","AMBIGUOUS","","/stocks/DOW/pe-ratio","1","0","0","71","AMBIGUOUS","AMBIGUOUS","0","1","1","0","0","/stocks/DOW/pe-ratio","1","no","/stocks/DOW/pe-ratio=1"
"google","DOW","dow jones industrial average pe ratio","AMBIGUOUS_QUERY","AMBIGUOUS","","/stocks/DOW/pe-ratio","1","0","0","60","AMBIGUOUS","AMBIGUOUS","0","1","1","0","0","/stocks/DOW/pe-ratio","1","no","/stocks/DOW/pe-ratio=1"
"google","DOW","dow jones p e","AMBIGUOUS_QUERY","AMBIGUOUS","","/stocks/DOW/pe-ratio","1","0","0","78","AMBIGUOUS","AMBIGUOUS","0","1","1","0","0","/stocks/DOW/pe-ratio","1","no","/stocks/DOW/pe-ratio=1"
"google","DOW","dow jones p e ratio","AMBIGUOUS_QUERY","AMBIGUOUS","","/stocks/DOW/pe-ratio","1","0","0","79","AMBIGUOUS","AMBIGUOUS","0","1","1","0","0","/stocks/DOW/pe-ratio","1","no","/stocks/DOW/pe-ratio=1"
"google","DOW","dow jones pe","AMBIGUOUS_QUERY","AMBIGUOUS","","/stocks/DOW/pe-ratio","1","0","0","76","AMBIGUOUS","AMBIGUOUS","0","1","1","0","0","/stocks/DOW/pe-ratio","1","no","/stocks/DOW/pe-ratio=1"
"google","DOW","dow jones pe ratio historical chart","AMBIGUOUS_QUERY","AMBIGUOUS","","/stocks/DOW/pe-ratio","1","0","0","59","AMBIGUOUS","AMBIGUOUS","0","1","1","0","0","/stocks/DOW/pe-ratio","1","no","/stocks/DOW/pe-ratio=1"
"google","DOW","dow price earnings ratio","AMBIGUOUS_QUERY","AMBIGUOUS","","/stocks/DOW/pe-ratio","1","0","0","37","AMBIGUOUS","AMBIGUOUS","0","1","1","0","0","/stocks/DOW/pe-ratio","1","no","/stocks/DOW/pe-ratio=1"
"google","FULT","e fult com","AMBIGUOUS_QUERY","AMBIGUOUS","","/stocks/FULT/pe-ratio","1","0","0","41","AMBIGUOUS","AMBIGUOUS","0","1","1","0","0","/stocks/FULT/pe-ratio","1","no","/stocks/FULT/pe-ratio=1"
"google","EIX","eix stock dividend history","DIVIDEND","DIVIDEND","/stocks/EIX/dividend-history","/stocks/EIX/dividend-history","1","0","0","28","CORRECT","CORRECT","1","0","1","1","0","/stocks/EIX/dividend-history","1","yes","/stocks/EIX/dividend-history=1"
"google","ENTG","entegris revenue","REVENUE","REVENUE","/stocks/ENTG/revenue","/stocks/ENTG/revenue","1","0","0","70","CORRECT","CORRECT","1","0","1","1","0","/stocks/ENTG/revenue","1","yes","/stocks/ENTG/revenue=1"
"google","IP","eps history","EPS","EPS","/stocks/IP/eps","/stocks/IP/eps","1","0","0","68","CORRECT","CORRECT","1","0","1","1","0","/stocks/IP/eps","1","yes","/stocks/IP/eps=1"
"google","ESNT","esnt","AMBIGUOUS_QUERY","AMBIGUOUS","","/stocks/ESNT/revenue","1","0","0","23","AMBIGUOUS","AMBIGUOUS","0","1","1","0","0","/stocks/ESNT/revenue","1","no","/stocks/ESNT/revenue=1"
"google","ETD","etd stock dividend","DIVIDEND","DIVIDEND","/stocks/ETD/dividend-history","/stocks/ETD/dividend-history","1","0","0","40","CORRECT","CORRECT","1","0","1","1","0","/stocks/ETD/dividend-history","1","yes","/stocks/ETD/dividend-history=1"
"google","ETSY","etsy earnings","AMBIGUOUS_QUERY","AMBIGUOUS","","/stocks/ETSY/eps","1","0","0","93","AMBIGUOUS","AMBIGUOUS","0","1","1","0","0","/stocks/ETSY/eps","1","no","/stocks/ETSY/eps=1"
"google","F","ford p e ratio","AMBIGUOUS_QUERY","AMBIGUOUS","","/stocks/F/pe-ratio","1","0","0","37","AMBIGUOUS","AMBIGUOUS","0","1","1","0","0","/stocks/F/pe-ratio","1","no","/stocks/F/pe-ratio=1"
"google","FTV","fortive 2023 annual report revenue","REVENUE","REVENUE","/stocks/FTV/revenue","/stocks/FTV/revenue","1","0","0","67","CORRECT","CORRECT","1","0","1","1","0","/stocks/FTV/revenue","1","yes","/stocks/FTV/revenue=1"
"google","FTV","fortive 2023 annual revenue","REVENUE","REVENUE","/stocks/FTV/revenue","/stocks/FTV/revenue","1","0","0","70","CORRECT","CORRECT","1","0","1","1","0","/stocks/FTV/revenue","1","yes","/stocks/FTV/revenue=1"
"google","FTV","fortive 2023 revenue","REVENUE","REVENUE","/stocks/FTV/revenue","/stocks/FTV/revenue","1","0","0","73","CORRECT","CORRECT","1","0","1","1","0","/stocks/FTV/revenue","1","yes","/stocks/FTV/revenue=1"
"google","FTV","fortive full year 2023 revenue","REVENUE","REVENUE","/stocks/FTV/revenue","/stocks/FTV/revenue","1","0","0","67","CORRECT","CORRECT","1","0","1","1","0","/stocks/FTV/revenue","1","yes","/stocks/FTV/revenue=1"
"google","GEHC","ge healthcare annual report","AMBIGUOUS_QUERY","AMBIGUOUS","","/stocks/GEHC/revenue","1","0","0","55","AMBIGUOUS","AMBIGUOUS","0","1","1","0","0","/stocks/GEHC/revenue","1","no","/stocks/GEHC/revenue=1"
"google","GEHC","ge healthcare annual revenue","REVENUE","REVENUE","/stocks/GEHC/revenue","/stocks/GEHC/revenue","1","0","0","47","CORRECT","CORRECT","1","0","1","1","0","/stocks/GEHC/revenue","1","yes","/stocks/GEHC/revenue=1"
"google","GM","general motors profit","AMBIGUOUS_QUERY","AMBIGUOUS","","/stocks/GM/gross-profit","1","0","0","99","AMBIGUOUS","AMBIGUOUS","0","1","1","0","0","/stocks/GM/gross-profit","1","no","/stocks/GM/gross-profit=1"
"google","GM","gm profit","AMBIGUOUS_QUERY","AMBIGUOUS","","/stocks/GM/gross-profit","1","0","0","88","AMBIGUOUS","AMBIGUOUS","0","1","1","0","0","/stocks/GM/gross-profit","1","no","/stocks/GM/gross-profit=1"
"google","GME","gme debt","AMBIGUOUS_QUERY","AMBIGUOUS","","/stocks/GME/total-debt","1","0","0","46","AMBIGUOUS","AMBIGUOUS","0","1","1","0","0","/stocks/GME/total-debt","1","no","/stocks/GME/total-debt=1"
"google","GOOG","goog financials","AMBIGUOUS_QUERY","AMBIGUOUS","","/stocks/GOOG/net-income","1","0","0","76","AMBIGUOUS","AMBIGUOUS","0","1","1","0","0","/stocks/GOOG/net-income","1","no","/stocks/GOOG/net-income=1"
"google","GOOGL","goog forward pe","AMBIGUOUS_QUERY","AMBIGUOUS","","/stocks/GOOGL/pe-ratio","1","0","0","45","AMBIGUOUS","AMBIGUOUS","0","1","1","0","0","/stocks/GOOGL/pe-ratio","1","no","/stocks/GOOGL/pe-ratio=1"
"google","GOOGL","goog forward pe ratio","AMBIGUOUS_QUERY","AMBIGUOUS","","/stocks/GOOGL/pe-ratio","1","0","0","48","AMBIGUOUS","AMBIGUOUS","0","1","1","0","0","/stocks/GOOGL/pe-ratio","1","no","/stocks/GOOGL/pe-ratio=1"
"google","GOOGL","goog pe ratio history","AMBIGUOUS_QUERY","AMBIGUOUS","","/stocks/GOOGL/pe-ratio","1","0","0","33","AMBIGUOUS","AMBIGUOUS","0","1","1","0","0","/stocks/GOOGL/pe-ratio","1","no","/stocks/GOOGL/pe-ratio=1"
"google","GOOGL","goog peg ratio","AMBIGUOUS_QUERY","AMBIGUOUS","","/stocks/GOOGL/pe-ratio","1","0","0","40","AMBIGUOUS","AMBIGUOUS","0","1","1","0","0","/stocks/GOOGL/pe-ratio","1","no","/stocks/GOOGL/pe-ratio=1"
"google","GOOGL","goog shares outstanding","SHARES","SHARES","/stocks/GOOGL/shares-outstanding","/stocks/GOOGL/shares-outstanding","1","0","0","13","CORRECT","CORRECT","1","0","1","1","0","/stocks/GOOGL/shares-outstanding","1","yes","/stocks/GOOGL/shares-outstanding=1"
"google","GOOGL","googl forward pe","AMBIGUOUS_QUERY","AMBIGUOUS","","/stocks/GOOGL/pe-ratio","1","0","0","41","AMBIGUOUS","AMBIGUOUS","0","1","1","0","0","/stocks/GOOGL/pe-ratio","1","no","/stocks/GOOGL/pe-ratio=1"
"google","GOOGL","googl pe ratio","AMBIGUOUS_QUERY","AMBIGUOUS","","/stocks/GOOGL/pe-ratio","1","0","0","31","AMBIGUOUS","AMBIGUOUS","0","1","1","0","0","/stocks/GOOGL/pe-ratio","1","no","/stocks/GOOGL/pe-ratio=1"
"google","GOOGL","google annual profit","AMBIGUOUS_QUERY","AMBIGUOUS","","/stocks/GOOGL/net-income","1","0","0","63","AMBIGUOUS","AMBIGUOUS","0","1","1","0","0","/stocks/GOOGL/net-income","1","no","/stocks/GOOGL/net-income=1"
"google","GOOGL","google earnings per share","EPS","EPS","/stocks/GOOGL/eps","/stocks/GOOGL/eps","1","0","0","48","CORRECT","CORRECT","1","0","1","1","0","/stocks/GOOGL/eps","1","yes","/stocks/GOOGL/eps=1"
"google","GOOGL","google eps","EPS","EPS","/stocks/GOOGL/eps","/stocks/GOOGL/eps","1","0","0","56","CORRECT","CORRECT","1","0","1","1","0","/stocks/GOOGL/eps","1","yes","/stocks/GOOGL/eps=1"
"google","GOOGL","google forward p e","AMBIGUOUS_QUERY","AMBIGUOUS","","/stocks/GOOGL/pe-ratio","1","0","0","48","AMBIGUOUS","AMBIGUOUS","0","1","1","0","0","/stocks/GOOGL/pe-ratio","1","no","/stocks/GOOGL/pe-ratio=1"
"google","GOOGL","google forward pe ratio","AMBIGUOUS_QUERY","AMBIGUOUS","","/stocks/GOOGL/pe-ratio","1","0","0","44","AMBIGUOUS","AMBIGUOUS","0","1","1","0","0","/stocks/GOOGL/pe-ratio","1","no","/stocks/GOOGL/pe-ratio=1"
"google","GOOGL","google net earnings","AMBIGUOUS_QUERY","AMBIGUOUS","","/stocks/GOOGL/net-income","1","0","0","74","AMBIGUOUS","AMBIGUOUS","0","1","1","0","0","/stocks/GOOGL/net-income","1","no","/stocks/GOOGL/net-income=1"
"google","GOOGL","google net income 2022","NET_INCOME","NET_INCOME","/stocks/GOOGL/net-income","/stocks/GOOGL/net-income","1","0","0","47","CORRECT","CORRECT","1","0","1","1","0","/stocks/GOOGL/net-income","1","yes","/stocks/GOOGL/net-income=1"
"google","GOOGL","google net income 2023","NET_INCOME","NET_INCOME","/stocks/GOOGL/net-income","/stocks/GOOGL/net-income","1","0","0","45","CORRECT","CORRECT","1","0","1","1","0","/stocks/GOOGL/net-income","1","yes","/stocks/GOOGL/net-income=1"
"google","GOOGL","google net profit","NET_INCOME","NET_INCOME","/stocks/GOOGL/net-income","/stocks/GOOGL/net-income","1","0","0","64","CORRECT","CORRECT","1","0","1","1","0","/stocks/GOOGL/net-income","1","yes","/stocks/GOOGL/net-income=1"
"google","GOOG","google net profit 2025","NET_INCOME","NET_INCOME","/stocks/GOOG/net-income","/stocks/GOOG/net-income","1","0","0","58","CORRECT","CORRECT","1","0","1","1","0","/stocks/GOOG/net-income","1","yes","/stocks/GOOG/net-income=1"
"google","GOOGL","google outstanding shares","SHARES","SHARES","/stocks/GOOGL/shares-outstanding","/stocks/GOOGL/shares-outstanding","1","0","0","61","CORRECT","CORRECT","1","0","1","1","0","/stocks/GOOGL/shares-outstanding","1","yes","/stocks/GOOGL/shares-outstanding=1"
"google","GOOGL","google p e ratio","AMBIGUOUS_QUERY","AMBIGUOUS","","/stocks/GOOGL/pe-ratio","1","0","0","37","AMBIGUOUS","AMBIGUOUS","0","1","1","0","0","/stocks/GOOGL/pe-ratio","1","no","/stocks/GOOGL/pe-ratio=1"
"google","GOOGL","google p/e","AMBIGUOUS_QUERY","AMBIGUOUS","","/stocks/GOOGL/pe-ratio","1","0","0","46","AMBIGUOUS","AMBIGUOUS","0","1","1","0","0","/stocks/GOOGL/pe-ratio","1","no","/stocks/GOOGL/pe-ratio=1"
"google","GOOGL","google pe ratio","AMBIGUOUS_QUERY","AMBIGUOUS","","/stocks/GOOGL/pe-ratio","1","0","0","41","AMBIGUOUS","AMBIGUOUS","0","1","1","0","0","/stocks/GOOGL/pe-ratio","1","no","/stocks/GOOGL/pe-ratio=1"
"google","GOOGL","google pe ratio chart","AMBIGUOUS_QUERY","AMBIGUOUS","","/stocks/GOOGL/pe-ratio","1","0","0","34","AMBIGUOUS","AMBIGUOUS","0","1","1","0","0","/stocks/GOOGL/pe-ratio","1","no","/stocks/GOOGL/pe-ratio=1"
"google","GOOGL","google pe ratio over time","AMBIGUOUS_QUERY","AMBIGUOUS","","/stocks/GOOGL/pe-ratio","1","0","0","30","AMBIGUOUS","AMBIGUOUS","0","1","1","0","0","/stocks/GOOGL/pe-ratio","1","no","/stocks/GOOGL/pe-ratio=1"
"google","GOOGL","google pe ratio today","AMBIGUOUS_QUERY","AMBIGUOUS","","/stocks/GOOGL/pe-ratio","1","0","0","37","AMBIGUOUS","AMBIGUOUS","0","1","1","0","0","/stocks/GOOGL/pe-ratio","1","no","/stocks/GOOGL/pe-ratio=1"
"google","GOOGL","google peg ratio","AMBIGUOUS_QUERY","AMBIGUOUS","","/stocks/GOOGL/pe-ratio","1","0","0","47","AMBIGUOUS","AMBIGUOUS","0","1","1","0","0","/stocks/GOOGL/pe-ratio","1","no","/stocks/GOOGL/pe-ratio=1"
"google","GOOGL","google price earnings ratio","AMBIGUOUS_QUERY","AMBIGUOUS","","/stocks/GOOGL/pe-ratio","1","0","0","44","AMBIGUOUS","AMBIGUOUS","0","1","1","0","0","/stocks/GOOGL/pe-ratio","1","no","/stocks/GOOGL/pe-ratio=1"
"google","GOOGL","google stock price to earnings ratio","AMBIGUOUS_QUERY","AMBIGUOUS","","/stocks/GOOGL/pe-ratio","1","0","0","44","AMBIGUOUS","AMBIGUOUS","0","1","1","0","0","/stocks/GOOGL/pe-ratio","1","no","/stocks/GOOGL/pe-ratio=1"
"google","HBAN","hban dividend","DIVIDEND","DIVIDEND","/stocks/HBAN/dividend-history","/stocks/HBAN/dividend-history","1","0","0","65","CORRECT","CORRECT","1","0","1","1","0","/stocks/HBAN/dividend-history","1","yes","/stocks/HBAN/dividend-history=1"
"google","HBAN","hban dividend date","DIVIDEND","DIVIDEND","/stocks/HBAN/dividend-history","/stocks/HBAN/dividend-history","1","0","0","63","CORRECT","CORRECT","1","0","1","1","0","/stocks/HBAN/dividend-history","1","yes","/stocks/HBAN/dividend-history=1"
"google","GOOGL","how many shares of google are there","AMBIGUOUS_QUERY","AMBIGUOUS","","/stocks/GOOGL/shares-outstanding","1","0","0","100","AMBIGUOUS","AMBIGUOUS","0","1","1","0","0","/stocks/GOOGL/shares-outstanding","1","no","/stocks/GOOGL/shares-outstanding=1"
"google","JBSS","hss revenue","REVENUE","REVENUE","/stocks/JBSS/revenue","/stocks/JBSS/revenue","1","0","0","69","CORRECT","CORRECT","1","0","1","1","0","/stocks/JBSS/revenue","1","yes","/stocks/JBSS/revenue=1"
"google","HBAN","huntington bank stock dividend","DIVIDEND","DIVIDEND","/stocks/HBAN/dividend-history","/stocks/HBAN/dividend-history","1","0","0","75","CORRECT","CORRECT","1","0","1","1","0","/stocks/HBAN/dividend-history","1","yes","/stocks/HBAN/dividend-history=1"
"google","IBM","ibm profit","AMBIGUOUS_QUERY","AMBIGUOUS","","/stocks/IBM/gross-profit","1","0","0","28","AMBIGUOUS","AMBIGUOUS","0","1","1","0","0","/stocks/IBM/gross-profit","1","no","/stocks/IBM/gross-profit=1"
"google","INSW","insw dividend history","DIVIDEND","DIVIDEND","/stocks/INSW/dividend-history","/stocks/INSW/dividend-history","1","0","0","34","CORRECT","CORRECT","1","0","1","1","0","/stocks/INSW/dividend-history","1","yes","/stocks/INSW/dividend-history=1"
"google","IP","international paper earnings","AMBIGUOUS_QUERY","AMBIGUOUS","","/stocks/IP/eps","1","0","0","54","AMBIGUOUS","AMBIGUOUS","0","1","1","0","0","/stocks/IP/eps","1","no","/stocks/IP/eps=1"
"google","DELL","investors.delltechnologies.com shares outstanding dell technologies","SHARES","SHARES","/stocks/DELL/shares-outstanding","/stocks/DELL/shares-outstanding","1","0","0","11","CORRECT","CORRECT","1","0","1","1","0","/stocks/DELL/shares-outstanding","1","yes","/stocks/DELL/shares-outstanding=1"
"google","KKR","kkr annual revenue","REVENUE","REVENUE","/stocks/KKR/revenue","/stocks/KKR/revenue","1","0","0","57","CORRECT","CORRECT","1","0","1","1","0","/stocks/KKR/revenue","1","yes","/stocks/KKR/revenue=1"
"google","KKR","kkr dividend date","DIVIDEND","DIVIDEND","/stocks/KKR/dividend-history","/stocks/KKR/dividend-history","1","0","0","62","CORRECT","CORRECT","1","0","1","1","0","/stocks/KKR/dividend-history","1","yes","/stocks/KKR/dividend-history=1"
"google","KKR","kkr ex dividend date","DIVIDEND","DIVIDEND","/stocks/KKR/dividend-history","/stocks/KKR/dividend-history","1","0","0","60","CORRECT","CORRECT","1","0","1","1","0","/stocks/KKR/dividend-history","1","yes","/stocks/KKR/dividend-history=1"
"google","KLAC","kla annual revenue","REVENUE","REVENUE","/stocks/KLAC/revenue","/stocks/KLAC/revenue","1","0","0","56","CORRECT","CORRECT","1","0","1","1","0","/stocks/KLAC/revenue","1","yes","/stocks/KLAC/revenue=1"
"google","KFY","korn ferry net worth","AMBIGUOUS_QUERY","AMBIGUOUS","","/stocks/KFY/revenue","1","0","0","34","AMBIGUOUS","AMBIGUOUS","0","1","1","0","0","/stocks/KFY/revenue","1","no","/stocks/KFY/revenue=1"
"google","KRC","krc dividend","DIVIDEND","DIVIDEND","/stocks/KRC/dividend-history","/stocks/KRC/dividend-history","1","0","0","46","CORRECT","CORRECT","1","0","1","1","0","/stocks/KRC/dividend-history","1","yes","/stocks/KRC/dividend-history=1"
"google","KRC","krc dividend history","DIVIDEND","DIVIDEND","/stocks/KRC/dividend-history","/stocks/KRC/dividend-history","1","0","0","34","CORRECT","CORRECT","1","0","1","1","0","/stocks/KRC/dividend-history","1","yes","/stocks/KRC/dividend-history=1"
"google","LW","lamb weston annual revenue","REVENUE","REVENUE","/stocks/LW/revenue","/stocks/LW/revenue","1","0","0","44","CORRECT","CORRECT","1","0","1","1","0","/stocks/LW/revenue","1","yes","/stocks/LW/revenue=1"
"google","LXP","lxp dividend history","DIVIDEND","DIVIDEND","/stocks/LXP/dividend-history","/stocks/LXP/dividend-history","1","0","0","79","CORRECT","CORRECT","1","0","1","1","0","/stocks/LXP/dividend-history","1","yes","/stocks/LXP/dividend-history=1"
"google","LYFT","lyft revenue","REVENUE","REVENUE","/stocks/LYFT/revenue","/stocks/LYFT/revenue","1","0","0","53","CORRECT","CORRECT","1","0","1","1","0","/stocks/LYFT/revenue","1","yes","/stocks/LYFT/revenue=1"
"google","MAN","manpowergroup stock","AMBIGUOUS_QUERY","AMBIGUOUS","","/stocks/MAN/ebitda","1","0","0","76","AMBIGUOUS","AMBIGUOUS","0","1","1","0","0","/stocks/MAN/ebitda","1","no","/stocks/MAN/ebitda=1"
"google","MPC","marathon petroleum stock dividend","DIVIDEND","DIVIDEND","/stocks/MPC/dividend-history","/stocks/MPC/dividend-history","1","0","0","59","CORRECT","CORRECT","1","0","1","1","0","/stocks/MPC/dividend-history","1","yes","/stocks/MPC/dividend-history=1"
"google","MPT","medical properties trust","AMBIGUOUS_QUERY","AMBIGUOUS","","/stocks/MPT/ebitda","1","0","0","95","AMBIGUOUS","AMBIGUOUS","0","1","1","0","0","/stocks/MPT/ebitda","1","no","/stocks/MPT/ebitda=1"
"google","MPT","medical properties trust stock price","AMBIGUOUS_QUERY","AMBIGUOUS","","/stocks/MPT/ebitda","1","0","0","88","AMBIGUOUS","AMBIGUOUS","0","1","1","0","0","/stocks/MPT/ebitda","1","no","/stocks/MPT/ebitda=1"
"google","MRK","merck dividends","AMBIGUOUS_QUERY","AMBIGUOUS","","/stocks/MRK/dividend-history","1","0","0","68","AMBIGUOUS","AMBIGUOUS","0","1","1","0","0","/stocks/MRK/dividend-history","1","no","/stocks/MRK/dividend-history=1"
"google","MOH","moh stock dividend","DIVIDEND","DIVIDEND","/stocks/MOH/dividend-history","/stocks/MOH/dividend-history","1","0","0","33","CORRECT","CORRECT","1","0","1","1","0","/stocks/MOH/dividend-history","1","yes","/stocks/MOH/dividend-history=1"
"google","MOH","moh stock earnings date","AMBIGUOUS_QUERY","AMBIGUOUS","","/stocks/MOH/eps","1","0","0","50","AMBIGUOUS","AMBIGUOUS","0","1","1","0","0","/stocks/MOH/eps","1","no","/stocks/MOH/eps=1"
"google","MDLZ","mondelez net worth","AMBIGUOUS_QUERY","AMBIGUOUS","","/stocks/MDLZ/revenue","1","0","0","47","AMBIGUOUS","AMBIGUOUS","0","1","1","0","0","/stocks/MDLZ/revenue","1","no","/stocks/MDLZ/revenue=1"
"google","MSI","motorola solutions annual revenue","REVENUE","REVENUE","/stocks/MSI/revenue","/stocks/MSI/revenue","1","0","0","35","CORRECT","CORRECT","1","0","1","1","0","/stocks/MSI/revenue","1","yes","/stocks/MSI/revenue=1"
"google","MRK","mrk dividend","DIVIDEND","DIVIDEND","/stocks/MRK/dividend-history","/stocks/MRK/dividend-history","1","0","0","65","CORRECT","CORRECT","1","0","1","1","0","/stocks/MRK/dividend-history","1","yes","/stocks/MRK/dividend-history=1"
"google","MRK","mrk next dividend date","DIVIDEND","DIVIDEND","/stocks/MRK/dividend-history","/stocks/MRK/dividend-history","1","0","0","69","CORRECT","CORRECT","1","0","1","1","0","/stocks/MRK/dividend-history","1","yes","/stocks/MRK/dividend-history=1"
"google","MS","ms dividend history","DIVIDEND","DIVIDEND","/stocks/MS/dividend-history","/stocks/MS/dividend-history","1","0","0","29","CORRECT","CORRECT","1","0","1","1","0","/stocks/MS/dividend-history","1","yes","/stocks/MS/dividend-history=1"
"google","GOOG|GOOGL","net income google","NET_INCOME","NET_INCOME","","/stocks/GOOG/net-income","1","0","0","79","UNKNOWN","UNKNOWN","0","1","1","0","0","/stocks/GOOG/net-income","1","no","/stocks/GOOG/net-income=1"
"google","GOOG","net income of google","NET_INCOME","NET_INCOME","/stocks/GOOG/net-income","/stocks/GOOG/net-income","1","0","0","79","CORRECT","CORRECT","1","0","1","1","0","/stocks/GOOG/net-income","1","yes","/stocks/GOOG/net-income=1"
"google","NFLX","netflix annual revenue","REVENUE","REVENUE","/stocks/NFLX/revenue","/stocks/NFLX/revenue","1","0","0","60","CORRECT","CORRECT","1","0","1","1","0","/stocks/NFLX/revenue","1","yes","/stocks/NFLX/revenue=1"
"google","NFLX","netflix revenue per year","REVENUE","REVENUE","/stocks/NFLX/revenue","/stocks/NFLX/revenue","1","0","0","71","CORRECT","CORRECT","1","0","1","1","0","/stocks/NFLX/revenue","1","yes","/stocks/NFLX/revenue=1"
"google","NFLX","netflix stock 2007","AMBIGUOUS_QUERY","AMBIGUOUS","","/stocks/NFLX/revenue","1","0","0","58","AMBIGUOUS","AMBIGUOUS","0","1","1","0","0","/stocks/NFLX/revenue","1","no","/stocks/NFLX/revenue=1"
"google","NYT","new york times financials","AMBIGUOUS_QUERY","AMBIGUOUS","","/stocks/NYT/shares-outstanding","1","0","0","86","AMBIGUOUS","AMBIGUOUS","0","1","1","0","0","/stocks/NYT/shares-outstanding","1","no","/stocks/NYT/shares-outstanding=1"
"google","NFLX","nflx revenue","REVENUE","REVENUE","/stocks/NFLX/revenue","/stocks/NFLX/revenue","1","0","0","39","CORRECT","CORRECT","1","0","1","1","0","/stocks/NFLX/revenue","1","yes","/stocks/NFLX/revenue=1"
"google","NJR","njr","AMBIGUOUS_QUERY","AMBIGUOUS","","/stocks/NJR/revenue","1","0","0","70","AMBIGUOUS","AMBIGUOUS","0","1","1","0","0","/stocks/NJR/revenue","1","no","/stocks/NJR/revenue=1"
"google","NVDA","nvidia outstanding shares","SHARES","SHARES","/stocks/NVDA/shares-outstanding","/stocks/NVDA/shares-outstanding","1","0","0","24","CORRECT","CORRECT","1","0","1","1","0","/stocks/NVDA/shares-outstanding","1","yes","/stocks/NVDA/shares-outstanding=1"
"google","NXPI","nxp aktie dividende","AMBIGUOUS_QUERY","AMBIGUOUS","","/stocks/NXPI/dividend-history","1","0","0","83","AMBIGUOUS","AMBIGUOUS","0","1","1","0","0","/stocks/NXPI/dividend-history","1","no","/stocks/NXPI/dividend-history=1"
"google","NXPI","nxp dividende","AMBIGUOUS_QUERY","AMBIGUOUS","","/stocks/NXPI/dividend-history","1","0","0","78","AMBIGUOUS","AMBIGUOUS","0","1","1","0","0","/stocks/NXPI/dividend-history","1","no","/stocks/NXPI/dividend-history=1"
"google","DLR","nyse dlr dividend","DIVIDEND","DIVIDEND","/stocks/DLR/dividend-history","/stocks/DLR/dividend-history","1","0","0","88","CORRECT","CORRECT","1","0","1","1","0","/stocks/DLR/dividend-history","1","yes","/stocks/DLR/dividend-history=1"
"google","WFC","nyse wfc dividend","DIVIDEND","DIVIDEND","/stocks/WFC/dividend-history","/stocks/WFC/dividend-history","1","0","0","52","CORRECT","CORRECT","1","0","1","1","0","/stocks/WFC/dividend-history","1","yes","/stocks/WFC/dividend-history=1"
"google","OGN","organon stock dividend","DIVIDEND","DIVIDEND","/stocks/OGN/dividend-history","/stocks/OGN/dividend-history","1","0","0","51","CORRECT","CORRECT","1","0","1","1","0","/stocks/OGN/dividend-history","1","yes","/stocks/OGN/dividend-history=1"
"google","GOOGL","outstanding shares of google","SHARES","SHARES","/stocks/GOOGL/shares-outstanding","/stocks/GOOGL/shares-outstanding","1","0","0","53","CORRECT","CORRECT","1","0","1","1","0","/stocks/GOOGL/shares-outstanding","1","yes","/stocks/GOOGL/shares-outstanding=1"
"google","AMZN","p/e ratio of amazon","AMBIGUOUS_QUERY","AMBIGUOUS","","/stocks/AMZN/pe-ratio","1","0","0","52","AMBIGUOUS","AMBIGUOUS","0","1","1","0","0","/stocks/AMZN/pe-ratio","1","no","/stocks/AMZN/pe-ratio=1"
"google","PLTR","palantir dividend","DIVIDEND","DIVIDEND","/stocks/PLTR/dividend-history","/stocks/PLTR/dividend-history","1","0","0","64","CORRECT","CORRECT","1","0","1","1","0","/stocks/PLTR/dividend-history","1","yes","/stocks/PLTR/dividend-history=1"
"google","PLTR","palantir stock dividend","DIVIDEND","DIVIDEND","/stocks/PLTR/dividend-history","/stocks/PLTR/dividend-history","1","0","0","55","CORRECT","CORRECT","1","0","1","1","0","/stocks/PLTR/dividend-history","1","yes","/stocks/PLTR/dividend-history=1"
"google","DOW","pe ratio dow jones","AMBIGUOUS_QUERY","AMBIGUOUS","","/stocks/DOW/pe-ratio","1","0","0","79","AMBIGUOUS","AMBIGUOUS","0","1","1","0","0","/stocks/DOW/pe-ratio","1","no","/stocks/DOW/pe-ratio=1"
"google","POR","porfree","AMBIGUOUS_QUERY","AMBIGUOUS","","/stocks/POR/free-cash-flow","1","0","0","82","AMBIGUOUS","AMBIGUOUS","0","1","1","0","0","/stocks/POR/free-cash-flow","1","no","/stocks/POR/free-cash-flow=1"
"google","DOW","price earnings ratio dow jones","AMBIGUOUS_QUERY","AMBIGUOUS","","/stocks/DOW/pe-ratio","1","0","0","86","AMBIGUOUS","AMBIGUOUS","0","1","1","0","0","/stocks/DOW/pe-ratio","1","no","/stocks/DOW/pe-ratio=1"
"google","G","revenue of genpact","REVENUE","REVENUE","/stocks/G/revenue","/stocks/G/revenue","1","0","0","73","CORRECT","CORRECT","1","0","1","1","0","/stocks/G/revenue","1","yes","/stocks/G/revenue=1"
"google","SBSI","sbsi","AMBIGUOUS_QUERY","AMBIGUOUS","","/stocks/SBSI/revenue","1","0","0","44","AMBIGUOUS","AMBIGUOUS","0","1","1","0","0","/stocks/SBSI/revenue","1","no","/stocks/SBSI/revenue=1"
"google","FUN","six flags net worth","AMBIGUOUS_QUERY","AMBIGUOUS","","/stocks/FUN/net-income","1","0","0","85","AMBIGUOUS","AMBIGUOUS","0","1","1","0","0","/stocks/FUN/net-income","1","no","/stocks/FUN/net-income=1"
"google","SLM","slm ltd income","AMBIGUOUS_QUERY","AMBIGUOUS","","/stocks/SLM/dividend-history","1","0","0","69","AMBIGUOUS","AMBIGUOUS","0","1","1","0","0","/stocks/SLM/dividend-history","1","no","/stocks/SLM/dividend-history=1"
"google","SM","sm dividend history","DIVIDEND","DIVIDEND","/stocks/SM/dividend-history","/stocks/SM/dividend-history","1","0","0","28","CORRECT","CORRECT","1","0","1","1","0","/stocks/SM/dividend-history","1","yes","/stocks/SM/dividend-history=1"
"google","STWD","stwd dividend history","DIVIDEND","DIVIDEND","/stocks/STWD/dividend-history","/stocks/STWD/dividend-history","1","0","0","39","CORRECT","CORRECT","1","0","1","1","0","/stocks/STWD/dividend-history","1","yes","/stocks/STWD/dividend-history=1"
"google","STWD","stwd next dividend date","DIVIDEND","DIVIDEND","/stocks/STWD/dividend-history","/stocks/STWD/dividend-history","1","0","0","58","CORRECT","CORRECT","1","0","1","1","0","/stocks/STWD/dividend-history","1","yes","/stocks/STWD/dividend-history=1"
"google","STWD","stwd stock dividend","DIVIDEND","DIVIDEND","/stocks/STWD/dividend-history","/stocks/STWD/dividend-history","1","0","0","56","CORRECT","CORRECT","1","0","1","1","0","/stocks/STWD/dividend-history","1","yes","/stocks/STWD/dividend-history=1"
"google","KNX","swift trucking net worth","AMBIGUOUS_QUERY","AMBIGUOUS","","/stocks/KNX/revenue","1","0","0","73","AMBIGUOUS","AMBIGUOUS","0","1","1","0","0","/stocks/KNX/revenue","1","no","/stocks/KNX/revenue=1"
"google","SYY","sysco stock price history","AMBIGUOUS_QUERY","AMBIGUOUS","","/stocks/SYY/dividend-history","1","0","0","56","AMBIGUOUS","AMBIGUOUS","0","1","1","0","0","/stocks/SYY/dividend-history","1","no","/stocks/SYY/dividend-history=1"
"google","SYY","syy dividend history","DIVIDEND","DIVIDEND","/stocks/SYY/dividend-history","/stocks/SYY/dividend-history","1","0","0","24","CORRECT","CORRECT","1","0","1","1","0","/stocks/SYY/dividend-history","1","yes","/stocks/SYY/dividend-history=1"
"google","TR","tootsie roll dividend","DIVIDEND","DIVIDEND","/stocks/TR/dividend-history","/stocks/TR/dividend-history","1","0","0","46","CORRECT","CORRECT","1","0","1","1","0","/stocks/TR/dividend-history","1","yes","/stocks/TR/dividend-history=1"
"google","TR","tootsie roll stock dividend","DIVIDEND","DIVIDEND","/stocks/TR/dividend-history","/stocks/TR/dividend-history","1","0","0","46","CORRECT","CORRECT","1","0","1","1","0","/stocks/TR/dividend-history","1","yes","/stocks/TR/dividend-history=1"
"google","TR","tr dividend history","DIVIDEND","DIVIDEND","/stocks/TR/dividend-history","/stocks/TR/dividend-history","1","0","0","28","CORRECT","CORRECT","1","0","1","1","0","/stocks/TR/dividend-history","1","yes","/stocks/TR/dividend-history=1"
"google","TRIP","tripadvisor revenue","REVENUE","REVENUE","/stocks/TRIP/revenue","/stocks/TRIP/revenue","1","0","0","69","CORRECT","CORRECT","1","0","1","1","0","/stocks/TRIP/revenue","1","yes","/stocks/TRIP/revenue=1"
"google","UBER","uber profits by year","AMBIGUOUS_QUERY","AMBIGUOUS","","/stocks/UBER/free-cash-flow","1","0","0","79","AMBIGUOUS","AMBIGUOUS","0","1","1","0","0","/stocks/UBER/free-cash-flow","1","no","/stocks/UBER/free-cash-flow=1"
"google","VEEV","veeva annual revenue","REVENUE","REVENUE","/stocks/VEEV/revenue","/stocks/VEEV/revenue","1","0","0","36","CORRECT","CORRECT","1","0","1","1","0","/stocks/VEEV/revenue","1","yes","/stocks/VEEV/revenue=1"
"google","VZ","verizon annual revenue","REVENUE","REVENUE","/stocks/VZ/revenue","/stocks/VZ/revenue","1","0","0","28","CORRECT","CORRECT","1","0","1","1","0","/stocks/VZ/revenue","1","yes","/stocks/VZ/revenue=1"
"google","VZ","verizon revenue","REVENUE","REVENUE","/stocks/VZ/revenue","/stocks/VZ/revenue","1","0","0","75","CORRECT","CORRECT","1","0","1","1","0","/stocks/VZ/revenue","1","yes","/stocks/VZ/revenue=1"
"google","VZ","verizon revenue 2023","REVENUE","REVENUE","/stocks/VZ/revenue","/stocks/VZ/revenue","1","0","0","81","CORRECT","CORRECT","1","0","1","1","0","/stocks/VZ/revenue","1","yes","/stocks/VZ/revenue=1"
"google","VZ","verizon revenues","AMBIGUOUS_QUERY","AMBIGUOUS","","/stocks/VZ/revenue","1","0","0","72","AMBIGUOUS","AMBIGUOUS","0","1","1","0","0","/stocks/VZ/revenue","1","no","/stocks/VZ/revenue=1"
"google","VZ","verizon turnover","AMBIGUOUS_QUERY","AMBIGUOUS","","/stocks/VZ/revenue","1","0","0","72","AMBIGUOUS","AMBIGUOUS","0","1","1","0","0","/stocks/VZ/revenue","1","no","/stocks/VZ/revenue=1"
"google","VZ","verizon wireless annual revenue","REVENUE","REVENUE","/stocks/VZ/revenue","/stocks/VZ/revenue","1","0","0","82","CORRECT","CORRECT","1","0","1","1","0","/stocks/VZ/revenue","1","yes","/stocks/VZ/revenue=1"
"google","GWW","w.w. grainger revenue","REVENUE","REVENUE","/stocks/GWW/revenue","/stocks/GWW/revenue","1","0","0","56","CORRECT","CORRECT","1","0","1","1","0","/stocks/GWW/revenue","1","yes","/stocks/GWW/revenue=1"
"google","DIS","walt disney company revenue","REVENUE","REVENUE","/stocks/DIS/revenue","/stocks/DIS/revenue","1","0","0","52","CORRECT","CORRECT","1","0","1","1","0","/stocks/DIS/revenue","1","yes","/stocks/DIS/revenue=1"
"google","WBD","warner bros revenue","REVENUE","REVENUE","/stocks/WBD/revenue","/stocks/WBD/revenue","1","0","0","59","CORRECT","CORRECT","1","0","1","1","0","/stocks/WBD/revenue","1","yes","/stocks/WBD/revenue=1"
"google","WM","waste management dividend yield","AMBIGUOUS_QUERY","AMBIGUOUS","","/stocks/WM/dividend-history","1","0","0","74","AMBIGUOUS","AMBIGUOUS","0","1","1","0","0","/stocks/WM/dividend-history","1","no","/stocks/WM/dividend-history=1"
"google","WFC","wells fargo dividend date","DIVIDEND","DIVIDEND","/stocks/WFC/dividend-history","/stocks/WFC/dividend-history","1","0","0","86","CORRECT","CORRECT","1","0","1","1","0","/stocks/WFC/dividend-history","1","yes","/stocks/WFC/dividend-history=1"
"google","WFC","wells fargo dividend pay date","DIVIDEND","DIVIDEND","/stocks/WFC/dividend-history","/stocks/WFC/dividend-history","1","0","0","88","CORRECT","CORRECT","1","0","1","1","0","/stocks/WFC/dividend-history","1","yes","/stocks/WFC/dividend-history=1"
"google","WFC","wells fargo dividend schedule","DIVIDEND","DIVIDEND","/stocks/WFC/dividend-history","/stocks/WFC/dividend-history","1","0","0","76","CORRECT","CORRECT","1","0","1","1","0","/stocks/WFC/dividend-history","1","yes","/stocks/WFC/dividend-history=1"
"google","WFC","wells fargo dividend stock","DIVIDEND","DIVIDEND","/stocks/WFC/dividend-history","/stocks/WFC/dividend-history","1","0","0","57","CORRECT","CORRECT","1","0","1","1","0","/stocks/WFC/dividend-history","1","yes","/stocks/WFC/dividend-history=1"
"google","WFC","wells fargo dividends","AMBIGUOUS_QUERY","AMBIGUOUS","","/stocks/WFC/dividend-history","1","0","0","85","AMBIGUOUS","AMBIGUOUS","0","1","1","0","0","/stocks/WFC/dividend-history","1","no","/stocks/WFC/dividend-history=1"
"google","WFC","wells fargo stock dividend history","DIVIDEND","DIVIDEND","/stocks/WFC/dividend-history","/stocks/WFC/dividend-history","1","0","0","73","CORRECT","CORRECT","1","0","1","1","0","/stocks/WFC/dividend-history","1","yes","/stocks/WFC/dividend-history=1"
"google","WFC","wellsfargo dividend","DIVIDEND","DIVIDEND","/stocks/WFC/dividend-history","/stocks/WFC/dividend-history","1","0","0","80","CORRECT","CORRECT","1","0","1","1","0","/stocks/WFC/dividend-history","1","yes","/stocks/WFC/dividend-history=1"
"google","WELL","welltower dividend","DIVIDEND","DIVIDEND","/stocks/WELL/dividend-history","/stocks/WELL/dividend-history","1","0","0","83","CORRECT","CORRECT","1","0","1","1","0","/stocks/WELL/dividend-history","1","yes","/stocks/WELL/dividend-history=1"
"google","WEN","wendy's debt","AMBIGUOUS_QUERY","AMBIGUOUS","","/stocks/WEN/total-debt","1","0","0","48","AMBIGUOUS","AMBIGUOUS","0","1","1","0","0","/stocks/WEN/total-debt","1","no","/stocks/WEN/total-debt=1"
"google","WU","western union turnover","AMBIGUOUS_QUERY","AMBIGUOUS","","/stocks/WU/revenue","1","0","0","48","AMBIGUOUS","AMBIGUOUS","0","1","1","0","0","/stocks/WU/revenue","1","no","/stocks/WU/revenue=1"
"google","WFC","wf dividend","DIVIDEND","DIVIDEND","/stocks/WFC/dividend-history","/stocks/WFC/dividend-history","1","0","0","81","CORRECT","CORRECT","1","0","1","1","0","/stocks/WFC/dividend-history","1","yes","/stocks/WFC/dividend-history=1"
"google","WFC","wfc dividends","AMBIGUOUS_QUERY","AMBIGUOUS","","/stocks/WFC/dividend-history","1","0","0","80","AMBIGUOUS","AMBIGUOUS","0","1","1","0","0","/stocks/WFC/dividend-history","1","no","/stocks/WFC/dividend-history=1"
"google","WFC","wfc ex dividend","DIVIDEND","DIVIDEND","/stocks/WFC/dividend-history","/stocks/WFC/dividend-history","1","0","0","81","CORRECT","CORRECT","1","0","1","1","0","/stocks/WFC/dividend-history","1","yes","/stocks/WFC/dividend-history=1"
"google","WFC","wfc ex dividend date","DIVIDEND","DIVIDEND","/stocks/WFC/dividend-history","/stocks/WFC/dividend-history","1","0","0","79","CORRECT","CORRECT","1","0","1","1","0","/stocks/WFC/dividend-history","1","yes","/stocks/WFC/dividend-history=1"
"google","WFC","wfc stock dividend","DIVIDEND","DIVIDEND","/stocks/WFC/dividend-history","/stocks/WFC/dividend-history","1","0","0","56","CORRECT","CORRECT","1","0","1","1","0","/stocks/WFC/dividend-history","1","yes","/stocks/WFC/dividend-history=1"
"google","WFC","wfc stock split history","AMBIGUOUS_QUERY","AMBIGUOUS","","/stocks/WFC/dividend-history","1","0","0","71","AMBIGUOUS","AMBIGUOUS","0","1","1","0","0","/stocks/WFC/dividend-history","1","no","/stocks/WFC/dividend-history=1"
"google","YUM","yum ex dividend date","DIVIDEND","DIVIDEND","/stocks/YUM/dividend-history","/stocks/YUM/dividend-history","1","0","0","54","CORRECT","CORRECT","1","0","1","1","0","/stocks/YUM/dividend-history","1","yes","/stocks/YUM/dividend-history=1"
"google","","mur vs lib","AMBIGUOUS_QUERY","AMBIGUOUS","","","0","0","0","0","AMBIGUOUS","AMBIGUOUS","0","0","0","0","0","","0","no",""
"google","","""dropbox"" ""2019"" ""10-k"" ""gross profit""","AMBIGUOUS_QUERY","AMBIGUOUS","","","0","0","0","0","AMBIGUOUS","AMBIGUOUS","0","0","0","0","0","","0","no",""
"google","","""dropbox"" ""gross profit"" ""2017"" ""2018"" ""2019""","AMBIGUOUS_QUERY","AMBIGUOUS","","","0","0","0","0","AMBIGUOUS","AMBIGUOUS","0","0","0","0","0","","0","no",""
"google","","""dropbox"" ""gross profit"" ""2017"" ""2018"" ""2019"" ""10-k""","AMBIGUOUS_QUERY","AMBIGUOUS","","","0","0","0","0","AMBIGUOUS","AMBIGUOUS","0","0","0","0","0","","0","no",""
"google","","""dropbox"" ""gross profit"" ""2017"" ""2018"" ""2019"" 10-k","AMBIGUOUS_QUERY","AMBIGUOUS","","","0","0","0","0","AMBIGUOUS","AMBIGUOUS","0","0","0","0","0","","0","no",""
"google","","""open geni""","AMBIGUOUS_QUERY","AMBIGUOUS","","","0","0","0","0","AMBIGUOUS","AMBIGUOUS","0","0","0","0","0","","0","no",""
"google","","$pl stock","AMBIGUOUS_QUERY","AMBIGUOUS","","","0","0","0","0","AMBIGUOUS","AMBIGUOUS","0","0","0","0","0","","0","no",""
"google","","1 share of meta","AMBIGUOUS_QUERY","AMBIGUOUS","","","0","0","0","0","AMBIGUOUS","AMBIGUOUS","0","0","0","0","0","","0","no",""
"google","","aaav","AMBIGUOUS_QUERY","AMBIGUOUS","","","0","0","0","0","AMBIGUOUS","AMBIGUOUS","0","0","0","0","0","","0","no",""
"google","","aapl nvda","AMBIGUOUS_QUERY","AMBIGUOUS","","","0","0","0","0","AMBIGUOUS","AMBIGUOUS","0","0","0","0","0","","0","no",""
"google","","abat stock stocktwits","AMBIGUOUS_QUERY","AMBIGUOUS","","","0","0","0","0","AMBIGUOUS","AMBIGUOUS","0","0","0","0","0","","0","no",""
"google","","abat stocktwits","AMBIGUOUS_QUERY","AMBIGUOUS","","","0","0","0","0","AMBIGUOUS","AMBIGUOUS","0","0","0","0","0","","0","no",""
"google","","abm industries competitors","AMBIGUOUS_QUERY","AMBIGUOUS","","","0","0","0","0","AMBIGUOUS","AMBIGUOUS","0","0","0","0","0","","0","no",""
"google","","aci worldwide revenue","REVENUE","REVENUE","","","0","0","0","0","UNKNOWN","UNKNOWN","0","0","0","0","0","","0","no",""
"google","","acushnet holdings","AMBIGUOUS_QUERY","AMBIGUOUS","","","0","0","0","0","AMBIGUOUS","AMBIGUOUS","0","0","0","0","0","","0","no",""
"google","","acushnet holdings corp","AMBIGUOUS_QUERY","AMBIGUOUS","","","0","0","0","0","AMBIGUOUS","AMBIGUOUS","0","0","0","0","0","","0","no",""
"google","","adp fortinet","AMBIGUOUS_QUERY","AMBIGUOUS","","","0","0","0","0","AMBIGUOUS","AMBIGUOUS","0","0","0","0","0","","0","no",""
"google","","afrm stocktwits","AMBIGUOUS_QUERY","AMBIGUOUS","","","0","0","0","0","AMBIGUOUS","AMBIGUOUS","0","0","0","0","0","","0","no",""
"google","","alarm-com saas valuation","AMBIGUOUS_QUERY","AMBIGUOUS","","","0","0","0","0","AMBIGUOUS","AMBIGUOUS","0","0","0","0","0","","0","no",""
"google","","alb performance","AMBIGUOUS_QUERY","AMBIGUOUS","","","0","0","0","0","AMBIGUOUS","AMBIGUOUS","0","0","0","0","0","","0","no",""
"google","","albertsons ticker symbol","AMBIGUOUS_QUERY","AMBIGUOUS","","","0","0","0","0","AMBIGUOUS","AMBIGUOUS","0","0","0","0","0","","0","no",""
"google","","algonquin stock","AMBIGUOUS_QUERY","AMBIGUOUS","","","0","0","0","0","AMBIGUOUS","AMBIGUOUS","0","0","0","0","0","","0","no",""
"google","","allstate vs metlife","AMBIGUOUS_QUERY","AMBIGUOUS","","","0","0","0","0","AMBIGUOUS","AMBIGUOUS","0","0","0","0","0","","0","no",""
"google","","alphabet annual revenue","REVENUE","REVENUE","","","0","0","0","0","UNKNOWN","UNKNOWN","0","0","0","0","0","","0","no",""
"google","","alphabet inc. terminal growth assumption changes","AMBIGUOUS_QUERY","AMBIGUOUS","","","0","0","0","0","AMBIGUOUS","AMBIGUOUS","0","0","0","0","0","","0","no",""
"google","","alphabet revenue","REVENUE","REVENUE","","","0","0","0","0","UNKNOWN","UNKNOWN","0","0","0","0","0","","0","no",""
"google","","amprius stock","AMBIGUOUS_QUERY","AMBIGUOUS","","","0","0","0","0","AMBIGUOUS","AMBIGUOUS","0","0","0","0","0","","0","no",""
"google","","amprius technologies stock","AMBIGUOUS_QUERY","AMBIGUOUS","","","0","0","0","0","AMBIGUOUS","AMBIGUOUS","0","0","0","0","0","","0","no",""
"google","","amprius technologies stocks","AMBIGUOUS_QUERY","AMBIGUOUS","","","0","0","0","0","AMBIGUOUS","AMBIGUOUS","0","0","0","0","0","","0","no",""
"google","","ampx ticker","AMBIGUOUS_QUERY","AMBIGUOUS","","","0","0","0","0","AMBIGUOUS","AMBIGUOUS","0","0","0","0","0","","0","no",""
"google","","amtd digital share price","AMBIGUOUS_QUERY","AMBIGUOUS","","","0","0","0","0","AMBIGUOUS","AMBIGUOUS","0","0","0","0","0","","0","no",""
"google","","apc rpc","AMBIGUOUS_QUERY","AMBIGUOUS","","","0","0","0","0","AMBIGUOUS","AMBIGUOUS","0","0","0","0","0","","0","no",""
"google","","apg annual report","AMBIGUOUS_QUERY","AMBIGUOUS","","","0","0","0","0","AMBIGUOUS","AMBIGUOUS","0","0","0","0","0","","0","no",""
"google","","aqn","AMBIGUOUS_QUERY","AMBIGUOUS","","","0","0","0","0","AMBIGUOUS","AMBIGUOUS","0","0","0","0","0","","0","no",""
"google","","aqn stock","AMBIGUOUS_QUERY","AMBIGUOUS","","","0","0","0","0","AMBIGUOUS","AMBIGUOUS","0","0","0","0","0","","0","no",""
"google","","avgo vs amd","AMBIGUOUS_QUERY","AMBIGUOUS","","","0","0","0","0","AMBIGUOUS","AMBIGUOUS","0","0","0","0","0","","0","no",""
"google","","bah inc","AMBIGUOUS_QUERY","AMBIGUOUS","","","0","0","0","0","AMBIGUOUS","AMBIGUOUS","0","0","0","0","0","","0","no",""
"google","","berkshire hathaway vs jp morgan","AMBIGUOUS_QUERY","AMBIGUOUS","","","0","0","0","0","AMBIGUOUS","AMBIGUOUS","0","0","0","0","0","","0","no",""
"google","","billiontoone stock","AMBIGUOUS_QUERY","AMBIGUOUS","","","0","0","0","0","AMBIGUOUS","AMBIGUOUS","0","0","0","0","0","","0","no",""
"google","","bk vs bny","AMBIGUOUS_QUERY","AMBIGUOUS","","","0","0","0","0","AMBIGUOUS","AMBIGUOUS","0","0","0","0","0","","0","no",""
"google","","blackrock vs charles schwab","AMBIGUOUS_QUERY","AMBIGUOUS","","","0","0","0","0","AMBIGUOUS","AMBIGUOUS","0","0","0","0","0","","0","no",""
"google","","blln","AMBIGUOUS_QUERY","AMBIGUOUS","","","0","0","0","0","AMBIGUOUS","AMBIGUOUS","0","0","0","0","0","","0","no",""
"google","","blln stock","AMBIGUOUS_QUERY","AMBIGUOUS","","","0","0","0","0","AMBIGUOUS","AMBIGUOUS","0","0","0","0","0","","0","no",""
"google","","blln ticker","AMBIGUOUS_QUERY","AMBIGUOUS","","","0","0","0","0","AMBIGUOUS","AMBIGUOUS","0","0","0","0","0","","0","no",""
"google","","book value stock","AMBIGUOUS_QUERY","AMBIGUOUS","","","0","0","0","0","AMBIGUOUS","AMBIGUOUS","0","0","0","0","0","","0","no",""
"google","","book value stocks","AMBIGUOUS_QUERY","AMBIGUOUS","","","0","0","0","0","AMBIGUOUS","AMBIGUOUS","0","0","0","0","0","","0","no",""
"google","","boyd corporation revenue","REVENUE","REVENUE","","","0","0","0","0","UNKNOWN","UNKNOWN","0","0","0","0","0","","0","no",""
"google","","brkr","AMBIGUOUS_QUERY","AMBIGUOUS","","","0","0","0","0","AMBIGUOUS","AMBIGUOUS","0","0","0","0","0","","0","no",""
"google","","bruker revenue","REVENUE","REVENUE","","","0","0","0","0","UNKNOWN","UNKNOWN","0","0","0","0","0","","0","no",""
"google","","burger king market cap","AMBIGUOUS_QUERY","AMBIGUOUS","","","0","0","0","0","AMBIGUOUS","AMBIGUOUS","0","0","0","0","0","","0","no",""
"google","","burger king stock value","AMBIGUOUS_QUERY","AMBIGUOUS","","","0","0","0","0","AMBIGUOUS","AMBIGUOUS","0","0","0","0","0","","0","no",""
"google","","bwa company","AMBIGUOUS_QUERY","AMBIGUOUS","","","0","0","0","0","AMBIGUOUS","AMBIGUOUS","0","0","0","0","0","","0","no",""
"google","","bwa ir","AMBIGUOUS_QUERY","AMBIGUOUS","","","0","0","0","0","AMBIGUOUS","AMBIGUOUS","0","0","0","0","0","","0","no",""
"google","","carl's jr stock","AMBIGUOUS_QUERY","AMBIGUOUS","","","0","0","0","0","AMBIGUOUS","AMBIGUOUS","0","0","0","0","0","","0","no",""
"google","","cbiz competitors","AMBIGUOUS_QUERY","AMBIGUOUS","","","0","0","0","0","AMBIGUOUS","AMBIGUOUS","0","0","0","0","0","","0","no",""
"google","","cheniere energy vs venture global","AMBIGUOUS_QUERY","AMBIGUOUS","","","0","0","0","0","AMBIGUOUS","AMBIGUOUS","0","0","0","0","0","","0","no",""
"google","","chimera investment corp","AMBIGUOUS_QUERY","AMBIGUOUS","","","0","0","0","0","AMBIGUOUS","AMBIGUOUS","0","0","0","0","0","","0","no",""
"google","","cirrus logic revenue","REVENUE","REVENUE","","","0","0","0","0","UNKNOWN","UNKNOWN","0","0","0","0","0","","0","no",""
"google","","clear channel share price","AMBIGUOUS_QUERY","AMBIGUOUS","","","0","0","0","0","AMBIGUOUS","AMBIGUOUS","0","0","0","0","0","","0","no",""
"google","","comparedge.com","AMBIGUOUS_QUERY","AMBIGUOUS","","","0","0","0","0","AMBIGUOUS","AMBIGUOUS","0","0","0","0","0","","0","no",""
"google","","concentrix 3 vs","AMBIGUOUS_QUERY","AMBIGUOUS","","","0","0","0","0","AMBIGUOUS","AMBIGUOUS","0","0","0","0","0","","0","no",""
"google","","corsair gaming s-1 2018 2019 net revenue net income","AMBIGUOUS_QUERY","AMBIGUOUS","","","0","0","0","0","AMBIGUOUS","AMBIGUOUS","0","0","0","0","0","","0","no",""
"google","","costco pg","AMBIGUOUS_QUERY","AMBIGUOUS","","","0","0","0","0","AMBIGUOUS","AMBIGUOUS","0","0","0","0","0","","0","no",""
"google","","crocs revenue","REVENUE","REVENUE","","","0","0","0","0","UNKNOWN","UNKNOWN","0","0","0","0","0","","0","no",""
"google","","crown castle inc. (cci) net promoter score positive","AMBIGUOUS_QUERY","AMBIGUOUS","","","0","0","0","0","AMBIGUOUS","AMBIGUOUS","0","0","0","0","0","","0","no",""
"google","","datadog vs .net","AMBIGUOUS_QUERY","AMBIGUOUS","","","0","0","0","0","AMBIGUOUS","AMBIGUOUS","0","0","0","0","0","","0","no",""
"google","","dbx share price","AMBIGUOUS_QUERY","AMBIGUOUS","","","0","0","0","0","AMBIGUOUS","AMBIGUOUS","0","0","0","0","0","","0","no",""
"google","","dbx stock","AMBIGUOUS_QUERY","AMBIGUOUS","","","0","0","0","0","AMBIGUOUS","AMBIGUOUS","0","0","0","0","0","","0","no",""
"google","","dbx stock price","AMBIGUOUS_QUERY","AMBIGUOUS","","","0","0","0","0","AMBIGUOUS","AMBIGUOUS","0","0","0","0","0","","0","no",""
"google","","dbx stocks","AMBIGUOUS_QUERY","AMBIGUOUS","","","0","0","0","0","AMBIGUOUS","AMBIGUOUS","0","0","0","0","0","","0","no",""
"google","","dell ibm","AMBIGUOUS_QUERY","AMBIGUOUS","","","0","0","0","0","AMBIGUOUS","AMBIGUOUS","0","0","0","0","0","","0","no",""
"google","","dell vs ibm","AMBIGUOUS_QUERY","AMBIGUOUS","","","0","0","0","0","AMBIGUOUS","AMBIGUOUS","0","0","0","0","0","","0","no",""
"google","","dell vs ibm stock","AMBIGUOUS_QUERY","AMBIGUOUS","","","0","0","0","0","AMBIGUOUS","AMBIGUOUS","0","0","0","0","0","","0","no",""
"google","","dell vs ibm stock comparison 2026","AMBIGUOUS_QUERY","AMBIGUOUS","","","0","0","0","0","AMBIGUOUS","AMBIGUOUS","0","0","0","0","0","","0","no",""
"google","","dg bg","AMBIGUOUS_QUERY","AMBIGUOUS","","","0","0","0","0","AMBIGUOUS","AMBIGUOUS","0","0","0","0","0","","0","no",""
"google","","digital galaxy stock","AMBIGUOUS_QUERY","AMBIGUOUS","","","0","0","0","0","AMBIGUOUS","AMBIGUOUS","0","0","0","0","0","","0","no",""
"google","","drop box share price","AMBIGUOUS_QUERY","AMBIGUOUS","","","0","0","0","0","AMBIGUOUS","AMBIGUOUS","0","0","0","0","0","","0","no",""
"google","","dropbox ""gross profit"" 2017 2018 2019","AMBIGUOUS_QUERY","AMBIGUOUS","","","0","0","0","0","AMBIGUOUS","AMBIGUOUS","0","0","0","0","0","","0","no",""
"google","","dropbox stock","AMBIGUOUS_QUERY","AMBIGUOUS","","","0","0","0","0","AMBIGUOUS","AMBIGUOUS","0","0","0","0","0","","0","no",""
"google","","dropbox stocks","AMBIGUOUS_QUERY","AMBIGUOUS","","","0","0","0","0","AMBIGUOUS","AMBIGUOUS","0","0","0","0","0","","0","no",""
"google","","dropbox valuation","AMBIGUOUS_QUERY","AMBIGUOUS","","","0","0","0","0","AMBIGUOUS","AMBIGUOUS","0","0","0","0","0","","0","no",""
"google","","dvlt full form","AMBIGUOUS_QUERY","AMBIGUOUS","","","0","0","0","0","AMBIGUOUS","AMBIGUOUS","0","0","0","0","0","","0","no",""
"google","","dx capital","AMBIGUOUS_QUERY","AMBIGUOUS","","","0","0","0","0","AMBIGUOUS","AMBIGUOUS","0","0","0","0","0","","0","no",""
"google","","dx stock","AMBIGUOUS_QUERY","AMBIGUOUS","","","0","0","0","0","AMBIGUOUS","AMBIGUOUS","0","0","0","0","0","","0","no",""
"google","","dynex capital","AMBIGUOUS_QUERY","AMBIGUOUS","","","0","0","0","0","AMBIGUOUS","AMBIGUOUS","0","0","0","0","0","","0","no",""
"google","","dynex capital stock","AMBIGUOUS_QUERY","AMBIGUOUS","","","0","0","0","0","AMBIGUOUS","AMBIGUOUS","0","0","0","0","0","","0","no",""
"google","","dynex corp","AMBIGUOUS_QUERY","AMBIGUOUS","","","0","0","0","0","AMBIGUOUS","AMBIGUOUS","0","0","0","0","0","","0","no",""
"google","","dynex financial","AMBIGUOUS_QUERY","AMBIGUOUS","","","0","0","0","0","AMBIGUOUS","AMBIGUOUS","0","0","0","0","0","","0","no",""
"google","","dynex stock price","AMBIGUOUS_QUERY","AMBIGUOUS","","","0","0","0","0","AMBIGUOUS","AMBIGUOUS","0","0","0","0","0","","0","no",""
"google","","elan corporation investors","AMBIGUOUS_QUERY","AMBIGUOUS","","","0","0","0","0","AMBIGUOUS","AMBIGUOUS","0","0","0","0","0","","0","no",""
"google","","elanco turnover","AMBIGUOUS_QUERY","AMBIGUOUS","","","0","0","0","0","AMBIGUOUS","AMBIGUOUS","0","0","0","0","0","","0","no",""
"google","","es ppl","AMBIGUOUS_QUERY","AMBIGUOUS","","","0","0","0","0","AMBIGUOUS","AMBIGUOUS","0","0","0","0","0","","0","no",""
"google","","eto share price","AMBIGUOUS_QUERY","AMBIGUOUS","","","0","0","0","0","AMBIGUOUS","AMBIGUOUS","0","0","0","0","0","","0","no",""
"google","","etoro share price","AMBIGUOUS_QUERY","AMBIGUOUS","","","0","0","0","0","AMBIGUOUS","AMBIGUOUS","0","0","0","0","0","","0","no",""
"google","","etoro stock","AMBIGUOUS_QUERY","AMBIGUOUS","","","0","0","0","0","AMBIGUOUS","AMBIGUOUS","0","0","0","0","0","","0","no",""
"google","","f-e-t offshore","AMBIGUOUS_QUERY","AMBIGUOUS","","","0","0","0","0","AMBIGUOUS","AMBIGUOUS","0","0","0","0","0","","0","no",""
"google","","face share price","AMBIGUOUS_QUERY","AMBIGUOUS","","","0","0","0","0","AMBIGUOUS","AMBIGUOUS","0","0","0","0","0","","0","no",""
"google","","facebook ebitda","AMBIGUOUS_QUERY","AMBIGUOUS","","","0","0","0","0","AMBIGUOUS","AMBIGUOUS","0","0","0","0","0","","0","no",""
"google","","fair value of meta stock","AMBIGUOUS_QUERY","AMBIGUOUS","","","0","0","0","0","AMBIGUOUS","AMBIGUOUS","0","0","0","0","0","","0","no",""
"google","","fast growing stocks","AMBIGUOUS_QUERY","AMBIGUOUS","","","0","0","0","0","AMBIGUOUS","AMBIGUOUS","0","0","0","0","0","","0","no",""
"google","","fast-growing stocks","AMBIGUOUS_QUERY","AMBIGUOUS","","","0","0","0","0","AMBIGUOUS","AMBIGUOUS","0","0","0","0","0","","0","no",""
"google","","fastest growing stock","AMBIGUOUS_QUERY","AMBIGUOUS","","","0","0","0","0","AMBIGUOUS","AMBIGUOUS","0","0","0","0","0","","0","no",""
"google","","fastest growing stock right now","AMBIGUOUS_QUERY","AMBIGUOUS","","","0","0","0","0","AMBIGUOUS","AMBIGUOUS","0","0","0","0","0","","0","no",""
"google","","fastest growing stocks","AMBIGUOUS_QUERY","AMBIGUOUS","","","0","0","0","0","AMBIGUOUS","AMBIGUOUS","0","0","0","0","0","","0","no",""
"google","","fastest growing stocks right now","AMBIGUOUS_QUERY","AMBIGUOUS","","","0","0","0","0","AMBIGUOUS","AMBIGUOUS","0","0","0","0","0","","0","no",""
"google","","fb shares outstanding","SHARES","SHARES","","","0","0","0","0","UNKNOWN","UNKNOWN","0","0","0","0","0","","0","no",""
"google","","fhn chicago","AMBIGUOUS_QUERY","AMBIGUOUS","","","0","0","0","0","AMBIGUOUS","AMBIGUOUS","0","0","0","0","0","","0","no",""
"google","","figr","AMBIGUOUS_QUERY","AMBIGUOUS","","","0","0","0","0","AMBIGUOUS","AMBIGUOUS","0","0","0","0","0","","0","no",""
"google","","figr quote","AMBIGUOUS_QUERY","AMBIGUOUS","","","0","0","0","0","AMBIGUOUS","AMBIGUOUS","0","0","0","0","0","","0","no",""
"google","","figr share price","AMBIGUOUS_QUERY","AMBIGUOUS","","","0","0","0","0","AMBIGUOUS","AMBIGUOUS","0","0","0","0","0","","0","no",""
"google","","figr stock","AMBIGUOUS_QUERY","AMBIGUOUS","","","0","0","0","0","AMBIGUOUS","AMBIGUOUS","0","0","0","0","0","","0","no",""
"google","","figr stock price","AMBIGUOUS_QUERY","AMBIGUOUS","","","0","0","0","0","AMBIGUOUS","AMBIGUOUS","0","0","0","0","0","","0","no",""
"google","","figure stock","AMBIGUOUS_QUERY","AMBIGUOUS","","","0","0","0","0","AMBIGUOUS","AMBIGUOUS","0","0","0","0","0","","0","no",""
"google","","figure stock price","AMBIGUOUS_QUERY","AMBIGUOUS","","","0","0","0","0","AMBIGUOUS","AMBIGUOUS","0","0","0","0","0","","0","no",""
"google","","figure technologies stock","AMBIGUOUS_QUERY","AMBIGUOUS","","","0","0","0","0","AMBIGUOUS","AMBIGUOUS","0","0","0","0","0","","0","no",""
"google","","figure technologies stock price","AMBIGUOUS_QUERY","AMBIGUOUS","","","0","0","0","0","AMBIGUOUS","AMBIGUOUS","0","0","0","0","0","","0","no",""
"google","","figure technology stock","AMBIGUOUS_QUERY","AMBIGUOUS","","","0","0","0","0","AMBIGUOUS","AMBIGUOUS","0","0","0","0","0","","0","no",""
"google","","fiscal ai pricing","AMBIGUOUS_QUERY","AMBIGUOUS","","","0","0","0","0","AMBIGUOUS","AMBIGUOUS","0","0","0","0","0","","0","no",""
"google","","ford vs nike","AMBIGUOUS_QUERY","AMBIGUOUS","","","0","0","0","0","AMBIGUOUS","AMBIGUOUS","0","0","0","0","0","","0","no",""
"google","","fox corporation terminal growth assumption changes","AMBIGUOUS_QUERY","AMBIGUOUS","","","0","0","0","0","AMBIGUOUS","AMBIGUOUS","0","0","0","0","0","","0","no",""
"google","","galaxy corporation valuation","AMBIGUOUS_QUERY","AMBIGUOUS","","","0","0","0","0","AMBIGUOUS","AMBIGUOUS","0","0","0","0","0","","0","no",""
"google","","gamestop annual revenue","REVENUE","REVENUE","","","0","0","0","0","UNKNOWN","UNKNOWN","0","0","0","0","0","","0","no",""
"google","","gamestop financials","AMBIGUOUS_QUERY","AMBIGUOUS","","","0","0","0","0","AMBIGUOUS","AMBIGUOUS","0","0","0","0","0","","0","no",""
"google","","gamestop net worth","AMBIGUOUS_QUERY","AMBIGUOUS","","","0","0","0","0","AMBIGUOUS","AMBIGUOUS","0","0","0","0","0","","0","no",""
"google","","gamestop revenue","REVENUE","REVENUE","","","0","0","0","0","UNKNOWN","UNKNOWN","0","0","0","0","0","","0","no",""
"google","","gaming and leisure properties","AMBIGUOUS_QUERY","AMBIGUOUS","","","0","0","0","0","AMBIGUOUS","AMBIGUOUS","0","0","0","0","0","","0","no",""
"google","","gap inc financials","AMBIGUOUS_QUERY","AMBIGUOUS","","","0","0","0","0","AMBIGUOUS","AMBIGUOUS","0","0","0","0","0","","0","no",""
"google","","gap inc net worth","AMBIGUOUS_QUERY","AMBIGUOUS","","","0","0","0","0","AMBIGUOUS","AMBIGUOUS","0","0","0","0","0","","0","no",""
"google","","gap inc revenue","REVENUE","REVENUE","","","0","0","0","0","UNKNOWN","UNKNOWN","0","0","0","0","0","","0","no",""
"google","","gates corporation revenue","REVENUE","REVENUE","","","0","0","0","0","UNKNOWN","UNKNOWN","0","0","0","0","0","","0","no",""
"google","","ge vernova vs ge aerospace","AMBIGUOUS_QUERY","AMBIGUOUS","","","0","0","0","0","AMBIGUOUS","AMBIGUOUS","0","0","0","0","0","","0","no",""
"google","","gmtlf","AMBIGUOUS_QUERY","AMBIGUOUS","","","0","0","0","0","AMBIGUOUS","AMBIGUOUS","0","0","0","0","0","","0","no",""
"google","","goog-20220930 revenue backlog remaining performance obligations","REVENUE","REVENUE","","","0","0","0","0","UNKNOWN","UNKNOWN","0","0","0","0","0","","0","no",""
"google","","googl financials","AMBIGUOUS_QUERY","AMBIGUOUS","","","0","0","0","0","AMBIGUOUS","AMBIGUOUS","0","0","0","0","0","","0","no",""
"google","","hafn stock","AMBIGUOUS_QUERY","AMBIGUOUS","","","0","0","0","0","AMBIGUOUS","AMBIGUOUS","0","0","0","0","0","","0","no",""
"google","","hafnia stock","AMBIGUOUS_QUERY","AMBIGUOUS","","","0","0","0","0","AMBIGUOUS","AMBIGUOUS","0","0","0","0","0","","0","no",""
"google","","hl portfolio","AMBIGUOUS_QUERY","AMBIGUOUS","","","0","0","0","0","AMBIGUOUS","AMBIGUOUS","0","0","0","0","0","","0","no",""
"google","","how big is jll","AMBIGUOUS_QUERY","AMBIGUOUS","","","0","0","0","0","AMBIGUOUS","AMBIGUOUS","0","0","0","0","0","","0","no",""
"google","","how much is microsoft worth","AMBIGUOUS_QUERY","AMBIGUOUS","","","0","0","0","0","AMBIGUOUS","AMBIGUOUS","0","0","0","0","0","","0","no",""
"google","","hrti llc","AMBIGUOUS_QUERY","AMBIGUOUS","","","0","0","0","0","AMBIGUOUS","AMBIGUOUS","0","0","0","0","0","","0","no",""
"google","","hut robinhood","AMBIGUOUS_QUERY","AMBIGUOUS","","","0","0","0","0","AMBIGUOUS","AMBIGUOUS","0","0","0","0","0","","0","no",""
"google","","ibkr c","AMBIGUOUS_QUERY","AMBIGUOUS","","","0","0","0","0","AMBIGUOUS","AMBIGUOUS","0","0","0","0","0","","0","no",""
"google","","ibm dell","AMBIGUOUS_QUERY","AMBIGUOUS","","","0","0","0","0","AMBIGUOUS","AMBIGUOUS","0","0","0","0","0","","0","no",""
"google","","ibm vs dell","AMBIGUOUS_QUERY","AMBIGUOUS","","","0","0","0","0","AMBIGUOUS","AMBIGUOUS","0","0","0","0","0","","0","no",""
"google","","is bdj a good investment","AMBIGUOUS_QUERY","AMBIGUOUS","","","0","0","0","0","AMBIGUOUS","AMBIGUOUS","0","0","0","0","0","","0","no",""
"google","","is bstz a good investment","AMBIGUOUS_QUERY","AMBIGUOUS","","","0","0","0","0","AMBIGUOUS","AMBIGUOUS","0","0","0","0","0","","0","no",""
"google","","is gap a publicly traded company","AMBIGUOUS_QUERY","AMBIGUOUS","","","0","0","0","0","AMBIGUOUS","AMBIGUOUS","0","0","0","0","0","","0","no",""
"google","","is jll a public company","AMBIGUOUS_QUERY","AMBIGUOUS","","","0","0","0","0","AMBIGUOUS","AMBIGUOUS","0","0","0","0","0","","0","no",""
"google","","is polaris publicly traded","AMBIGUOUS_QUERY","AMBIGUOUS","","","0","0","0","0","AMBIGUOUS","AMBIGUOUS","0","0","0","0","0","","0","no",""
"google","","is vg a good stock to buy","AMBIGUOUS_QUERY","AMBIGUOUS","","","0","0","0","0","AMBIGUOUS","AMBIGUOUS","0","0","0","0","0","","0","no",""
"google","","jbl vs ubiquiti","AMBIGUOUS_QUERY","AMBIGUOUS","","","0","0","0","0","AMBIGUOUS","AMBIGUOUS","0","0","0","0","0","","0","no",""
"google","","key principal","AMBIGUOUS_QUERY","AMBIGUOUS","","","0","0","0","0","AMBIGUOUS","AMBIGUOUS","0","0","0","0","0","","0","no",""
"google","","kmb kvue","AMBIGUOUS_QUERY","AMBIGUOUS","","","0","0","0","0","AMBIGUOUS","AMBIGUOUS","0","0","0","0","0","","0","no",""
"google","","kratos revenue","REVENUE","REVENUE","","","0","0","0","0","UNKNOWN","UNKNOWN","0","0","0","0","0","","0","no",""
"google","","lear revenue","REVENUE","REVENUE","","","0","0","0","0","UNKNOWN","UNKNOWN","0","0","0","0","0","","0","no",""
"google","","liberty live stock","AMBIGUOUS_QUERY","AMBIGUOUS","","","0","0","0","0","AMBIGUOUS","AMBIGUOUS","0","0","0","0","0","","0","no",""
"google","","lly jnj 관련주","AMBIGUOUS_QUERY","AMBIGUOUS","","","0","0","0","0","AMBIGUOUS","AMBIGUOUS","0","0","0","0","0","","0","no",""
"google","","llyvk","AMBIGUOUS_QUERY","AMBIGUOUS","","","0","0","0","0","AMBIGUOUS","AMBIGUOUS","0","0","0","0","0","","0","no",""
"google","","low p/e stocks","AMBIGUOUS_QUERY","AMBIGUOUS","","","0","0","0","0","AMBIGUOUS","AMBIGUOUS","0","0","0","0","0","","0","no",""
"google","","low pe growth stocks","AMBIGUOUS_QUERY","AMBIGUOUS","","","0","0","0","0","AMBIGUOUS","AMBIGUOUS","0","0","0","0","0","","0","no",""
"google","","low pe ratio companies","AMBIGUOUS_QUERY","AMBIGUOUS","","","0","0","0","0","AMBIGUOUS","AMBIGUOUS","0","0","0","0","0","","0","no",""
"google","","low pe ratio stocks","AMBIGUOUS_QUERY","AMBIGUOUS","","","0","0","0","0","AMBIGUOUS","AMBIGUOUS","0","0","0","0","0","","0","no",""
"google","","lowest pe growth stocks","AMBIGUOUS_QUERY","AMBIGUOUS","","","0","0","0","0","AMBIGUOUS","AMBIGUOUS","0","0","0","0","0","","0","no",""
"google","","lowest pe stocks","AMBIGUOUS_QUERY","AMBIGUOUS","","","0","0","0","0","AMBIGUOUS","AMBIGUOUS","0","0","0","0","0","","0","no",""
"google","","lowest pe stocks in s&p 500","AMBIGUOUS_QUERY","AMBIGUOUS","","","0","0","0","0","AMBIGUOUS","AMBIGUOUS","0","0","0","0","0","","0","no",""
"google","","lowest peg ratio stocks","AMBIGUOUS_QUERY","AMBIGUOUS","","","0","0","0","0","AMBIGUOUS","AMBIGUOUS","0","0","0","0","0","","0","no",""
"google","","lowest peg ratio stocks in s&p 500","AMBIGUOUS_QUERY","AMBIGUOUS","","","0","0","0","0","AMBIGUOUS","AMBIGUOUS","0","0","0","0","0","","0","no",""
"google","","ma vs v","AMBIGUOUS_QUERY","AMBIGUOUS","","","0","0","0","0","AMBIGUOUS","AMBIGUOUS","0","0","0","0","0","","0","no",""
"google","","ma vs v stock","AMBIGUOUS_QUERY","AMBIGUOUS","","","0","0","0","0","AMBIGUOUS","AMBIGUOUS","0","0","0","0","0","","0","no",""
"google","","mastec worth","AMBIGUOUS_QUERY","AMBIGUOUS","","","0","0","0","0","AMBIGUOUS","AMBIGUOUS","0","0","0","0","0","","0","no",""
"google","","mat turnover","AMBIGUOUS_QUERY","AMBIGUOUS","","","0","0","0","0","AMBIGUOUS","AMBIGUOUS","0","0","0","0","0","","0","no",""
"google","","medical properties trust logo","AMBIGUOUS_QUERY","AMBIGUOUS","","","0","0","0","0","AMBIGUOUS","AMBIGUOUS","0","0","0","0","0","","0","no",""
"google","","meta cash flow","AMBIGUOUS_QUERY","AMBIGUOUS","","","0","0","0","0","AMBIGUOUS","AMBIGUOUS","0","0","0","0","0","","0","no",""
"google","","meta ebitda margin","AMBIGUOUS_QUERY","AMBIGUOUS","","","0","0","0","0","AMBIGUOUS","AMBIGUOUS","0","0","0","0","0","","0","no",""
"google","","meta profit","AMBIGUOUS_QUERY","AMBIGUOUS","","","0","0","0","0","AMBIGUOUS","AMBIGUOUS","0","0","0","0","0","","0","no",""
"google","","meta profitability","AMBIGUOUS_QUERY","AMBIGUOUS","","","0","0","0","0","AMBIGUOUS","AMBIGUOUS","0","0","0","0","0","","0","no",""
"google","","metals company stock","AMBIGUOUS_QUERY","AMBIGUOUS","","","0","0","0","0","AMBIGUOUS","AMBIGUOUS","0","0","0","0","0","","0","no",""
"google","","microsoft gross margin","AMBIGUOUS_QUERY","AMBIGUOUS","","","0","0","0","0","AMBIGUOUS","AMBIGUOUS","0","0","0","0","0","","0","no",""
"google","","microsoft gross profit","AMBIGUOUS_QUERY","AMBIGUOUS","","","0","0","0","0","AMBIGUOUS","AMBIGUOUS","0","0","0","0","0","","0","no",""
"google","","microsoft gross profit margin","AMBIGUOUS_QUERY","AMBIGUOUS","","","0","0","0","0","AMBIGUOUS","AMBIGUOUS","0","0","0","0","0","","0","no",""
"google","","microsoft net income","NET_INCOME","NET_INCOME","","","0","0","0","0","UNKNOWN","UNKNOWN","0","0","0","0","0","","0","no",""
"google","","microsoft net profit margin","AMBIGUOUS_QUERY","AMBIGUOUS","","","0","0","0","0","AMBIGUOUS","AMBIGUOUS","0","0","0","0","0","","0","no",""
"google","","microsoft operating margin","AMBIGUOUS_QUERY","AMBIGUOUS","","","0","0","0","0","AMBIGUOUS","AMBIGUOUS","0","0","0","0","0","","0","no",""
"google","","microsoft profit margin","AMBIGUOUS_QUERY","AMBIGUOUS","","","0","0","0","0","AMBIGUOUS","AMBIGUOUS","0","0","0","0","0","","0","no",""
"google","","microsoft profit margins","AMBIGUOUS_QUERY","AMBIGUOUS","","","0","0","0","0","AMBIGUOUS","AMBIGUOUS","0","0","0","0","0","","0","no",""
"google","","microsoft return on equity","AMBIGUOUS_QUERY","AMBIGUOUS","","","0","0","0","0","AMBIGUOUS","AMBIGUOUS","0","0","0","0","0","","0","no",""
"google","","microsoft roe","AMBIGUOUS_QUERY","AMBIGUOUS","","","0","0","0","0","AMBIGUOUS","AMBIGUOUS","0","0","0","0","0","","0","no",""
"google","","microsoft worth","AMBIGUOUS_QUERY","AMBIGUOUS","","","0","0","0","0","AMBIGUOUS","AMBIGUOUS","0","0","0","0","0","","0","no",""
"google","","monday.com revenue","REVENUE","REVENUE","","","0","0","0","0","UNKNOWN","UNKNOWN","0","0","0","0","0","","0","no",""
"google","","morningstar revenue","REVENUE","REVENUE","","","0","0","0","0","UNKNOWN","UNKNOWN","0","0","0","0","0","","0","no",""
"google","","mpt earnings","AMBIGUOUS_QUERY","AMBIGUOUS","","","0","0","0","0","AMBIGUOUS","AMBIGUOUS","0","0","0","0","0","","0","no",""
"google","","mrvl vs anet","AMBIGUOUS_QUERY","AMBIGUOUS","","","0","0","0","0","AMBIGUOUS","AMBIGUOUS","0","0","0","0","0","","0","no",""
"google","","msft free cash flow","FCF","FCF","","","0","0","0","0","UNKNOWN","UNKNOWN","0","0","0","0","0","","0","no",""
"google","","msft net profit margin","AMBIGUOUS_QUERY","AMBIGUOUS","","","0","0","0","0","AMBIGUOUS","AMBIGUOUS","0","0","0","0","0","","0","no",""
"google","","murphy usa revenue","REVENUE","REVENUE","","","0","0","0","0","UNKNOWN","UNKNOWN","0","0","0","0","0","","0","no",""
"google","","n-able revenue","REVENUE","REVENUE","","","0","0","0","0","UNKNOWN","UNKNOWN","0","0","0","0","0","","0","no",""
"google","","nasdaq good financials","AMBIGUOUS_QUERY","AMBIGUOUS","","","0","0","0","0","AMBIGUOUS","AMBIGUOUS","0","0","0","0","0","","0","no",""
"google","","nasdaq googl financials","AMBIGUOUS_QUERY","AMBIGUOUS","","","0","0","0","0","AMBIGUOUS","AMBIGUOUS","0","0","0","0","0","","0","no",""
"google","","nasdaq owls","AMBIGUOUS_QUERY","AMBIGUOUS","","","0","0","0","0","AMBIGUOUS","AMBIGUOUS","0","0","0","0","0","","0","no",""
"google","","national vision revenue","REVENUE","REVENUE","","","0","0","0","0","UNKNOWN","UNKNOWN","0","0","0","0","0","","0","no",""
"google","","neogen revenue","REVENUE","REVENUE","","","0","0","0","0","UNKNOWN","UNKNOWN","0","0","0","0","0","","0","no",""
"google","","nike vs ford","AMBIGUOUS_QUERY","AMBIGUOUS","","","0","0","0","0","AMBIGUOUS","AMBIGUOUS","0","0","0","0","0","","0","no",""
"google","","nvda aapl","AMBIGUOUS_QUERY","AMBIGUOUS","","","0","0","0","0","AMBIGUOUS","AMBIGUOUS","0","0","0","0","0","","0","no",""
"google","","nws vs nwsa","AMBIGUOUS_QUERY","AMBIGUOUS","","","0","0","0","0","AMBIGUOUS","AMBIGUOUS","0","0","0","0","0","","0","no",""
"google","","oracle vs cisco","AMBIGUOUS_QUERY","AMBIGUOUS","","","0","0","0","0","AMBIGUOUS","AMBIGUOUS","0","0","0","0","0","","0","no",""
"google","","pi portfolio","AMBIGUOUS_QUERY","AMBIGUOUS","","","0","0","0","0","AMBIGUOUS","AMBIGUOUS","0","0","0","0","0","","0","no",""
"google","","playtika ltd. yelp","AMBIGUOUS_QUERY","AMBIGUOUS","","","0","0","0","0","AMBIGUOUS","AMBIGUOUS","0","0","0","0","0","","0","no",""
"google","","portfolio company support","AMBIGUOUS_QUERY","AMBIGUOUS","","","0","0","0","0","AMBIGUOUS","AMBIGUOUS","0","0","0","0","0","","0","no",""
"google","","ppc portfolio","AMBIGUOUS_QUERY","AMBIGUOUS","","","0","0","0","0","AMBIGUOUS","AMBIGUOUS","0","0","0","0","0","","0","no",""
"google","","profit margin of microsoft","AMBIGUOUS_QUERY","AMBIGUOUS","","","0","0","0","0","AMBIGUOUS","AMBIGUOUS","0","0","0","0","0","","0","no",""
"google","","prudential table ratings","AMBIGUOUS_QUERY","AMBIGUOUS","","","0","0","0","0","AMBIGUOUS","AMBIGUOUS","0","0","0","0","0","","0","no",""
"google","","ps public storage","AMBIGUOUS_QUERY","AMBIGUOUS","","","0","0","0","0","AMBIGUOUS","AMBIGUOUS","0","0","0","0","0","","0","no",""
"google","","psa public storage stock","AMBIGUOUS_QUERY","AMBIGUOUS","","","0","0","0","0","AMBIGUOUS","AMBIGUOUS","0","0","0","0","0","","0","no",""
"google","","public storage reit","AMBIGUOUS_QUERY","AMBIGUOUS","","","0","0","0","0","AMBIGUOUS","AMBIGUOUS","0","0","0","0","0","","0","no",""
"google","","pursuit attractions and hospitality stock","AMBIGUOUS_QUERY","AMBIGUOUS","","","0","0","0","0","AMBIGUOUS","AMBIGUOUS","0","0","0","0","0","","0","no",""
"google","","qorvo net worth","AMBIGUOUS_QUERY","AMBIGUOUS","","","0","0","0","0","AMBIGUOUS","AMBIGUOUS","0","0","0","0","0","","0","no",""
"google","","qsr market cap","AMBIGUOUS_QUERY","AMBIGUOUS","","","0","0","0","0","AMBIGUOUS","AMBIGUOUS","0","0","0","0","0","","0","no",""
"google","","qsr stocks","AMBIGUOUS_QUERY","AMBIGUOUS","","","0","0","0","0","AMBIGUOUS","AMBIGUOUS","0","0","0","0","0","","0","no",""
"google","","quickest growing stocks","AMBIGUOUS_QUERY","AMBIGUOUS","","","0","0","0","0","AMBIGUOUS","AMBIGUOUS","0","0","0","0","0","","0","no",""
"google","","qxo bld","AMBIGUOUS_QUERY","AMBIGUOUS","","","0","0","0","0","AMBIGUOUS","AMBIGUOUS","0","0","0","0","0","","0","no",""
"google","","regn","AMBIGUOUS_QUERY","AMBIGUOUS","","","0","0","0","0","AMBIGUOUS","AMBIGUOUS","0","0","0","0","0","","0","no",""
"google","","rithm","AMBIGUOUS_QUERY","AMBIGUOUS","","","0","0","0","0","AMBIGUOUS","AMBIGUOUS","0","0","0","0","0","","0","no",""
"google","","rithm capital","AMBIGUOUS_QUERY","AMBIGUOUS","","","0","0","0","0","AMBIGUOUS","AMBIGUOUS","0","0","0","0","0","","0","no",""
"google","","rithm capital corp","AMBIGUOUS_QUERY","AMBIGUOUS","","","0","0","0","0","AMBIGUOUS","AMBIGUOUS","0","0","0","0","0","","0","no",""
"google","","rithm capital corp.","AMBIGUOUS_QUERY","AMBIGUOUS","","","0","0","0","0","AMBIGUOUS","AMBIGUOUS","0","0","0","0","0","","0","no",""
"google","","rithm capital corporation","AMBIGUOUS_QUERY","AMBIGUOUS","","","0","0","0","0","AMBIGUOUS","AMBIGUOUS","0","0","0","0","0","","0","no",""
"google","","rithm mortgage","AMBIGUOUS_QUERY","AMBIGUOUS","","","0","0","0","0","AMBIGUOUS","AMBIGUOUS","0","0","0","0","0","","0","no",""
"google","","rithm reit","AMBIGUOUS_QUERY","AMBIGUOUS","","","0","0","0","0","AMBIGUOUS","AMBIGUOUS","0","0","0","0","0","","0","no",""
"google","","robinhood mco","AMBIGUOUS_QUERY","AMBIGUOUS","","","0","0","0","0","AMBIGUOUS","AMBIGUOUS","0","0","0","0","0","","0","no",""
"google","","royce value trust inc","AMBIGUOUS_QUERY","AMBIGUOUS","","","0","0","0","0","AMBIGUOUS","AMBIGUOUS","0","0","0","0","0","","0","no",""
"google","","rpc energy","AMBIGUOUS_QUERY","AMBIGUOUS","","","0","0","0","0","AMBIGUOUS","AMBIGUOUS","0","0","0","0","0","","0","no",""
"google","","rpc energy services","AMBIGUOUS_QUERY","AMBIGUOUS","","","0","0","0","0","AMBIGUOUS","AMBIGUOUS","0","0","0","0","0","","0","no",""
"google","","rpc inc","AMBIGUOUS_QUERY","AMBIGUOUS","","","0","0","0","0","AMBIGUOUS","AMBIGUOUS","0","0","0","0","0","","0","no",""
"google","","rpc inc stock","AMBIGUOUS_QUERY","AMBIGUOUS","","","0","0","0","0","AMBIGUOUS","AMBIGUOUS","0","0","0","0","0","","0","no",""
"google","","rpc stock","AMBIGUOUS_QUERY","AMBIGUOUS","","","0","0","0","0","AMBIGUOUS","AMBIGUOUS","0","0","0","0","0","","0","no",""
"google","","safe bulkers stock","AMBIGUOUS_QUERY","AMBIGUOUS","","","0","0","0","0","AMBIGUOUS","AMBIGUOUS","0","0","0","0","0","","0","no",""
"google","","safeway profits","AMBIGUOUS_QUERY","AMBIGUOUS","","","0","0","0","0","AMBIGUOUS","AMBIGUOUS","0","0","0","0","0","","0","no",""
"google","","scholastic net worth","AMBIGUOUS_QUERY","AMBIGUOUS","","","0","0","0","0","AMBIGUOUS","AMBIGUOUS","0","0","0","0","0","","0","no",""
"google","","sdrlf stock","AMBIGUOUS_QUERY","AMBIGUOUS","","","0","0","0","0","AMBIGUOUS","AMBIGUOUS","0","0","0","0","0","","0","no",""
"google","","se stock","AMBIGUOUS_QUERY","AMBIGUOUS","","","0","0","0","0","AMBIGUOUS","AMBIGUOUS","0","0","0","0","0","","0","no",""
"google","","sea share price","AMBIGUOUS_QUERY","AMBIGUOUS","","","0","0","0","0","AMBIGUOUS","AMBIGUOUS","0","0","0","0","0","","0","no",""
"google","","sea stock","AMBIGUOUS_QUERY","AMBIGUOUS","","","0","0","0","0","AMBIGUOUS","AMBIGUOUS","0","0","0","0","0","","0","no",""
"google","","seagroup share price","AMBIGUOUS_QUERY","AMBIGUOUS","","","0","0","0","0","AMBIGUOUS","AMBIGUOUS","0","0","0","0","0","","0","no",""
"google","","selective insurance revenue","REVENUE","REVENUE","","","0","0","0","0","UNKNOWN","UNKNOWN","0","0","0","0","0","","0","no",""
"google","","serv robotics stock","AMBIGUOUS_QUERY","AMBIGUOUS","","","0","0","0","0","AMBIGUOUS","AMBIGUOUS","0","0","0","0","0","","0","no",""
"google","","serve robotics stock","AMBIGUOUS_QUERY","AMBIGUOUS","","","0","0","0","0","AMBIGUOUS","AMBIGUOUS","0","0","0","0","0","","0","no",""
"google","","service robotics stock","AMBIGUOUS_QUERY","AMBIGUOUS","","","0","0","0","0","AMBIGUOUS","AMBIGUOUS","0","0","0","0","0","","0","no",""
"google","","sesquient coupon","AMBIGUOUS_QUERY","AMBIGUOUS","","","0","0","0","0","AMBIGUOUS","AMBIGUOUS","0","0","0","0","0","","0","no",""
"google","","shares below book value","AMBIGUOUS_QUERY","AMBIGUOUS","","","0","0","0","0","AMBIGUOUS","AMBIGUOUS","0","0","0","0","0","","0","no",""
"google","","sharesight pricing","AMBIGUOUS_QUERY","AMBIGUOUS","","","0","0","0","0","AMBIGUOUS","AMBIGUOUS","0","0","0","0","0","","0","no",""
"google","","sherwin williams annual revenue","REVENUE","REVENUE","","","0","0","0","0","UNKNOWN","UNKNOWN","0","0","0","0","0","","0","no",""
"google","","sherwin williams net worth","AMBIGUOUS_QUERY","AMBIGUOUS","","","0","0","0","0","AMBIGUOUS","AMBIGUOUS","0","0","0","0","0","","0","no",""
"google","","sherwin williams share price","AMBIGUOUS_QUERY","AMBIGUOUS","","","0","0","0","0","AMBIGUOUS","AMBIGUOUS","0","0","0","0","0","","0","no",""
"google","","sherwin williams stocks","AMBIGUOUS_QUERY","AMBIGUOUS","","","0","0","0","0","AMBIGUOUS","AMBIGUOUS","0","0","0","0","0","","0","no",""
"google","","sherwin-williams net worth","AMBIGUOUS_QUERY","AMBIGUOUS","","","0","0","0","0","AMBIGUOUS","AMBIGUOUS","0","0","0","0","0","","0","no",""
"google","","sherwin-williams share price","AMBIGUOUS_QUERY","AMBIGUOUS","","","0","0","0","0","AMBIGUOUS","AMBIGUOUS","0","0","0","0","0","","0","no",""
"google","","simply wall","AMBIGUOUS_QUERY","AMBIGUOUS","","","0","0","0","0","AMBIGUOUS","AMBIGUOUS","0","0","0","0","0","","0","no",""
"google","","simply wall st","AMBIGUOUS_QUERY","AMBIGUOUS","","","0","0","0","0","AMBIGUOUS","AMBIGUOUS","0","0","0","0","0","","0","no",""
"google","","simply wall st cost","AMBIGUOUS_QUERY","AMBIGUOUS","","","0","0","0","0","AMBIGUOUS","AMBIGUOUS","0","0","0","0","0","","0","no",""
"google","","simply wall st portfolio","AMBIGUOUS_QUERY","AMBIGUOUS","","","0","0","0","0","AMBIGUOUS","AMBIGUOUS","0","0","0","0","0","","0","no",""
"google","","simply wall street","AMBIGUOUS_QUERY","AMBIGUOUS","","","0","0","0","0","AMBIGUOUS","AMBIGUOUS","0","0","0","0","0","","0","no",""
"google","","simply wall street cost","AMBIGUOUS_QUERY","AMBIGUOUS","","","0","0","0","0","AMBIGUOUS","AMBIGUOUS","0","0","0","0","0","","0","no",""
"google","","simply wall street price","AMBIGUOUS_QUERY","AMBIGUOUS","","","0","0","0","0","AMBIGUOUS","AMBIGUOUS","0","0","0","0","0","","0","no",""
"google","","simply wall street pricing","AMBIGUOUS_QUERY","AMBIGUOUS","","","0","0","0","0","AMBIGUOUS","AMBIGUOUS","0","0","0","0","0","","0","no",""
"google","","simply wall street subscription","AMBIGUOUS_QUERY","AMBIGUOUS","","","0","0","0","0","AMBIGUOUS","AMBIGUOUS","0","0","0","0","0","","0","no",""
"google","","simply wall street website","AMBIGUOUS_QUERY","AMBIGUOUS","","","0","0","0","0","AMBIGUOUS","AMBIGUOUS","0","0","0","0","0","","0","no",""
"google","","sndx","AMBIGUOUS_QUERY","AMBIGUOUS","","","0","0","0","0","AMBIGUOUS","AMBIGUOUS","0","0","0","0","0","","0","no",""
"google","","snowflake marketcap","AMBIGUOUS_QUERY","AMBIGUOUS","","","0","0","0","0","AMBIGUOUS","AMBIGUOUS","0","0","0","0","0","","0","no",""
"google","","sofi stock twits","AMBIGUOUS_QUERY","AMBIGUOUS","","","0","0","0","0","AMBIGUOUS","AMBIGUOUS","0","0","0","0","0","","0","no",""
"google","","sofi stocktwits","AMBIGUOUS_QUERY","AMBIGUOUS","","","0","0","0","0","AMBIGUOUS","AMBIGUOUS","0","0","0","0","0","","0","no",""
"google","","solid power stock","AMBIGUOUS_QUERY","AMBIGUOUS","","","0","0","0","0","AMBIGUOUS","AMBIGUOUS","0","0","0","0","0","","0","no",""
"google","","spnt stock","AMBIGUOUS_QUERY","AMBIGUOUS","","","0","0","0","0","AMBIGUOUS","AMBIGUOUS","0","0","0","0","0","","0","no",""
"google","","stag industrial reit","AMBIGUOUS_QUERY","AMBIGUOUS","","","0","0","0","0","AMBIGUOUS","AMBIGUOUS","0","0","0","0","0","","0","no",""
"google","","stag industries","AMBIGUOUS_QUERY","AMBIGUOUS","","","0","0","0","0","AMBIGUOUS","AMBIGUOUS","0","0","0","0","0","","0","no",""
"google","","stag profit","AMBIGUOUS_QUERY","AMBIGUOUS","","","0","0","0","0","AMBIGUOUS","AMBIGUOUS","0","0","0","0","0","","0","no",""
"google","","stock aio","AMBIGUOUS_QUERY","AMBIGUOUS","","","0","0","0","0","AMBIGUOUS","AMBIGUOUS","0","0","0","0","0","","0","no",""
"google","","stock below book value","AMBIGUOUS_QUERY","AMBIGUOUS","","","0","0","0","0","AMBIGUOUS","AMBIGUOUS","0","0","0","0","0","","0","no",""
"google","","stock companies","AMBIGUOUS_QUERY","AMBIGUOUS","","","0","0","0","0","AMBIGUOUS","AMBIGUOUS","0","0","0","0","0","","0","no",""
"google","","stock company list","AMBIGUOUS_QUERY","AMBIGUOUS","","","0","0","0","0","AMBIGUOUS","AMBIGUOUS","0","0","0","0","0","","0","no",""
"google","","stock holding companies","AMBIGUOUS_QUERY","AMBIGUOUS","","","0","0","0","0","AMBIGUOUS","AMBIGUOUS","0","0","0","0","0","","0","no",""
"google","","stock por","AMBIGUOUS_QUERY","AMBIGUOUS","","","0","0","0","0","AMBIGUOUS","AMBIGUOUS","0","0","0","0","0","","0","no",""
"google","","stock portfolio","AMBIGUOUS_QUERY","AMBIGUOUS","","","0","0","0","0","AMBIGUOUS","AMBIGUOUS","0","0","0","0","0","","0","no",""
"google","","stock price total","AMBIGUOUS_QUERY","AMBIGUOUS","","","0","0","0","0","AMBIGUOUS","AMBIGUOUS","0","0","0","0","0","","0","no",""
"google","","stock sherwin williams","AMBIGUOUS_QUERY","AMBIGUOUS","","","0","0","0","0","AMBIGUOUS","AMBIGUOUS","0","0","0","0","0","","0","no",""
"google","","stock with lowest pe ratio","AMBIGUOUS_QUERY","AMBIGUOUS","","","0","0","0","0","AMBIGUOUS","AMBIGUOUS","0","0","0","0","0","","0","no",""
"google","","stockanalysis com","AMBIGUOUS_QUERY","AMBIGUOUS","","","0","0","0","0","AMBIGUOUS","AMBIGUOUS","0","0","0","0","0","","0","no",""
"google","","stockportfolio","AMBIGUOUS_QUERY","AMBIGUOUS","","","0","0","0","0","AMBIGUOUS","AMBIGUOUS","0","0","0","0","0","","0","no",""
"google","","stocks less than book value","AMBIGUOUS_QUERY","AMBIGUOUS","","","0","0","0","0","AMBIGUOUS","AMBIGUOUS","0","0","0","0","0","","0","no",""
"google","","stocks that are rising fast","AMBIGUOUS_QUERY","AMBIGUOUS","","","0","0","0","0","AMBIGUOUS","AMBIGUOUS","0","0","0","0","0","","0","no",""
"google","","stocks with low p/e","AMBIGUOUS_QUERY","AMBIGUOUS","","","0","0","0","0","AMBIGUOUS","AMBIGUOUS","0","0","0","0","0","","0","no",""
"google","","stocks with lowest pe","AMBIGUOUS_QUERY","AMBIGUOUS","","","0","0","0","0","AMBIGUOUS","AMBIGUOUS","0","0","0","0","0","","0","no",""
"google","","stwd ticker","AMBIGUOUS_QUERY","AMBIGUOUS","","","0","0","0","0","AMBIGUOUS","AMBIGUOUS","0","0","0","0","0","","0","no",""
"google","","surgical stock","AMBIGUOUS_QUERY","AMBIGUOUS","","","0","0","0","0","AMBIGUOUS","AMBIGUOUS","0","0","0","0","0","","0","no",""
"google","","swarmer stock","AMBIGUOUS_QUERY","AMBIGUOUS","","","0","0","0","0","AMBIGUOUS","AMBIGUOUS","0","0","0","0","0","","0","no",""
"google","","syndax pharmaceuticals stock","AMBIGUOUS_QUERY","AMBIGUOUS","","","0","0","0","0","AMBIGUOUS","AMBIGUOUS","0","0","0","0","0","","0","no",""
"google","","target annual revenue","REVENUE","REVENUE","","","0","0","0","0","UNKNOWN","UNKNOWN","0","0","0","0","0","","0","no",""
"google","","teladoc revenue","REVENUE","REVENUE","","","0","0","0","0","UNKNOWN","UNKNOWN","0","0","0","0","0","","0","no",""
"google","","teva market cap","AMBIGUOUS_QUERY","AMBIGUOUS","","","0","0","0","0","AMBIGUOUS","AMBIGUOUS","0","0","0","0","0","","0","no",""
"google","","the metal company share price","AMBIGUOUS_QUERY","AMBIGUOUS","","","0","0","0","0","AMBIGUOUS","AMBIGUOUS","0","0","0","0","0","","0","no",""
"google","","the metal company stock","AMBIGUOUS_QUERY","AMBIGUOUS","","","0","0","0","0","AMBIGUOUS","AMBIGUOUS","0","0","0","0","0","","0","no",""
"google","","the metals company stock","AMBIGUOUS_QUERY","AMBIGUOUS","","","0","0","0","0","AMBIGUOUS","AMBIGUOUS","0","0","0","0","0","","0","no",""
"google","","thor industries revenue","REVENUE","REVENUE","","","0","0","0","0","UNKNOWN","UNKNOWN","0","0","0","0","0","","0","no",""
"google","","tikr pricing","AMBIGUOUS_QUERY","AMBIGUOUS","","","0","0","0","0","AMBIGUOUS","AMBIGUOUS","0","0","0","0","0","","0","no",""
"google","","tmc mining stock","AMBIGUOUS_QUERY","AMBIGUOUS","","","0","0","0","0","AMBIGUOUS","AMBIGUOUS","0","0","0","0","0","","0","no",""
"google","","tmc robinhood","AMBIGUOUS_QUERY","AMBIGUOUS","","","0","0","0","0","AMBIGUOUS","AMBIGUOUS","0","0","0","0","0","","0","no",""
"google","","tmc stock","AMBIGUOUS_QUERY","AMBIGUOUS","","","0","0","0","0","AMBIGUOUS","AMBIGUOUS","0","0","0","0","0","","0","no",""
"google","","tmc stock robinhood","AMBIGUOUS_QUERY","AMBIGUOUS","","","0","0","0","0","AMBIGUOUS","AMBIGUOUS","0","0","0","0","0","","0","no",""
"google","","tmq stock","AMBIGUOUS_QUERY","AMBIGUOUS","","","0","0","0","0","AMBIGUOUS","AMBIGUOUS","0","0","0","0","0","","0","no",""
"google","","total energie stock","AMBIGUOUS_QUERY","AMBIGUOUS","","","0","0","0","0","AMBIGUOUS","AMBIGUOUS","0","0","0","0","0","","0","no",""
"google","","total energies share price","AMBIGUOUS_QUERY","AMBIGUOUS","","","0","0","0","0","AMBIGUOUS","AMBIGUOUS","0","0","0","0","0","","0","no",""
"google","","total energies stock","AMBIGUOUS_QUERY","AMBIGUOUS","","","0","0","0","0","AMBIGUOUS","AMBIGUOUS","0","0","0","0","0","","0","no",""
"google","","total energy stock","AMBIGUOUS_QUERY","AMBIGUOUS","","","0","0","0","0","AMBIGUOUS","AMBIGUOUS","0","0","0","0","0","","0","no",""
"google","","total sa stock","AMBIGUOUS_QUERY","AMBIGUOUS","","","0","0","0","0","AMBIGUOUS","AMBIGUOUS","0","0","0","0","0","","0","no",""
"google","","total se stock","AMBIGUOUS_QUERY","AMBIGUOUS","","","0","0","0","0","AMBIGUOUS","AMBIGUOUS","0","0","0","0","0","","0","no",""
"google","","total share price","AMBIGUOUS_QUERY","AMBIGUOUS","","","0","0","0","0","AMBIGUOUS","AMBIGUOUS","0","0","0","0","0","","0","no",""
"google","","trust bank stock","AMBIGUOUS_QUERY","AMBIGUOUS","","","0","0","0","0","AMBIGUOUS","AMBIGUOUS","0","0","0","0","0","","0","no",""
"google","","ttc share price","AMBIGUOUS_QUERY","AMBIGUOUS","","","0","0","0","0","AMBIGUOUS","AMBIGUOUS","0","0","0","0","0","","0","no",""
"google","","ua vs uaa","AMBIGUOUS_QUERY","AMBIGUOUS","","","0","0","0","0","AMBIGUOUS","AMBIGUOUS","0","0","0","0","0","","0","no",""
"google","","uaa vs ua","AMBIGUOUS_QUERY","AMBIGUOUS","","","0","0","0","0","AMBIGUOUS","AMBIGUOUS","0","0","0","0","0","","0","no",""
"google","","ubiquiti vs jbl","AMBIGUOUS_QUERY","AMBIGUOUS","","","0","0","0","0","AMBIGUOUS","AMBIGUOUS","0","0","0","0","0","","0","no",""
"google","","uipath revenue","REVENUE","REVENUE","","","0","0","0","0","UNKNOWN","UNKNOWN","0","0","0","0","0","","0","no",""
"google","","under armor net worth","AMBIGUOUS_QUERY","AMBIGUOUS","","","0","0","0","0","AMBIGUOUS","AMBIGUOUS","0","0","0","0","0","","0","no",""
"google","","under armour income statement","AMBIGUOUS_QUERY","AMBIGUOUS","","","0","0","0","0","AMBIGUOUS","AMBIGUOUS","0","0","0","0","0","","0","no",""
"google","","under armour net worth","AMBIGUOUS_QUERY","AMBIGUOUS","","","0","0","0","0","AMBIGUOUS","AMBIGUOUS","0","0","0","0","0","","0","no",""
"google","","under armour revenue","REVENUE","REVENUE","","","0","0","0","0","UNKNOWN","UNKNOWN","0","0","0","0","0","","0","no",""
"google","","under armour vs peloton","AMBIGUOUS_QUERY","AMBIGUOUS","","","0","0","0","0","AMBIGUOUS","AMBIGUOUS","0","0","0","0","0","","0","no",""
"google","","unf pt","AMBIGUOUS_QUERY","AMBIGUOUS","","","0","0","0","0","AMBIGUOUS","AMBIGUOUS","0","0","0","0","0","","0","no",""
"google","","upwork annual revenue","REVENUE","REVENUE","","","0","0","0","0","UNKNOWN","UNKNOWN","0","0","0","0","0","","0","no",""
"google","","upwork earning","AMBIGUOUS_QUERY","AMBIGUOUS","","","0","0","0","0","AMBIGUOUS","AMBIGUOUS","0","0","0","0","0","","0","no",""
"google","","upwork financials","AMBIGUOUS_QUERY","AMBIGUOUS","","","0","0","0","0","AMBIGUOUS","AMBIGUOUS","0","0","0","0","0","","0","no",""
"google","","upwork revenue","REVENUE","REVENUE","","","0","0","0","0","UNKNOWN","UNKNOWN","0","0","0","0","0","","0","no",""
"google","","upwork valuation","AMBIGUOUS_QUERY","AMBIGUOUS","","","0","0","0","0","AMBIGUOUS","AMBIGUOUS","0","0","0","0","0","","0","no",""
"google","","venture global vs cheniere","AMBIGUOUS_QUERY","AMBIGUOUS","","","0","0","0","0","AMBIGUOUS","AMBIGUOUS","0","0","0","0","0","","0","no",""
"google","","venture global vs cheniere energy comparison","AMBIGUOUS_QUERY","AMBIGUOUS","","","0","0","0","0","AMBIGUOUS","AMBIGUOUS","0","0","0","0","0","","0","no",""
"google","","venture global vs cheniere energy comparison 2026","AMBIGUOUS_QUERY","AMBIGUOUS","","","0","0","0","0","AMBIGUOUS","AMBIGUOUS","0","0","0","0","0","","0","no",""
"google","","viking stock","AMBIGUOUS_QUERY","AMBIGUOUS","","","0","0","0","0","AMBIGUOUS","AMBIGUOUS","0","0","0","0","0","","0","no",""
"google","","vikingtherapeutics","AMBIGUOUS_QUERY","AMBIGUOUS","","","0","0","0","0","AMBIGUOUS","AMBIGUOUS","0","0","0","0","0","","0","no",""
"google","","visa profit","AMBIGUOUS_QUERY","AMBIGUOUS","","","0","0","0","0","AMBIGUOUS","AMBIGUOUS","0","0","0","0","0","","0","no",""
"google","","visa stock performance","AMBIGUOUS_QUERY","AMBIGUOUS","","","0","0","0","0","AMBIGUOUS","AMBIGUOUS","0","0","0","0","0","","0","no",""
"google","","vsfhb","AMBIGUOUS_QUERY","AMBIGUOUS","","","0","0","0","0","AMBIGUOUS","AMBIGUOUS","0","0","0","0","0","","0","no",""
"google","","wallstreetzen","AMBIGUOUS_QUERY","AMBIGUOUS","","","0","0","0","0","AMBIGUOUS","AMBIGUOUS","0","0","0","0","0","","0","no",""
"google","","wallstreetzen review","AMBIGUOUS_QUERY","AMBIGUOUS","","","0","0","0","0","AMBIGUOUS","AMBIGUOUS","0","0","0","0","0","","0","no",""
"google","","western lng stock","AMBIGUOUS_QUERY","AMBIGUOUS","","","0","0","0","0","AMBIGUOUS","AMBIGUOUS","0","0","0","0","0","","0","no",""
"google","","western midstream revenue","REVENUE","REVENUE","","","0","0","0","0","UNKNOWN","UNKNOWN","0","0","0","0","0","","0","no",""
"google","","what is ampx","AMBIGUOUS_QUERY","AMBIGUOUS","","","0","0","0","0","AMBIGUOUS","AMBIGUOUS","0","0","0","0","0","","0","no",""
"google","","what is tmc stock","AMBIGUOUS_QUERY","AMBIGUOUS","","","0","0","0","0","AMBIGUOUS","AMBIGUOUS","0","0","0","0","0","","0","no",""
"google","","wpm stock","AMBIGUOUS_QUERY","AMBIGUOUS","","","0","0","0","0","AMBIGUOUS","AMBIGUOUS","0","0","0","0","0","","0","no",""
"google","","wts coinbase account -site:coinbase.com","AMBIGUOUS_QUERY","AMBIGUOUS","","","0","0","0","0","AMBIGUOUS","AMBIGUOUS","0","0","0","0","0","","0","no",""
"google","","xanadu quantum stock","AMBIGUOUS_QUERY","AMBIGUOUS","","","0","0","0","0","AMBIGUOUS","AMBIGUOUS","0","0","0","0","0","","0","no",""
