page,clicks,impressions,ctr,position
https://www.stockportfolio.pro/,2,49,0.04081632653061224,12.63265306122449
https://www.stockportfolio.pro/compare/ARM-vs-LRCX,2,13,0.15384615384615385,7.3076923076923075
https://www.stockportfolio.pro/compare/BN-vs-BNY,1,2,0.5,6.5
https://www.stockportfolio.pro/compare/CDNS-vs-FTNT,1,3,0.3333333333333333,5.666666666666667
https://www.stockportfolio.pro/compare/CHTR-vs-ROKU,1,3,0.3333333333333333,4.333333333333334
https://www.stockportfolio.pro/compare/CLS-vs-GFS,1,2,0.5,2
https://www.stockportfolio.pro/compare/COHR-vs-INTU,1,1,1,2
https://www.stockportfolio.pro/compare/CSGP-vs-JLL,1,1,1,9
https://www.stockportfolio.pro/compare/CVBF-vs-UTG,1,3,0.3333333333333333,27.333333333333332
https://www.stockportfolio.pro/compare/EA-vs-TTWO,1,54,0.018518518518518517,9.648148148148149
https://www.stockportfolio.pro/compare/LB-vs-MUR,1,23,0.043478260869565216,6.956521739130435
https://www.stockportfolio.pro/compare/LNG-vs-VG,1,27,0.037037037037037035,8.296296296296298
https://www.stockportfolio.pro/compare/MRVL-vs-WDC,1,12,0.08333333333333333,5.166666666666667
https://www.stockportfolio.pro/compare/MTX-vs-NGVT,1,1,1,10
https://www.stockportfolio.pro/stocks/JBHT/pe-ratio,1,1,1,6
https://www.stockportfolio.pro/company.html?symbol=CHRW,0,1,0,35
https://www.stockportfolio.pro/company?symbol=AEP,0,2,0,58
https://www.stockportfolio.pro/company?symbol=AIO,0,1,0,64
https://www.stockportfolio.pro/company?symbol=AIT,0,2,0,39.5
https://www.stockportfolio.pro/company?symbol=ALB,0,1,0,86
https://www.stockportfolio.pro/company?symbol=ANF,0,1,0,50
https://www.stockportfolio.pro/company?symbol=APG,0,6,0,37.666666666666664
https://www.stockportfolio.pro/company?symbol=APGE,0,1,0,54
https://www.stockportfolio.pro/company?symbol=AYI,0,1,0,56
https://www.stockportfolio.pro/company?symbol=BHF,0,1,0,67
https://www.stockportfolio.pro/company?symbol=BILL,0,1,0,47
https://www.stockportfolio.pro/company?symbol=BMI,0,1,0,89
https://www.stockportfolio.pro/company?symbol=BR,0,1,0,61
https://www.stockportfolio.pro/company?symbol=BURL,0,3,0,45.666666666666664
https://www.stockportfolio.pro/company?symbol=CMG,0,1,0,94
https://www.stockportfolio.pro/company?symbol=DIOD,0,1,0,65
https://www.stockportfolio.pro/company?symbol=DPG,0,1,0,53
https://www.stockportfolio.pro/company?symbol=DVN,0,1,0,75
https://www.stockportfolio.pro/company?symbol=ELAN,0,1,0,88
https://www.stockportfolio.pro/company?symbol=EME,0,1,0,57
https://www.stockportfolio.pro/company?symbol=EPRT,0,2,0,50
https://www.stockportfolio.pro/company?symbol=ESAB,0,1,0,68
https://www.stockportfolio.pro/company?symbol=ESNT,0,1,0,59
https://www.stockportfolio.pro/company?symbol=ETO,0,2,0,42.5
https://www.stockportfolio.pro/company?symbol=EVR,0,2,0,50.5
https://www.stockportfolio.pro/company?symbol=F,0,2,0,47.5
https://www.stockportfolio.pro/company?symbol=FBP,0,4,0,43.5
https://www.stockportfolio.pro/company?symbol=GEMI,0,1,0,5
https://www.stockportfolio.pro/company?symbol=GOLF,0,1,0,70
https://www.stockportfolio.pro/company?symbol=HAE,0,1,0,49
https://www.stockportfolio.pro/company?symbol=HCC,0,4,0,36.25
https://www.stockportfolio.pro/company?symbol=HL,0,4,0,27.75
https://www.stockportfolio.pro/company?symbol=HR,0,1,0,67
https://www.stockportfolio.pro/company?symbol=HXL,0,1,0,48
https://www.stockportfolio.pro/company?symbol=INDV,0,2,0,55.5
https://www.stockportfolio.pro/company?symbol=IONS,0,1,0,54
https://www.stockportfolio.pro/company?symbol=KALU,0,1,0,62
https://www.stockportfolio.pro/company?symbol=KNF,0,4,0,42
https://www.stockportfolio.pro/company?symbol=KNTK,0,3,0,56.333333333333336
https://www.stockportfolio.pro/company?symbol=LEGN,0,2,0,46
https://www.stockportfolio.pro/company?symbol=LRN,0,4,0,35.25
https://www.stockportfolio.pro/company?symbol=MAT,0,1,0,93
https://www.stockportfolio.pro/company?symbol=MSGS,0,1,0,45
https://www.stockportfolio.pro/company?symbol=MTB,0,1,0,22
https://www.stockportfolio.pro/company?symbol=MTZ,0,1,0,60
https://www.stockportfolio.pro/company?symbol=MU,0,1,0,42
https://www.stockportfolio.pro/company?symbol=PATK,0,3,0,46.666666666666664
https://www.stockportfolio.pro/company?symbol=PI,0,2,0,94
https://www.stockportfolio.pro/company?symbol=PRSU,0,2,0,4
https://www.stockportfolio.pro/company?symbol=PSX,0,2,0,36.5
https://www.stockportfolio.pro/company?symbol=QDEL,0,1,0,55
https://www.stockportfolio.pro/company?symbol=QUBT,0,1,0,55
https://www.stockportfolio.pro/company?symbol=REGN,0,1,0,78
https://www.stockportfolio.pro/company?symbol=ROIV,0,2,0,56.5
https://www.stockportfolio.pro/company?symbol=RRC,0,4,0,37.25
https://www.stockportfolio.pro/company?symbol=SKYW,0,4,0,40.75
https://www.stockportfolio.pro/company?symbol=STEL,0,1,0,64
https://www.stockportfolio.pro/company?symbol=STT,0,3,0,40.666666666666664
https://www.stockportfolio.pro/company?symbol=STWD,0,1,0,56
https://www.stockportfolio.pro/company?symbol=SYK,0,2,0,51.5
https://www.stockportfolio.pro/company?symbol=TMUS,0,1,0,53
https://www.stockportfolio.pro/company?symbol=UMBF,0,1,0,36
https://www.stockportfolio.pro/company?symbol=UNF,0,1,0,41
https://www.stockportfolio.pro/company?symbol=UNIT,0,1,0,8
https://www.stockportfolio.pro/company?symbol=VSH,0,2,0,50.5
https://www.stockportfolio.pro/company?symbol=WD,0,2,0,60
https://www.stockportfolio.pro/company?symbol=WS,0,1,0,5
https://www.stockportfolio.pro/company?symbol=WTRG,0,1,0,58
https://www.stockportfolio.pro/company?symbol=XEL,0,3,0,34.333333333333336
https://www.stockportfolio.pro/company?symbol=XRAY,0,3,0,55.333333333333336
https://www.stockportfolio.pro/company?symbol=YUMC,0,4,0,39.75
https://www.stockportfolio.pro/compare,0,2,0,3
https://www.stockportfolio.pro/compare/AA-vs-CX,0,1,0,6
https://www.stockportfolio.pro/compare/AAL-vs-ACM,0,1,0,62
https://www.stockportfolio.pro/compare/AAL-vs-AVAV,0,1,0,72
https://www.stockportfolio.pro/compare/AAMI-vs-FBK,0,1,0,86
https://www.stockportfolio.pro/compare/AAPL-vs-NVDA,0,2,0,50.5
https://www.stockportfolio.pro/compare/AB-vs-FHB,0,1,0,8
https://www.stockportfolio.pro/compare/ABAT-vs-MTW,0,5,0,62.6
https://www.stockportfolio.pro/compare/ABBV-vs-INCY,0,1,0,70
https://www.stockportfolio.pro/compare/ABBV-vs-LLY,0,1,0,7
https://www.stockportfolio.pro/compare/ABBV-vs-MRK,0,2,0,7
https://www.stockportfolio.pro/compare/ABM-vs-FA,0,1,0,88
https://www.stockportfolio.pro/compare/ABNB-vs-H,0,1,0,88
https://www.stockportfolio.pro/compare/ABNB-vs-MELI,0,1,0,2
https://www.stockportfolio.pro/compare/ABNB-vs-PHIN,0,1,0,12
https://www.stockportfolio.pro/compare/ABR-vs-SVC,0,1,0,82
https://www.stockportfolio.pro/compare/ABT-vs-AMGN,0,3,0,6.333333333333333
https://www.stockportfolio.pro/compare/ABT-vs-AZN,0,1,0,5
https://www.stockportfolio.pro/compare/ABT-vs-BMY,0,1,0,10
https://www.stockportfolio.pro/compare/ABT-vs-TMO,0,1,0,8
https://www.stockportfolio.pro/compare/ABX-vs-AWF,0,1,0,7
https://www.stockportfolio.pro/compare/ACDC-vs-PBT,0,2,0,8
https://www.stockportfolio.pro/compare/ACGL-vs-FFIN,0,1,0,13
https://www.stockportfolio.pro/compare/ACHR-vs-BETA,0,3,0,7.666666666666667
https://www.stockportfolio.pro/compare/ACHV-vs-CTMX,0,1,0,41
https://www.stockportfolio.pro/compare/ACI-vs-SFD,0,1,0,77
https://www.stockportfolio.pro/compare/ACI-vs-SFM,0,1,0,5
https://www.stockportfolio.pro/compare/ACM-vs-BR,0,1,0,36
https://www.stockportfolio.pro/compare/ACMR-vs-NOVT,0,2,0,4
https://www.stockportfolio.pro/compare/ACN-vs-ADBE,0,2,0,7.5
https://www.stockportfolio.pro/compare/ACN-vs-ADP,0,3,0,17
https://www.stockportfolio.pro/compare/ACN-vs-CDNS,0,1,0,4
https://www.stockportfolio.pro/compare/ACN-vs-COHR,0,1,0,38
https://www.stockportfolio.pro/compare/ACN-vs-FICO,0,1,0,8
https://www.stockportfolio.pro/compare/ACN-vs-FTNT,0,1,0,4
https://www.stockportfolio.pro/compare/ACN-vs-INTU,0,1,0,2
https://www.stockportfolio.pro/compare/ACN-vs-IPGP,0,1,0,92
https://www.stockportfolio.pro/compare/ACNB-vs-STEL,0,1,0,46
https://www.stockportfolio.pro/compare/ACTG-vs-SIDU,0,1,0,6
https://www.stockportfolio.pro/compare/ADBE-vs-ADP,0,1,0,4
https://www.stockportfolio.pro/compare/ADBE-vs-INTU,0,1,0,90
https://www.stockportfolio.pro/compare/ADC-vs-BRX,0,1,0,69
https://www.stockportfolio.pro/compare/ADI-vs-QCOM,0,6,0,12.666666666666666
https://www.stockportfolio.pro/compare/ADI-vs-SNPS,0,1,0,11
https://www.stockportfolio.pro/compare/ADM-vs-SYY,0,4,0,3.75
https://www.stockportfolio.pro/compare/ADNT-vs-BOBS,0,1,0,8
https://www.stockportfolio.pro/compare/ADP-vs-FTNT,0,8,0,10.25
https://www.stockportfolio.pro/compare/ADP-vs-LZ,0,1,0,66
https://www.stockportfolio.pro/compare/ADSK-vs-INFY,0,1,0,6
https://www.stockportfolio.pro/compare/ADSK-vs-MCHP,0,1,0,2
https://www.stockportfolio.pro/compare/ADSK-vs-MSFT,0,1,0,89
https://www.stockportfolio.pro/compare/ADSK-vs-NSSC,0,1,0,14
https://www.stockportfolio.pro/compare/ADT-vs-CPA,0,2,0,6.5
https://www.stockportfolio.pro/compare/ADTN-vs-RDWR,0,1,0,28
https://www.stockportfolio.pro/compare/ADV-vs-NRDS,0,1,0,68
https://www.stockportfolio.pro/compare/AEHR-vs-BHE,0,4,0,22.5
https://www.stockportfolio.pro/compare/AEO-vs-VAC,0,1,0,10
https://www.stockportfolio.pro/compare/AEP-vs-CEG,0,1,0,9
https://www.stockportfolio.pro/compare/AERO-vs-AMPX,0,2,0,67
https://www.stockportfolio.pro/compare/AFL-vs-KNSL,0,1,0,2
https://www.stockportfolio.pro/compare/AFL-vs-NU,0,4,0,3
https://www.stockportfolio.pro/compare/AFRM-vs-SOFI,0,1,0,3
https://www.stockportfolio.pro/compare/AFRM-vs-TW,0,3,0,50
https://www.stockportfolio.pro/compare/AGCO-vs-OSK,0,3,0,2
https://www.stockportfolio.pro/compare/AGI-vs-CDE,0,1,0,8
https://www.stockportfolio.pro/compare/AGNC-vs-EGP,0,2,0,80
https://www.stockportfolio.pro/compare/AHRT-vs-CTO,0,2,0,61.5
https://www.stockportfolio.pro/compare/AI-vs-CNXC,0,1,0,66
https://www.stockportfolio.pro/compare/AIG-vs-COIN,0,1,0,10
https://www.stockportfolio.pro/compare/AIP-vs-BL,0,4,0,20.25
https://www.stockportfolio.pro/compare/AIP-vs-EVCM,0,1,0,56
https://www.stockportfolio.pro/compare/AIZ-vs-ECPG,0,1,0,75
https://www.stockportfolio.pro/compare/AIZ-vs-GL,0,2,0,6.5
https://www.stockportfolio.pro/compare/AIZ-vs-ICE,0,1,0,94
https://www.stockportfolio.pro/compare/AJG-vs-ALL,0,2,0,3
https://www.stockportfolio.pro/compare/AJG-vs-TFC,0,1,0,81
https://www.stockportfolio.pro/compare/AKTS-vs-NUTX,0,1,0,17
https://www.stockportfolio.pro/compare/ALAB-vs-CIEN,0,2,0,2
https://www.stockportfolio.pro/compare/ALAB-vs-CRWV,0,1,0,6
https://www.stockportfolio.pro/compare/ALAB-vs-TEL,0,1,0,4
https://www.stockportfolio.pro/compare/ALAB-vs-TER,0,13,0,6.153846153846154
https://www.stockportfolio.pro/compare/ALC-vs-WAT,0,1,0,5
https://www.stockportfolio.pro/compare/ALGM-vs-CORZ,0,1,0,9
https://www.stockportfolio.pro/compare/ALGM-vs-MANH,0,1,0,33
https://www.stockportfolio.pro/compare/ALGN-vs-JNJ,0,1,0,40
https://www.stockportfolio.pro/compare/ALIT-vs-IBEX,0,1,0,58
https://www.stockportfolio.pro/compare/ALKS-vs-GKOS,0,3,0,85
https://www.stockportfolio.pro/compare/ALL-vs-MET,0,18,0,11.444444444444445
https://www.stockportfolio.pro/compare/ALLE-vs-CR,0,1,0,41
https://www.stockportfolio.pro/compare/ALLE-vs-GEV,0,1,0,97
https://www.stockportfolio.pro/compare/ALLE-vs-HON,0,1,0,12
https://www.stockportfolio.pro/compare/ALLO-vs-ANL,0,1,0,9
https://www.stockportfolio.pro/compare/ALLY-vs-HUT,0,1,0,11
https://www.stockportfolio.pro/compare/ALMS-vs-GRAL,0,1,0,99
https://www.stockportfolio.pro/compare/ALNY-vs-HUM,0,1,0,2
https://www.stockportfolio.pro/compare/ALNY-vs-IDXX,0,1,0,3
https://www.stockportfolio.pro/compare/ALSN-vs-CAVA,0,1,0,12
https://www.stockportfolio.pro/compare/ALX-vs-BFS,0,1,0,37
https://www.stockportfolio.pro/compare/AMAL-vs-BHRB,0,2,0,42.5
https://www.stockportfolio.pro/compare/AMAT-vs-CSCO,0,1,0,12
https://www.stockportfolio.pro/compare/AMAT-vs-KLAC,0,2,0,10.5
https://www.stockportfolio.pro/compare/AMAT-vs-PLTR,0,1,0,10
https://www.stockportfolio.pro/compare/AMAT-vs-SNDK,0,5,0,7
https://www.stockportfolio.pro/compare/AMBA-vs-VISN,0,1,0,11
https://www.stockportfolio.pro/compare/AMBP-vs-BKE,0,1,0,80
https://www.stockportfolio.pro/compare/AMBP-vs-UAA,0,2,0,28.5
https://www.stockportfolio.pro/compare/AMC-vs-DV,0,2,0,8.5
https://www.stockportfolio.pro/compare/AMC-vs-GENI,0,2,0,20.5
https://www.stockportfolio.pro/compare/AMC-vs-OPRA,0,1,0,4
https://www.stockportfolio.pro/compare/AMC-vs-WB,0,2,0,5
https://www.stockportfolio.pro/compare/AMCR-vs-WS,0,2,0,18
https://www.stockportfolio.pro/compare/AMD-vs-AVGO,0,1,0,41
https://www.stockportfolio.pro/compare/AMD-vs-CRM,0,1,0,5
https://www.stockportfolio.pro/compare/AMD-vs-CSCO,0,2,0,5.5
https://www.stockportfolio.pro/compare/AMD-vs-KLAC,0,2,0,4.5
https://www.stockportfolio.pro/compare/AMD-vs-ORCL,0,1,0,10
https://www.stockportfolio.pro/compare/AME-vs-HII,0,1,0,32
https://www.stockportfolio.pro/compare/AME-vs-TDG,0,1,0,10
https://www.stockportfolio.pro/compare/AMGN-vs-AZN,0,2,0,9
https://www.stockportfolio.pro/compare/AMGN-vs-BIO,0,1,0,93
https://www.stockportfolio.pro/compare/AMKR-vs-LSCC,0,1,0,2
https://www.stockportfolio.pro/compare/AMKR-vs-TTMI,0,3,0,41.333333333333336
https://www.stockportfolio.pro/compare/AMP-vs-ARES,0,1,0,11
https://www.stockportfolio.pro/compare/AMP-vs-ERIE,0,1,0,56
https://www.stockportfolio.pro/compare/AMP-vs-HIG,0,1,0,22
https://www.stockportfolio.pro/compare/AMP-vs-TWO,0,1,0,99
https://www.stockportfolio.pro/compare/AMPX-vs-DAC,0,2,0,28.5
https://www.stockportfolio.pro/compare/AMR-vs-CTVA,0,2,0,19
https://www.stockportfolio.pro/compare/AMRX-vs-HNGE,0,1,0,49
https://www.stockportfolio.pro/compare/AMSC-vs-PRLB,0,1,0,60
https://www.stockportfolio.pro/compare/AMSC-vs-RCAT,0,1,0,94
https://www.stockportfolio.pro/compare/AMT-vs-DLR,0,1,0,12
https://www.stockportfolio.pro/compare/AMT-vs-O,0,2,0,9
https://www.stockportfolio.pro/compare/AMTB-vs-EVT,0,1,0,12
https://www.stockportfolio.pro/compare/AMTB-vs-FSBC,0,2,0,37.5
https://www.stockportfolio.pro/compare/AMZN-vs-GM,0,2,0,7
https://www.stockportfolio.pro/compare/AMZN-vs-HD,0,1,0,4
https://www.stockportfolio.pro/compare/AMZN-vs-TSLA,0,2,0,6.5
https://www.stockportfolio.pro/compare/ANET-vs-APH,0,6,0,7.166666666666667
https://www.stockportfolio.pro/compare/ANET-vs-GLW,0,3,0,5
https://www.stockportfolio.pro/compare/ANET-vs-MRVL,0,8,0,12.125
https://www.stockportfolio.pro/compare/ANET-vs-PANW,0,4,0,8
https://www.stockportfolio.pro/compare/AON-vs-CPAY,0,1,0,7
https://www.stockportfolio.pro/compare/APA-vs-RRC,0,1,0,4
https://www.stockportfolio.pro/compare/APC-vs-RES,0,1,0,23
https://www.stockportfolio.pro/compare/APG-vs-EFX,0,1,0,2
https://www.stockportfolio.pro/compare/APG-vs-LII,0,3,0,68.33333333333333
https://www.stockportfolio.pro/compare/APG-vs-RBC,0,1,0,6
https://www.stockportfolio.pro/compare/APH-vs-MRVL,0,4,0,4.5
https://www.stockportfolio.pro/compare/APH-vs-PANW,0,1,0,10
https://www.stockportfolio.pro/compare/APLD-vs-CACI,0,1,0,63
https://www.stockportfolio.pro/compare/APLD-vs-ZBRA,0,1,0,4
https://www.stockportfolio.pro/compare/APO-vs-CME,0,1,0,7
https://www.stockportfolio.pro/compare/APO-vs-TFC,0,1,0,28
https://www.stockportfolio.pro/compare/APOG-vs-KFRC,0,1,0,30
https://www.stockportfolio.pro/compare/APOG-vs-MATW,0,2,0,5
https://www.stockportfolio.pro/compare/APP-vs-NBIS,0,3,0,3.6666666666666665
https://www.stockportfolio.pro/compare/APP-vs-VZ,0,3,0,87
https://www.stockportfolio.pro/compare/AQN-vs-MDU,0,1,0,2
https://www.stockportfolio.pro/compare/AR-vs-RRC,0,1,0,4
https://www.stockportfolio.pro/compare/ARDT-vs-MPLT,0,1,0,71
https://www.stockportfolio.pro/compare/ARGX-vs-REGN,0,1,0,5
https://www.stockportfolio.pro/compare/ARIS-vs-CGAU,0,1,0,6
https://www.stockportfolio.pro/compare/ARLO-vs-HLMN,0,1,0,48
https://www.stockportfolio.pro/compare/ARM-vs-PLTR,0,1,0,6
https://www.stockportfolio.pro/compare/ARX-vs-FSK,0,1,0,12
https://www.stockportfolio.pro/compare/ARXS-vs-BWXT,0,2,0,5
https://www.stockportfolio.pro/compare/AS-vs-IP,0,2,0,50.5
https://www.stockportfolio.pro/compare/ASPI-vs-GROY,0,3,0,79.33333333333333
https://www.stockportfolio.pro/compare/ATEN-vs-BRZE,0,1,0,34
https://www.stockportfolio.pro/compare/ATEX-vs-YELP,0,1,0,18
https://www.stockportfolio.pro/compare/ATO-vs-XEL,0,2,0,8
https://www.stockportfolio.pro/compare/ATRO-vs-RDW,0,12,0,4.083333333333334
https://www.stockportfolio.pro/compare/AUPH-vs-IMNM,0,2,0,35.5
https://www.stockportfolio.pro/compare/AURA-vs-RLMD,0,1,0,1
https://www.stockportfolio.pro/compare/AVA-vs-NWE,0,1,0,53
https://www.stockportfolio.pro/compare/AVAH-vs-PRGO,0,1,0,46
https://www.stockportfolio.pro/compare/AVAV-vs-JOBY,0,1,0,7
https://www.stockportfolio.pro/compare/AVB-vs-EQR,0,1,0,79
https://www.stockportfolio.pro/compare/AVGO-vs-INTC,0,2,0,8.5
https://www.stockportfolio.pro/compare/AVGO-vs-MSFT,0,3,0,13.666666666666666
https://www.stockportfolio.pro/compare/AVGO-vs-MU,0,8,0,9
https://www.stockportfolio.pro/compare/AVNS-vs-URGN,0,1,0,43
https://www.stockportfolio.pro/compare/AVY-vs-STLD,0,1,0,96
https://www.stockportfolio.pro/compare/AWK-vs-XEL,0,1,0,85
https://www.stockportfolio.pro/compare/AWR-vs-NWE,0,1,0,78
https://www.stockportfolio.pro/compare/AXG-vs-HIPO,0,4,0,1
https://www.stockportfolio.pro/compare/AXG-vs-HRTG,0,4,0,2
https://www.stockportfolio.pro/compare/AXON-vs-HII,0,1,0,39
https://www.stockportfolio.pro/compare/AXP-vs-BLK,0,2,0,8
https://www.stockportfolio.pro/compare/AXP-vs-WFC,0,2,0,15
https://www.stockportfolio.pro/compare/AXTI-vs-DOX,0,1,0,31
https://www.stockportfolio.pro/compare/AZN-vs-NVS,0,1,0,7
https://www.stockportfolio.pro/compare/AZN-vs-TMO,0,4,0,9.5
https://www.stockportfolio.pro/compare/BA-vs-CAT,0,2,0,6
https://www.stockportfolio.pro/compare/BA-vs-DY,0,1,0,2
https://www.stockportfolio.pro/compare/BA-vs-JBHT,0,1,0,69
https://www.stockportfolio.pro/compare/BA-vs-RTX,0,3,0,7.666666666666667
https://www.stockportfolio.pro/compare/BA-vs-RUSHA,0,1,0,29
https://www.stockportfolio.pro/compare/BAC-vs-MS,0,4,0,5.5
https://www.stockportfolio.pro/compare/BALL-vs-WS,0,2,0,22
https://www.stockportfolio.pro/compare/BATRA-vs-MSGE,0,2,0,10
https://www.stockportfolio.pro/compare/BBWI-vs-MMYT,0,1,0,43
https://www.stockportfolio.pro/compare/BCC-vs-HUN,0,2,0,7
https://www.stockportfolio.pro/compare/BCPC-vs-MTRN,0,3,0,29
https://www.stockportfolio.pro/compare/BDJ-vs-LIFE,0,2,0,29
https://www.stockportfolio.pro/compare/BDN-vs-GOOD,0,2,0,11
https://www.stockportfolio.pro/compare/BDX-vs-EW,0,1,0,2
https://www.stockportfolio.pro/compare/BEAM-vs-RLAY,0,2,0,7.5
https://www.stockportfolio.pro/compare/BEN-vs-UNM,0,1,0,26
https://www.stockportfolio.pro/compare/BEP-vs-PPL,0,1,0,67
https://www.stockportfolio.pro/compare/BEPC-vs-CWEN.A,0,2,0,48
https://www.stockportfolio.pro/compare/BFLY-vs-VIR,0,1,0,35
https://www.stockportfolio.pro/compare/BG-vs-DG,0,1,0,11
https://www.stockportfolio.pro/compare/BGB-vs-TREE,0,1,0,4
https://www.stockportfolio.pro/compare/BGSI-vs-SAH,0,2,0,91.5
https://www.stockportfolio.pro/compare/BGY-vs-VCV,0,1,0,83
https://www.stockportfolio.pro/compare/BHE-vs-HIMX,0,1,0,12
https://www.stockportfolio.pro/compare/BHE-vs-PENG,0,3,0,35.333333333333336
https://www.stockportfolio.pro/compare/BHP-vs-FCX,0,1,0,9
https://www.stockportfolio.pro/compare/BHP-vs-RIO,0,1,0,10
https://www.stockportfolio.pro/compare/BIIB-vs-BIO,0,1,0,4
https://www.stockportfolio.pro/compare/BIIB-vs-DXCM,0,1,0,5
https://www.stockportfolio.pro/compare/BILL-vs-KN,0,1,0,4
https://www.stockportfolio.pro/compare/BIO-vs-BRKR,0,1,0,35
https://www.stockportfolio.pro/compare/BK-vs-BNY,0,11,0,11.363636363636363
https://www.stockportfolio.pro/compare/BK-vs-KKR,0,1,0,16
https://www.stockportfolio.pro/compare/BKNG-vs-DFH,0,1,0,98
https://www.stockportfolio.pro/compare/BKNG-vs-RCL,0,1,0,8
https://www.stockportfolio.pro/compare/BKR-vs-KMI,0,1,0,9
https://www.stockportfolio.pro/compare/BLD-vs-QXO,0,2,0,9
https://www.stockportfolio.pro/compare/BLFS-vs-HROW,0,1,0,31
https://www.stockportfolio.pro/compare/BLFS-vs-MLTX,0,1,0,10
https://www.stockportfolio.pro/compare/BLK-vs-BX,0,5,0,33.8
https://www.stockportfolio.pro/compare/BLK-vs-SCHW,0,4,0,16
https://www.stockportfolio.pro/compare/BLLN-vs-CAI,0,1,0,9
https://www.stockportfolio.pro/compare/BLSH-vs-VECO,0,3,0,32.66666666666667
https://www.stockportfolio.pro/compare/BMI-vs-LIF,0,1,0,11
https://www.stockportfolio.pro/compare/BMNR-vs-WAL,0,1,0,73
https://www.stockportfolio.pro/compare/BMRC-vs-HMN,0,1,0,68
https://www.stockportfolio.pro/compare/BNY-vs-PNC,0,6,0,6
https://www.stockportfolio.pro/compare/BOBS-vs-LIND,0,3,0,66.33333333333333
https://www.stockportfolio.pro/compare/BP-vs-SLB,0,2,0,5.5
https://www.stockportfolio.pro/compare/BP-vs-WMB,0,1,0,10
https://www.stockportfolio.pro/compare/BR-vs-SSNC,0,1,0,4
https://www.stockportfolio.pro/compare/BRAI-vs-CNXC,0,2,0,31.5
https://www.stockportfolio.pro/compare/BRK.B-vs-JPM,0,3,0,11
https://www.stockportfolio.pro/compare/BRKR-vs-HALO,0,2,0,6
https://www.stockportfolio.pro/compare/BROS-vs-DPZ,0,1,0,2
https://www.stockportfolio.pro/compare/BRUN-vs-CTS,0,2,0,33
https://www.stockportfolio.pro/compare/BRUN-vs-VPG,0,2,0,12.5
https://www.stockportfolio.pro/compare/BRX-vs-CPT,0,1,0,16
https://www.stockportfolio.pro/compare/BSTZ-vs-LC,0,1,0,58
https://www.stockportfolio.pro/compare/BTG-vs-OGC,0,1,0,9
https://www.stockportfolio.pro/compare/BTG-vs-TFPM,0,1,0,4
https://www.stockportfolio.pro/compare/BUD-vs-MDLZ,0,1,0,8
https://www.stockportfolio.pro/compare/BULL-vs-DAVE,0,5,0,7.4
https://www.stockportfolio.pro/compare/BULL-vs-NTSK,0,2,0,9.5
https://www.stockportfolio.pro/compare/BVN-vs-EQX,0,1,0,34
https://www.stockportfolio.pro/compare/BVS-vs-TRAX,0,1,0,98
https://www.stockportfolio.pro/compare/BWAY-vs-GYRE,0,1,0,6
https://www.stockportfolio.pro/compare/BWXT-vs-FPS,0,1,0,95
https://www.stockportfolio.pro/compare/BXP-vs-CPT,0,1,0,88
https://www.stockportfolio.pro/compare/BZH-vs-FOXF,0,1,0,19
https://www.stockportfolio.pro/compare/C-vs-IBKR,0,1,0,5
https://www.stockportfolio.pro/compare/C-vs-MS,0,1,0,4
https://www.stockportfolio.pro/compare/CACC-vs-SIGI,0,1,0,1
https://www.stockportfolio.pro/compare/CAG-vs-CPB,0,1,0,6
https://www.stockportfolio.pro/compare/CAG-vs-TAL,0,1,0,4
https://www.stockportfolio.pro/compare/CAH-vs-REGN,0,1,0,4
https://www.stockportfolio.pro/compare/CAKE-vs-VGNT,0,1,0,8
https://www.stockportfolio.pro/compare/CARR-vs-GWW,0,3,0,7
https://www.stockportfolio.pro/compare/CASY-vs-CPNG,0,1,0,9
https://www.stockportfolio.pro/compare/CASY-vs-QSR,0,1,0,11
https://www.stockportfolio.pro/compare/CAT-vs-GEV,0,18,0,9.38888888888889
https://www.stockportfolio.pro/compare/CB-vs-PGR,0,1,0,10
https://www.stockportfolio.pro/compare/CBRE-vs-DLR,0,1,0,9
https://www.stockportfolio.pro/compare/CBRE-vs-WPC,0,1,0,3
https://www.stockportfolio.pro/compare/CBRS-vs-CRDO,0,29,0,5.379310344827586
https://www.stockportfolio.pro/compare/CBRS-vs-CRWV,0,8,0,5.875
https://www.stockportfolio.pro/compare/CBRS-vs-FLEX,0,5,0,9.8
https://www.stockportfolio.pro/compare/CBT-vs-MTRN,0,1,0,6
https://www.stockportfolio.pro/compare/CBU-vs-FHB,0,1,0,6
https://www.stockportfolio.pro/compare/CBU-vs-GBDC,0,2,0,82
https://www.stockportfolio.pro/compare/CBZ-vs-PLPC,0,2,0,55.5
https://www.stockportfolio.pro/compare/CCL-vs-PRSU,0,1,0,64
https://www.stockportfolio.pro/compare/CCL-vs-VIK,0,1,0,5
https://www.stockportfolio.pro/compare/CDE-vs-RGLD,0,1,0,5
https://www.stockportfolio.pro/compare/CDNL-vs-LZ,0,1,0,35
https://www.stockportfolio.pro/compare/CDP-vs-HHH,0,1,0,5
https://www.stockportfolio.pro/compare/CEG-vs-DUK,0,5,0,9.8
https://www.stockportfolio.pro/compare/CEG-vs-XEL,0,2,0,5.5
https://www.stockportfolio.pro/compare/CENT-vs-TR,0,1,0,84
https://www.stockportfolio.pro/compare/CEPF-vs-IIM,0,1,0,21
https://www.stockportfolio.pro/compare/CFG-vs-CINF,0,1,0,10
https://www.stockportfolio.pro/compare/CG-vs-EWBC,0,1,0,1
https://www.stockportfolio.pro/compare/CG-vs-OWL,0,2,0,8
https://www.stockportfolio.pro/compare/CG-vs-UNM,0,1,0,100
https://www.stockportfolio.pro/compare/CHCT-vs-XRN,0,1,0,3
https://www.stockportfolio.pro/compare/CHD-vs-DG,0,1,0,7
https://www.stockportfolio.pro/compare/CHRD-vs-NOV,0,1,0,94
https://www.stockportfolio.pro/compare/CHRW-vs-EXPD,0,4,0,8.75
https://www.stockportfolio.pro/compare/CHYM-vs-PAYC,0,3,0,11.666666666666666
https://www.stockportfolio.pro/compare/CI-vs-ELV,0,2,0,6
https://www.stockportfolio.pro/compare/CI-vs-HCA,0,1,0,10
https://www.stockportfolio.pro/compare/CIEN-vs-HPE,0,5,0,5
https://www.stockportfolio.pro/compare/CIEN-vs-TER,0,2,0,3.5
https://www.stockportfolio.pro/compare/CL-vs-MDLZ,0,1,0,6
https://www.stockportfolio.pro/compare/CLOV-vs-TMDX,0,1,0,87
https://www.stockportfolio.pro/compare/CLVT-vs-DXC,0,1,0,4
https://www.stockportfolio.pro/compare/CLVT-vs-HLIT,0,2,0,3
https://www.stockportfolio.pro/compare/CLYM-vs-TLRY,0,2,0,5
https://www.stockportfolio.pro/compare/CMCO-vs-ERII,0,1,0,90
https://www.stockportfolio.pro/compare/CMG-vs-EBAY,0,1,0,43
https://www.stockportfolio.pro/compare/CMG-vs-PLNT,0,1,0,8
https://www.stockportfolio.pro/compare/CMI-vs-PWR,0,3,0,4
https://www.stockportfolio.pro/compare/CMP-vs-FMC,0,1,0,47
https://www.stockportfolio.pro/compare/CMP-vs-UAN,0,1,0,4
https://www.stockportfolio.pro/compare/CMPR-vs-CXT,0,1,0,24
https://www.stockportfolio.pro/compare/CMS-vs-XEL,0,2,0,6
https://www.stockportfolio.pro/compare/CNA-vs-GLXY,0,1,0,74
https://www.stockportfolio.pro/compare/CNA-vs-HUT,0,1,0,71
https://www.stockportfolio.pro/compare/CNP-vs-XEL,0,3,0,5.333333333333333
https://www.stockportfolio.pro/compare/CNR-vs-CNX,0,2,0,2
https://www.stockportfolio.pro/compare/COAG-vs-URGN,0,1,0,78
https://www.stockportfolio.pro/compare/COHR-vs-STM,0,3,0,6.666666666666667
https://www.stockportfolio.pro/compare/COHU-vs-ICHR,0,3,0,4.666666666666666
https://www.stockportfolio.pro/compare/COLD-vs-HHH,0,1,0,15
https://www.stockportfolio.pro/compare/COLM-vs-VGNT,0,1,0,55
https://www.stockportfolio.pro/compare/COP-vs-EQNR,0,1,0,2
https://www.stockportfolio.pro/compare/COP-vs-SOBO,0,1,0,34
https://www.stockportfolio.pro/compare/COR-vs-MDLN,0,1,0,4
https://www.stockportfolio.pro/compare/COST-vs-KO,0,2,0,10.5
https://www.stockportfolio.pro/compare/COST-vs-PG,0,6,0,14.5
https://www.stockportfolio.pro/compare/CPAY-vs-TEAM,0,1,0,3
https://www.stockportfolio.pro/compare/CPB-vs-PPC,0,1,0,48
https://www.stockportfolio.pro/compare/CPK-vs-MGEE,0,1,0,3
https://www.stockportfolio.pro/compare/CQP-vs-VG,0,1,0,12
https://www.stockportfolio.pro/compare/CRCT-vs-SCSC,0,3,0,69.66666666666667
https://www.stockportfolio.pro/compare/CRDO-vs-CRWV,0,5,0,5.2
https://www.stockportfolio.pro/compare/CRL-vs-OSCR,0,1,0,72
https://www.stockportfolio.pro/compare/CRM-vs-SHOP,0,1,0,5
https://www.stockportfolio.pro/compare/CRML-vs-ELVR,0,1,0,11
https://www.stockportfolio.pro/compare/CRS-vs-JBHT,0,1,0,7
https://www.stockportfolio.pro/compare/CRWD-vs-GLW,0,1,0,2
https://www.stockportfolio.pro/compare/CRWD-vs-WDC,0,2,0,44.5
https://www.stockportfolio.pro/compare/CRWV-vs-MCHP,0,1,0,4
https://www.stockportfolio.pro/compare/CSCO-vs-INTC,0,3,0,8.333333333333332
https://www.stockportfolio.pro/compare/CSCO-vs-LRCX,0,1,0,9
https://www.stockportfolio.pro/compare/CSCO-vs-ORCL,0,9,0,11.11111111111111
https://www.stockportfolio.pro/compare/CTRE-vs-FR,0,1,0,44
https://www.stockportfolio.pro/compare/CVI-vs-TRMD,0,1,0,9
https://www.stockportfolio.pro/compare/CVX-vs-SHEL,0,1,0,10
https://www.stockportfolio.pro/compare/CVX-vs-TTE,0,2,0,9
https://www.stockportfolio.pro/compare/CW-vs-DOV,0,1,0,30
https://www.stockportfolio.pro/compare/CWEN-vs-CWEN.A,0,1,0,16
https://www.stockportfolio.pro/compare/CWST-vs-MATX,0,1,0,6
https://www.stockportfolio.pro/compare/CWT-vs-HTO,0,1,0,5
https://www.stockportfolio.pro/compare/CYRX-vs-KRNT,0,1,0,90
https://www.stockportfolio.pro/compare/D-vs-DUK,0,1,0,22
https://www.stockportfolio.pro/compare/DAL-vs-ROK,0,1,0,2
https://www.stockportfolio.pro/compare/DASH-vs-GM,0,1,0,12
https://www.stockportfolio.pro/compare/DDI-vs-RSVR,0,1,0,100
https://www.stockportfolio.pro/compare/DDOG-vs-NET,0,7,0,9.428571428571429
https://www.stockportfolio.pro/compare/DDOG-vs-SNOW,0,1,0,7
https://www.stockportfolio.pro/compare/DE-vs-ETN,0,2,0,3
https://www.stockportfolio.pro/compare/DE-vs-UNP,0,3,0,64.66666666666666
https://www.stockportfolio.pro/compare/DELL-vs-IBM,0,24,0,25.583333333333332
https://www.stockportfolio.pro/compare/DELL-vs-MRVL,0,4,0,6.25
https://www.stockportfolio.pro/compare/DELL-vs-SNDK,0,2,0,7
https://www.stockportfolio.pro/compare/DELL-vs-TXN,0,4,0,2.5
https://www.stockportfolio.pro/compare/DGX-vs-LH,0,3,0,10
https://www.stockportfolio.pro/compare/DGX-vs-UTHR,0,1,0,17
https://www.stockportfolio.pro/compare/DHR-vs-MDT,0,2,0,9.5
https://www.stockportfolio.pro/compare/DHR-vs-SYK,0,1,0,2
https://www.stockportfolio.pro/compare/DHR-vs-VRTX,0,2,0,2
https://www.stockportfolio.pro/compare/DINO-vs-EQT,0,1,0,4
https://www.stockportfolio.pro/compare/DIOD-vs-EXLS,0,4,0,53.75
https://www.stockportfolio.pro/compare/DIS-vs-PINS,0,1,0,84
https://www.stockportfolio.pro/compare/DIS-vs-T,0,1,0,5
https://www.stockportfolio.pro/compare/DIS-vs-TMUS,0,1,0,10
https://www.stockportfolio.pro/compare/DIS-vs-VZ,0,1,0,4
https://www.stockportfolio.pro/compare/DJCO-vs-GTM,0,2,0,6.5
https://www.stockportfolio.pro/compare/DJT-vs-GENI,0,2,0,45
https://www.stockportfolio.pro/compare/DKS-vs-ULTA,0,1,0,9
https://www.stockportfolio.pro/compare/DLO-vs-FOUR,0,1,0,7
https://www.stockportfolio.pro/compare/DMLP-vs-NRP,0,1,0,47
https://www.stockportfolio.pro/compare/DOLE-vs-FDP,0,1,0,10
https://www.stockportfolio.pro/compare/DOV-vs-TRI,0,1,0,10
https://www.stockportfolio.pro/compare/DOW-vs-LYB,0,5,0,6.4
https://www.stockportfolio.pro/compare/DOW-vs-RS,0,1,0,8
https://www.stockportfolio.pro/compare/DRI-vs-SW,0,1,0,1
https://www.stockportfolio.pro/compare/DSGN-vs-SIBN,0,1,0,59
https://www.stockportfolio.pro/compare/DUK-vs-SO,0,1,0,12
https://www.stockportfolio.pro/compare/DV-vs-ZD,0,1,0,4
https://www.stockportfolio.pro/compare/DVA-vs-EXEL,0,2,0,57
https://www.stockportfolio.pro/compare/DVLT-vs-OSS,0,1,0,47
https://www.stockportfolio.pro/compare/DVN-vs-HAL,0,1,0,3
https://www.stockportfolio.pro/compare/DVN-vs-LNG,0,3,0,7
https://www.stockportfolio.pro/compare/DVN-vs-PR,0,1,0,4
https://www.stockportfolio.pro/compare/DXCM-vs-IQV,0,1,0,11
https://www.stockportfolio.pro/compare/DY-vs-IESC,0,4,0,3
https://www.stockportfolio.pro/compare/DY-vs-LGN,0,3,0,37
https://www.stockportfolio.pro/compare/DYN-vs-IDYA,0,1,0,96
https://www.stockportfolio.pro/compare/EA-vs-NBIS,0,1,0,9
https://www.stockportfolio.pro/compare/EA-vs-NFLX,0,1,0,95
https://www.stockportfolio.pro/compare/EA-vs-SATS,0,2,0,58
https://www.stockportfolio.pro/compare/EA-vs-TKO,0,1,0,11
https://www.stockportfolio.pro/compare/EBAY-vs-NKE,0,1,0,2
https://www.stockportfolio.pro/compare/EBAY-vs-SE,0,1,0,8
https://www.stockportfolio.pro/compare/EBC-vs-ENVA,0,1,0,61
https://www.stockportfolio.pro/compare/EBF-vs-ORN,0,1,0,31
https://www.stockportfolio.pro/compare/ED-vs-EXC,0,3,0,6.666666666666667
https://www.stockportfolio.pro/compare/EE-vs-STNG,0,1,0,4
https://www.stockportfolio.pro/compare/EFOR-vs-GTM,0,3,0,5.666666666666667
https://www.stockportfolio.pro/compare/EFX-vs-VLTO,0,4,0,49.5
https://www.stockportfolio.pro/compare/EG-vs-RGA,0,2,0,5
https://www.stockportfolio.pro/compare/EL-vs-SYY,0,1,0,6
https://www.stockportfolio.pro/compare/ELAN-vs-PEN,0,1,0,6
https://www.stockportfolio.pro/compare/ELV-vs-MCK,0,5,0,5.4
https://www.stockportfolio.pro/compare/EME-vs-IR,0,1,0,9
https://www.stockportfolio.pro/compare/EMR-vs-MMM,0,1,0,2
https://www.stockportfolio.pro/compare/EOG-vs-EPD,0,2,0,5
https://www.stockportfolio.pro/compare/EOG-vs-MPLX,0,1,0,9
https://www.stockportfolio.pro/compare/EOSE-vs-TE,0,6,0,4.666666666666666
https://www.stockportfolio.pro/compare/EPD-vs-SLB,0,1,0,10
https://www.stockportfolio.pro/compare/EPR-vs-KRC,0,1,0,91
https://www.stockportfolio.pro/compare/EQPT-vs-UNF,0,1,0,51
https://www.stockportfolio.pro/compare/EQT-vs-EXE,0,2,0,9
https://www.stockportfolio.pro/compare/EQX-vs-IAG,0,1,0,9
https://www.stockportfolio.pro/compare/ERAS-vs-MMSI,0,1,0,47
https://www.stockportfolio.pro/compare/ERO-vs-PPTA,0,1,0,10
https://www.stockportfolio.pro/compare/ES-vs-FE,0,1,0,5
https://www.stockportfolio.pro/compare/ES-vs-PPL,0,2,0,7.5
https://www.stockportfolio.pro/compare/ESBA-vs-KW,0,1,0,8
https://www.stockportfolio.pro/compare/ESTC-vs-NAVN,0,1,0,12
https://www.stockportfolio.pro/compare/ET-vs-KMI,0,4,0,8.75
https://www.stockportfolio.pro/compare/ET-vs-OKE,0,1,0,12
https://www.stockportfolio.pro/compare/ET-vs-PSX,0,1,0,9
https://www.stockportfolio.pro/compare/ET-vs-TRGP,0,1,0,7
https://www.stockportfolio.pro/compare/ETN-vs-GEV,0,5,0,8.4
https://www.stockportfolio.pro/compare/ETN-vs-UNP,0,1,0,12
https://www.stockportfolio.pro/compare/ETN-vs-VRT,0,1,0,11
https://www.stockportfolio.pro/compare/ETR-vs-PEG,0,1,0,9
https://www.stockportfolio.pro/compare/ETR-vs-VST,0,6,0,5.833333333333333
https://www.stockportfolio.pro/compare/EVER-vs-MCS,0,1,0,8
https://www.stockportfolio.pro/compare/EVRG-vs-LNT,0,2,0,11.5
https://www.stockportfolio.pro/compare/EVT-vs-GLAD,0,1,0,2
https://www.stockportfolio.pro/compare/EVT-vs-TWN,0,1,0,40
https://www.stockportfolio.pro/compare/EXC-vs-XEL,0,3,0,5
https://www.stockportfolio.pro/compare/EXEL-vs-THC,0,1,0,8
https://www.stockportfolio.pro/compare/EXP-vs-MOS,0,2,0,7
https://www.stockportfolio.pro/compare/EXPO-vs-TRN,0,1,0,6
https://www.stockportfolio.pro/compare/EXTR-vs-FOUR,0,1,0,4
https://www.stockportfolio.pro/compare/EZPW-vs-RQI,0,2,0,26.5
https://www.stockportfolio.pro/compare/F-vs-NKE,0,39,0,6.076923076923077
https://www.stockportfolio.pro/compare/FANG-vs-LNG,0,1,0,4
https://www.stockportfolio.pro/compare/FANG-vs-OXY,0,1,0,19
https://www.stockportfolio.pro/compare/FBK-vs-NAD,0,1,0,87
https://www.stockportfolio.pro/compare/FBNC-vs-NBTB,0,3,0,55.666666666666664
https://www.stockportfolio.pro/compare/FCBC-vs-PGC,0,1,0,38
https://www.stockportfolio.pro/compare/FCF-vs-HMN,0,1,0,50
https://www.stockportfolio.pro/compare/FDS-vs-RYAN,0,1,0,10
https://www.stockportfolio.pro/compare/FE-vs-NRG,0,2,0,7
https://www.stockportfolio.pro/compare/FE-vs-PPL,0,2,0,10
https://www.stockportfolio.pro/compare/FET-vs-WTI,0,1,0,11
https://www.stockportfolio.pro/compare/FFBC-vs-FHB,0,1,0,13
https://www.stockportfolio.pro/compare/FFIV-vs-TEAM,0,1,0,1
https://www.stockportfolio.pro/compare/FICO-vs-VRSN,0,1,0,97
https://www.stockportfolio.pro/compare/FIG-vs-GWRE,0,1,0,10
https://www.stockportfolio.pro/compare/FIX-vs-PCAR,0,3,0,36
https://www.stockportfolio.pro/compare/FLUT-vs-SN,0,2,0,8
https://www.stockportfolio.pro/compare/FLY-vs-KRMN,0,2,0,2
https://www.stockportfolio.pro/compare/FLYW-vs-PLAB,0,2,0,47.5
https://www.stockportfolio.pro/compare/FNF-vs-RNR,0,2,0,9.5
https://www.stockportfolio.pro/compare/FORM-vs-SIMO,0,3,0,6
https://www.stockportfolio.pro/compare/FOUR-vs-XNDU,0,2,0,68
https://www.stockportfolio.pro/compare/FOXA-vs-RDDT,0,9,0,11.11111111111111
https://www.stockportfolio.pro/compare/FR-vs-VNO,0,3,0,48
https://www.stockportfolio.pro/compare/FROG-vs-HUBS,0,1,0,5
https://www.stockportfolio.pro/compare/FRVO-vs-OKLO,0,2,0,7
https://www.stockportfolio.pro/compare/FRVO-vs-TLN,0,1,0,4
https://www.stockportfolio.pro/compare/FSLR-vs-ZM,0,1,0,1
https://www.stockportfolio.pro/compare/FTAI-vs-WWD,0,2,0,6.5
https://www.stockportfolio.pro/compare/FULC-vs-HROW,0,1,0,76
https://www.stockportfolio.pro/compare/FUN-vs-PTON,0,1,0,17
https://www.stockportfolio.pro/compare/FWRD-vs-MTW,0,2,0,70.5
https://www.stockportfolio.pro/compare/G-vs-PEGA,0,2,0,18
https://www.stockportfolio.pro/compare/GAB-vs-WD,0,1,0,8
https://www.stockportfolio.pro/compare/GE-vs-GEV,0,2,0,8
https://www.stockportfolio.pro/compare/GE-vs-RTX,0,5,0,10.2
https://www.stockportfolio.pro/compare/GENB-vs-SION,0,1,0,81
https://www.stockportfolio.pro/compare/GEV-vs-RTX,0,2,0,67.5
https://www.stockportfolio.pro/compare/GEVO-vs-LZM,0,2,0,48.5
https://www.stockportfolio.pro/compare/GFI-vs-KGC,0,1,0,8
https://www.stockportfolio.pro/compare/GH-vs-ZBH,0,1,0,7
https://www.stockportfolio.pro/compare/GILD-vs-ISRG,0,1,0,4
https://www.stockportfolio.pro/compare/GILT-vs-VERX,0,1,0,41
https://www.stockportfolio.pro/compare/GIS-vs-HRL,0,4,0,9.75
https://www.stockportfolio.pro/compare/GL-vs-GLXY,0,3,0,67.33333333333333
https://www.stockportfolio.pro/compare/GLW-vs-WDC,0,3,0,3.3333333333333335
https://www.stockportfolio.pro/compare/GLXY-vs-HUT,0,1,0,19
https://www.stockportfolio.pro/compare/GLXY-vs-WULF,0,2,0,6
https://www.stockportfolio.pro/compare/GMED-vs-PODD,0,1,0,64
https://www.stockportfolio.pro/compare/GOOG-vs-META,0,1,0,11
https://www.stockportfolio.pro/compare/GPCR-vs-RLAY,0,1,0,38
https://www.stockportfolio.pro/compare/GPK-vs-PHIN,0,1,0,71
https://www.stockportfolio.pro/compare/GRDN-vs-TARS,0,3,0,83.66666666666667
https://www.stockportfolio.pro/compare/GROY-vs-MTA,0,1,0,7
https://www.stockportfolio.pro/compare/GS-vs-HSBC,0,1,0,9
https://www.stockportfolio.pro/compare/GS-vs-V,0,1,0,5
https://www.stockportfolio.pro/compare/GT-vs-SVV,0,1,0,78
https://www.stockportfolio.pro/compare/GTLB-vs-WEX,0,1,0,9
https://www.stockportfolio.pro/compare/GTM-vs-RDVT,0,1,0,4
https://www.stockportfolio.pro/compare/HAYW-vs-RHI,0,1,0,10
https://www.stockportfolio.pro/compare/HAYW-vs-WOR,0,1,0,88
https://www.stockportfolio.pro/compare/HBM-vs-HL,0,2,0,31.5
https://www.stockportfolio.pro/compare/HD-vs-TSLA,0,1,0,5
https://www.stockportfolio.pro/compare/HIMX-vs-SOUN,0,1,0,11
https://www.stockportfolio.pro/compare/HLI-vs-SNEX,0,1,0,5
https://www.stockportfolio.pro/compare/HMN-vs-NMAI,0,1,0,42
https://www.stockportfolio.pro/compare/HMN-vs-SFST,0,1,0,37
https://www.stockportfolio.pro/compare/HMN-vs-TWN,0,1,0,14
https://www.stockportfolio.pro/compare/HON-vs-HWM,0,1,0,10
https://www.stockportfolio.pro/compare/HOOD-vs-MCO,0,8,0,8.875
https://www.stockportfolio.pro/compare/HPE-vs-KEYS,0,2,0,9
https://www.stockportfolio.pro/compare/HPE-vs-STM,0,2,0,11
https://www.stockportfolio.pro/compare/HPE-vs-TEL,0,2,0,9.5
https://www.stockportfolio.pro/compare/HPQ-vs-VRSN,0,1,0,2
https://www.stockportfolio.pro/compare/HRI-vs-WSC,0,5,0,8.2
https://www.stockportfolio.pro/compare/HSY-vs-KDP,0,2,0,5
https://www.stockportfolio.pro/compare/HSY-vs-KMB,0,4,0,54.75
https://www.stockportfolio.pro/compare/HTGC-vs-JPC,0,1,0,94
https://www.stockportfolio.pro/compare/HUN-vs-OLN,0,8,0,6.375
https://www.stockportfolio.pro/compare/IBKR-vs-UBS,0,2,0,7
https://www.stockportfolio.pro/compare/IBM-vs-KLAC,0,4,0,4
https://www.stockportfolio.pro/compare/IBM-vs-MRVL,0,1,0,6
https://www.stockportfolio.pro/compare/IBM-vs-QCOM,0,2,0,3.5
https://www.stockportfolio.pro/compare/IBM-vs-SNDK,0,3,0,18.666666666666668
https://www.stockportfolio.pro/compare/IBM-vs-STX,0,2,0,7
https://www.stockportfolio.pro/compare/IBOC-vs-NNI,0,1,0,79
https://www.stockportfolio.pro/compare/ICE-vs-TFC,0,1,0,1
https://www.stockportfolio.pro/compare/ICL-vs-MOS,0,2,0,9
https://www.stockportfolio.pro/compare/IMKTA-vs-SAM,0,1,0,98
https://www.stockportfolio.pro/compare/IMMX-vs-PHR,0,2,0,3
https://www.stockportfolio.pro/compare/INOD-vs-KEEL,0,1,0,8
https://www.stockportfolio.pro/compare/INOD-vs-SEDG,0,1,0,65
https://www.stockportfolio.pro/compare/INTC-vs-LRCX,0,3,0,5.333333333333333
https://www.stockportfolio.pro/compare/INTC-vs-ORCL,0,1,0,8
https://www.stockportfolio.pro/compare/IOT-vs-ZS,0,1,0,93
https://www.stockportfolio.pro/compare/IRM-vs-VICI,0,1,0,10
https://www.stockportfolio.pro/compare/IRWD-vs-PHR,0,2,0,6.5
https://www.stockportfolio.pro/compare/ISRG-vs-TMO,0,2,0,4
https://www.stockportfolio.pro/compare/IVZ-vs-TRU,0,1,0,94
https://www.stockportfolio.pro/compare/IVZ-vs-VIRT,0,1,0,9
https://www.stockportfolio.pro/compare/JAN-vs-OUT,0,1,0,8
https://www.stockportfolio.pro/compare/JBHT-vs-SYM,0,1,0,30
https://www.stockportfolio.pro/compare/JBL-vs-MSTR,0,1,0,4
https://www.stockportfolio.pro/compare/JBL-vs-UI,0,10,0,4.4
https://www.stockportfolio.pro/compare/JBS-vs-USFD,0,1,0,5
https://www.stockportfolio.pro/compare/JCI-vs-TT,0,8,0,7.75
https://www.stockportfolio.pro/compare/JCI-vs-WM,0,1,0,87
https://www.stockportfolio.pro/compare/JNJ-vs-LLY,0,8,0,25.75
https://www.stockportfolio.pro/compare/JPM-vs-MA,0,3,0,9.333333333333334
https://www.stockportfolio.pro/compare/JQC-vs-LDI,0,1,0,32
https://www.stockportfolio.pro/compare/JXN-vs-PB,0,1,0,90
https://www.stockportfolio.pro/compare/KALU-vs-TMC,0,1,0,8
https://www.stockportfolio.pro/compare/KDP-vs-MDLZ,0,1,0,4
https://www.stockportfolio.pro/compare/KE-vs-SERV,0,1,0,97
https://www.stockportfolio.pro/compare/KEY-vs-PFG,0,1,0,33
https://www.stockportfolio.pro/compare/KFRC-vs-LMB,0,2,0,20
https://www.stockportfolio.pro/compare/KFRC-vs-VLRS,0,1,0,63
https://www.stockportfolio.pro/compare/KGC-vs-NTR,0,1,0,5
https://www.stockportfolio.pro/compare/KGS-vs-SEI,0,3,0,6
https://www.stockportfolio.pro/compare/KGS-vs-WFRD,0,2,0,3
https://www.stockportfolio.pro/compare/KHC-vs-KMB,0,1,0,4
https://www.stockportfolio.pro/compare/KIM-vs-WPC,0,1,0,4
https://www.stockportfolio.pro/compare/KLAC-vs-PLTR,0,2,0,2.5
https://www.stockportfolio.pro/compare/KLAC-vs-SNDK,0,1,0,2
https://www.stockportfolio.pro/compare/KLAC-vs-TXN,0,3,0,7
https://www.stockportfolio.pro/compare/KMB-vs-KVUE,0,5,0,21.6
https://www.stockportfolio.pro/compare/KN-vs-NN,0,1,0,48
https://www.stockportfolio.pro/compare/KNTK-vs-SOBO,0,2,0,3
https://www.stockportfolio.pro/compare/KO-vs-MO,0,1,0,12
https://www.stockportfolio.pro/compare/KO-vs-PM,0,4,0,11.5
https://www.stockportfolio.pro/compare/KRG-vs-RYN,0,1,0,84
https://www.stockportfolio.pro/compare/KWR-vs-NGVT,0,1,0,10
https://www.stockportfolio.pro/compare/LAB-vs-SGMT,0,3,0,2.666666666666667
https://www.stockportfolio.pro/compare/LAC-vs-SGML,0,5,0,12.6
https://www.stockportfolio.pro/compare/LAD-vs-SGHC,0,2,0,4
https://www.stockportfolio.pro/compare/LASR-vs-QLYS,0,2,0,6
https://www.stockportfolio.pro/compare/LDOS-vs-NTNX,0,1,0,5
https://www.stockportfolio.pro/compare/LEA-vs-MBLY,0,1,0,11
https://www.stockportfolio.pro/compare/LGIH-vs-LUCK,0,1,0,10
https://www.stockportfolio.pro/compare/LIN-vs-RIO,0,1,0,10
https://www.stockportfolio.pro/compare/LLY-vs-NVS,0,2,0,14
https://www.stockportfolio.pro/compare/LLYVA-vs-LLYVK,0,3,0,6.333333333333333
https://www.stockportfolio.pro/compare/LLYVA-vs-SIRI,0,1,0,10
https://www.stockportfolio.pro/compare/LMRI-vs-QDEL,0,4,0,77.5
https://www.stockportfolio.pro/compare/LNG-vs-OXY,0,1,0,3
https://www.stockportfolio.pro/compare/LNT-vs-NI,0,1,0,4
https://www.stockportfolio.pro/compare/LOGI-vs-PTC,0,1,0,96
https://www.stockportfolio.pro/compare/LOW-vs-MAR,0,1,0,5
https://www.stockportfolio.pro/compare/LOW-vs-SBUX,0,1,0,12
https://www.stockportfolio.pro/compare/LRCX-vs-MU,0,3,0,11
https://www.stockportfolio.pro/compare/LSCC-vs-SITM,0,1,0,1
https://www.stockportfolio.pro/compare/LSCC-vs-TTMI,0,1,0,6
https://www.stockportfolio.pro/compare/LSTR-vs-POOL,0,1,0,11
https://www.stockportfolio.pro/compare/LTC-vs-XHR,0,1,0,2
https://www.stockportfolio.pro/compare/LULU-vs-TOL,0,1,0,9
https://www.stockportfolio.pro/compare/LXRX-vs-TBPH,0,4,0,8
https://www.stockportfolio.pro/compare/LYV-vs-TKO,0,1,0,4
https://www.stockportfolio.pro/compare/MA-vs-MS,0,1,0,8
https://www.stockportfolio.pro/compare/MA-vs-V,0,2,0,39.5
https://www.stockportfolio.pro/compare/MAC-vs-RHP,0,2,0,94.5
https://www.stockportfolio.pro/compare/MAIN-vs-MARA,0,1,0,50
https://www.stockportfolio.pro/compare/MAR-vs-MELI,0,1,0,11
https://www.stockportfolio.pro/compare/MAR-vs-SBUX,0,1,0,2
https://www.stockportfolio.pro/compare/MAR-vs-TJX,0,1,0,4
https://www.stockportfolio.pro/compare/MARA-vs-MC,0,4,0,47.5
https://www.stockportfolio.pro/compare/MAZE-vs-XNCR,0,1,0,91
https://www.stockportfolio.pro/compare/MBUU-vs-MCFT,0,1,0,5
https://www.stockportfolio.pro/compare/MCD-vs-TSLA,0,1,0,6
https://www.stockportfolio.pro/compare/MCHP-vs-ON,0,1,0,9
https://www.stockportfolio.pro/compare/MCK-vs-SYK,0,4,0,7.75
https://www.stockportfolio.pro/compare/MD-vs-VCEL,0,1,0,85
https://www.stockportfolio.pro/compare/MDU-vs-NWE,0,1,0,2
https://www.stockportfolio.pro/compare/MEGI-vs-SMBC,0,1,0,8
https://www.stockportfolio.pro/compare/MET-vs-STT,0,2,0,6.5
https://www.stockportfolio.pro/compare/META-vs-NFLX,0,1,0,7
https://www.stockportfolio.pro/compare/MHK-vs-VFC,0,1,0,5
https://www.stockportfolio.pro/compare/MKSI-vs-ZS,0,1,0,24
https://www.stockportfolio.pro/compare/MKTX-vs-PFSI,0,1,0,93
https://www.stockportfolio.pro/compare/MMI-vs-TWO,0,1,0,7
https://www.stockportfolio.pro/compare/MMM-vs-NOC,0,1,0,8
https://www.stockportfolio.pro/compare/MNR-vs-NEXT,0,3,0,4
https://www.stockportfolio.pro/compare/MNR-vs-NOG,0,3,0,30.666666666666668
https://www.stockportfolio.pro/compare/MNTN-vs-SABR,0,1,0,82
https://www.stockportfolio.pro/compare/MO-vs-PEP,0,1,0,8
https://www.stockportfolio.pro/compare/MO-vs-PM,0,1,0,56
https://www.stockportfolio.pro/compare/MOV-vs-WGO,0,3,0,73.33333333333333
https://www.stockportfolio.pro/compare/MPC-vs-SLB,0,1,0,8
https://www.stockportfolio.pro/compare/MPT-vs-PK,0,2,0,2
https://www.stockportfolio.pro/compare/MRSH-vs-TRV,0,2,0,2
https://www.stockportfolio.pro/compare/MRVL-vs-PANW,0,1,0,4
https://www.stockportfolio.pro/compare/MRVL-vs-QCOM,0,7,0,10.571428571428571
https://www.stockportfolio.pro/compare/MRVL-vs-SNDK,0,77,0,8.558441558441558
https://www.stockportfolio.pro/compare/MSEX-vs-YORW,0,1,0,9
https://www.stockportfolio.pro/compare/MSFT-vs-MU,0,1,0,10
https://www.stockportfolio.pro/compare/MT-vs-NUE,0,6,0,8.5
https://www.stockportfolio.pro/compare/MTD-vs-VEEV,0,1,0,6
https://www.stockportfolio.pro/compare/MU-vs-ORCL,0,10,0,6.8
https://www.stockportfolio.pro/compare/MUJ-vs-PAXS,0,4,0,78.75
https://www.stockportfolio.pro/compare/MWH-vs-POR,0,1,0,49
https://www.stockportfolio.pro/compare/NAVN-vs-PSN,0,8,0,6.875
https://www.stockportfolio.pro/compare/NB-vs-TMQ,0,2,0,6
https://www.stockportfolio.pro/compare/NEM-vs-RIO,0,4,0,8.25
https://www.stockportfolio.pro/compare/NET-vs-SNOW,0,1,0,9
https://www.stockportfolio.pro/compare/NML-vs-PRAA,0,1,0,10
https://www.stockportfolio.pro/compare/NN-vs-PENG,0,1,0,92
https://www.stockportfolio.pro/compare/NOW-vs-SHOP,0,1,0,10
https://www.stockportfolio.pro/compare/NOW-vs-UBER,0,1,0,4
https://www.stockportfolio.pro/compare/NRG-vs-PPL,0,4,0,7.5
https://www.stockportfolio.pro/compare/NRP-vs-WBI,0,1,0,7
https://www.stockportfolio.pro/compare/NTNX-vs-RBRK,0,1,0,5
https://www.stockportfolio.pro/compare/NTST-vs-VRE,0,2,0,85.5
https://www.stockportfolio.pro/compare/NVTS-vs-ONDS,0,5,0,6.8
https://www.stockportfolio.pro/compare/NWL-vs-WMK,0,1,0,9
https://www.stockportfolio.pro/compare/NWS-vs-NWSA,0,3,0,30.333333333333332
https://www.stockportfolio.pro/compare/NYAX-vs-PDFS,0,5,0,8.6
https://www.stockportfolio.pro/compare/OCGN-vs-SGMT,0,2,0,54
https://www.stockportfolio.pro/compare/OCGN-vs-WEAV,0,3,0,28
https://www.stockportfolio.pro/compare/OKE-vs-OXY,0,2,0,4.5
https://www.stockportfolio.pro/compare/OKE-vs-TRGP,0,2,0,7
https://www.stockportfolio.pro/compare/OLLI-vs-POST,0,1,0,98
https://www.stockportfolio.pro/compare/OOMA-vs-RPD,0,1,0,8
https://www.stockportfolio.pro/compare/OSCR-vs-TECH,0,1,0,11
https://www.stockportfolio.pro/compare/OSCR-vs-TEM,0,1,0,12
https://www.stockportfolio.pro/compare/OUST-vs-ROG,0,1,0,45
https://www.stockportfolio.pro/compare/P-vs-SNX,0,1,0,4
https://www.stockportfolio.pro/compare/PARR-vs-SDRL,0,1,0,92
https://www.stockportfolio.pro/compare/PAX-vs-SRCE,0,2,0,61.5
https://www.stockportfolio.pro/compare/PCT-vs-WLFC,0,1,0,86
https://www.stockportfolio.pro/compare/PEP-vs-PG,0,4,0,8.25
https://www.stockportfolio.pro/compare/PFE-vs-SYK,0,1,0,4
https://www.stockportfolio.pro/compare/PFE-vs-TMO,0,3,0,5.666666666666667
https://www.stockportfolio.pro/compare/PG-vs-PM,0,4,0,6
https://www.stockportfolio.pro/compare/PG-vs-WMT,0,1,0,5
https://www.stockportfolio.pro/compare/PGY-vs-UMAC,0,1,0,3
https://www.stockportfolio.pro/compare/PI-vs-QLYS,0,1,0,10
https://www.stockportfolio.pro/compare/PLD-vs-SPG,0,2,0,7
https://www.stockportfolio.pro/compare/PLD-vs-WELL,0,1,0,5
https://www.stockportfolio.pro/compare/PLTK-vs-YELP,0,979,0,9.993871297242084
https://www.stockportfolio.pro/compare/PLTR-vs-TXN,0,2,0,3
https://www.stockportfolio.pro/compare/PM-vs-WMT,0,2,0,39
https://www.stockportfolio.pro/compare/PRDO-vs-WMK,0,1,0,2
https://www.stockportfolio.pro/compare/PRG-vs-RGR,0,1,0,5
https://www.stockportfolio.pro/compare/PRTH-vs-RPD,0,1,0,5
https://www.stockportfolio.pro/compare/PRU-vs-PYPL,0,2,0,38
https://www.stockportfolio.pro/compare/PTON-vs-UAA,0,1,0,4
https://www.stockportfolio.pro/compare/PUK-vs-RJF,0,1,0,5
https://www.stockportfolio.pro/compare/PWR-vs-VRT,0,4,0,6.75
https://www.stockportfolio.pro/compare/QCOM-vs-SNDK,0,2,0,5.5
https://www.stockportfolio.pro/compare/QLYS-vs-VECO,0,1,0,11
https://www.stockportfolio.pro/compare/QUBT-vs-SPSC,0,3,0,45.333333333333336
https://www.stockportfolio.pro/compare/QUBT-vs-WOLF,0,1,0,8
https://www.stockportfolio.pro/compare/R-vs-VMI,0,4,0,10.5
https://www.stockportfolio.pro/compare/RAL-vs-ST,0,2,0,1
https://www.stockportfolio.pro/compare/RBBN-vs-RPD,0,7,0,30.571428571428573
https://www.stockportfolio.pro/compare/RBLX-vs-TTWO,0,3,0,11.333333333333334
https://www.stockportfolio.pro/compare/RBRK-vs-TOST,0,2,0,7.5
https://www.stockportfolio.pro/compare/RDW-vs-SMR,0,2,0,4.5
https://www.stockportfolio.pro/compare/REPX-vs-TXO,0,1,0,9
https://www.stockportfolio.pro/compare/RGR-vs-SWBI,0,1,0,15
https://www.stockportfolio.pro/compare/RIG-vs-WFRD,0,1,0,2
https://www.stockportfolio.pro/compare/RLI-vs-TFSL,0,2,0,48.5
https://www.stockportfolio.pro/compare/RMD-vs-VEEV,0,1,0,10
https://www.stockportfolio.pro/compare/RMD-vs-WST,0,1,0,2
https://www.stockportfolio.pro/compare/RMIX-vs-SGML,0,1,0,1
https://www.stockportfolio.pro/compare/ROOT-vs-STEL,0,1,0,33
https://www.stockportfolio.pro/compare/ROP-vs-UI,0,1,0,2
https://www.stockportfolio.pro/compare/RTO-vs-TXT,0,1,0,1
https://www.stockportfolio.pro/compare/SAIC-vs-ZETA,0,1,0,46
https://www.stockportfolio.pro/compare/SB-vs-SWBI,0,3,0,6.666666666666667
https://www.stockportfolio.pro/compare/SBLK-vs-ZIM,0,4,0,8.25
https://www.stockportfolio.pro/compare/SEB-vs-UNF,0,1,0,11
https://www.stockportfolio.pro/compare/SGRY-vs-TRVI,0,1,0,25
https://www.stockportfolio.pro/compare/SHEL-vs-XOM,0,2,0,8
https://www.stockportfolio.pro/compare/SHOP-vs-UBER,0,4,0,5.75
https://www.stockportfolio.pro/compare/SITE-vs-TREX,0,4,0,7.5
https://www.stockportfolio.pro/compare/SITM-vs-TTMI,0,2,0,2
https://www.stockportfolio.pro/compare/SLAB-vs-VSH,0,1,0,56
https://www.stockportfolio.pro/compare/SLB-vs-WMB,0,1,0,3
https://www.stockportfolio.pro/compare/SMCI-vs-ZS,0,1,0,12
https://www.stockportfolio.pro/compare/SNA-vs-ULS,0,1,0,99
https://www.stockportfolio.pro/compare/SOFI-vs-TW,0,3,0,78.33333333333333
https://www.stockportfolio.pro/compare/SOLV-vs-THC,0,1,0,6
https://www.stockportfolio.pro/compare/SPB-vs-WMK,0,1,0,4
https://www.stockportfolio.pro/compare/SPFI-vs-WRLD,0,2,0,88.5
https://www.stockportfolio.pro/compare/STRL-vs-SYM,0,2,0,8.5
https://www.stockportfolio.pro/compare/SUNB-vs-UAL,0,1,0,11
https://www.stockportfolio.pro/compare/SWKS-vs-TRMB,0,1,0,2
https://www.stockportfolio.pro/compare/TEAM-vs-VRSN,0,1,0,2
https://www.stockportfolio.pro/compare/TKO-vs-TTWO,0,1,0,57
https://www.stockportfolio.pro/compare/TT-vs-VRT,0,2,0,7.5
https://www.stockportfolio.pro/compare/TXN-vs-WDC,0,1,0,85
https://www.stockportfolio.pro/compare/TYL-vs-U,0,1,0,9
https://www.stockportfolio.pro/compare/U-vs-VIAV,0,2,0,10
https://www.stockportfolio.pro/compare/UA-vs-UAA,0,3,0,9
https://www.stockportfolio.pro/compare/UAA-vs-WHR,0,1,0,64
https://www.stockportfolio.pro/compare/UHT-vs-XRN,0,1,0,40
https://www.stockportfolio.pro/compare/UNP-vs-VRT,0,1,0,9
https://www.stockportfolio.pro/compare/VEEV-vs-WST,0,5,0,8.4
https://www.stockportfolio.pro/compare/VOYG-vs-VVX,0,1,0,95
https://www.stockportfolio.pro/compare/WAT-vs-ZTS,0,1,0,5
https://www.stockportfolio.pro/features,0,4,0,2
https://www.stockportfolio.pro/founding,0,1,0,5
https://www.stockportfolio.pro/monitor,0,13,0,8.615384615384615
https://www.stockportfolio.pro/privacy,0,12,0,10.583333333333334
https://www.stockportfolio.pro/screens/high-growth-stocks,0,27,0,56.22222222222222
https://www.stockportfolio.pro/screens/low-pe-stocks,0,18,0,52.111111111111114
https://www.stockportfolio.pro/screens/stocks-below-book-value,0,17,0,52.35294117647059
https://www.stockportfolio.pro/stocks,0,362,0,16.306629834254146
https://www.stockportfolio.pro/stocks/AAPL/shares-outstanding,0,5,0,53.6
https://www.stockportfolio.pro/stocks/AAPL/total-debt,0,2,0,4
https://www.stockportfolio.pro/stocks/AAT/total-debt,0,1,0,36
https://www.stockportfolio.pro/stocks/ABR-PD,0,1,0,11
https://www.stockportfolio.pro/stocks/ACHC/total-debt,0,7,0,12.857142857142858
https://www.stockportfolio.pro/stocks/ACI,0,111,0,6.738738738738738
https://www.stockportfolio.pro/stocks/ACI/eps,0,1,0,84
https://www.stockportfolio.pro/stocks/ACI/gross-profit,0,4,0,5.5
https://www.stockportfolio.pro/stocks/ACIW,0,1,0,42
https://www.stockportfolio.pro/stocks/ACLS,0,3,0,8.666666666666668
https://www.stockportfolio.pro/stocks/ACMR/eps,0,3,0,65
https://www.stockportfolio.pro/stocks/ACN/free-cash-flow,0,1,0,8
https://www.stockportfolio.pro/stocks/ACT/revenue,0,1,0,9
https://www.stockportfolio.pro/stocks/ADBE/pe-ratio,0,3,0,45.666666666666664
https://www.stockportfolio.pro/stocks/ADMA/net-income,0,2,0,6.5
https://www.stockportfolio.pro/stocks/ADNT/net-income,0,1,0,10
https://www.stockportfolio.pro/stocks/ADP/pe-ratio,0,2,0,9
https://www.stockportfolio.pro/stocks/ADT,0,1,0,46
https://www.stockportfolio.pro/stocks/ADT/eps,0,4,0,24.75
https://www.stockportfolio.pro/stocks/ADT/net-income,0,3,0,26
https://www.stockportfolio.pro/stocks/AEIS,0,5,0,6.2
https://www.stockportfolio.pro/stocks/AEIS/revenue,0,1,0,3
https://www.stockportfolio.pro/stocks/AFG/revenue,0,5,0,37.8
https://www.stockportfolio.pro/stocks/AFL/revenue,0,4,0,32.5
https://www.stockportfolio.pro/stocks/AGCO,0,1,0,2
https://www.stockportfolio.pro/stocks/AGO/net-income,0,1,0,8
https://www.stockportfolio.pro/stocks/AGX/shares-outstanding,0,2,0,10
https://www.stockportfolio.pro/stocks/AGYS/free-cash-flow,0,1,0,5
https://www.stockportfolio.pro/stocks/AIG/shares-outstanding,0,1,0,9
https://www.stockportfolio.pro/stocks/AIZ,0,2,0,11
https://www.stockportfolio.pro/stocks/ALAB,0,2,0,1
https://www.stockportfolio.pro/stocks/ALB,0,2,0,8
https://www.stockportfolio.pro/stocks/ALG,0,2,0,6
https://www.stockportfolio.pro/stocks/ALNY,0,1,0,8
https://www.stockportfolio.pro/stocks/ALRM,0,2,0,28
https://www.stockportfolio.pro/stocks/ALRM/net-income,0,1,0,7
https://www.stockportfolio.pro/stocks/AMAT/free-cash-flow,0,1,0,4
https://www.stockportfolio.pro/stocks/AMGN/shares-outstanding,0,2,0,8
https://www.stockportfolio.pro/stocks/AMN/free-cash-flow,0,1,0,10
https://www.stockportfolio.pro/stocks/AMPH,0,1,0,6
https://www.stockportfolio.pro/stocks/AMPX,0,13,0,60.46153846153846
https://www.stockportfolio.pro/stocks/AMR/dividend-history,0,3,0,4.333333333333334
https://www.stockportfolio.pro/stocks/AMR/free-cash-flow,0,5,0,9.8
https://www.stockportfolio.pro/stocks/AMR/total-debt,0,3,0,4.666666666666666
https://www.stockportfolio.pro/stocks/AMZN/pe-ratio,0,15,0,33.2
https://www.stockportfolio.pro/stocks/AMZN/total-debt,0,1,0,1
https://www.stockportfolio.pro/stocks/ANDE,0,3,0,41.333333333333336
https://www.stockportfolio.pro/stocks/ANET/shares-outstanding,0,4,0,26.75
https://www.stockportfolio.pro/stocks/ANF,0,1,0,8
https://www.stockportfolio.pro/stocks/AORT,0,3,0,27.666666666666668
https://www.stockportfolio.pro/stocks/AOS/dividend-history,0,1,0,7
https://www.stockportfolio.pro/stocks/APD/shares-outstanding,0,4,0,7.25
https://www.stockportfolio.pro/stocks/APG/dividend-history,0,1,0,1
https://www.stockportfolio.pro/stocks/APG/free-cash-flow,0,2,0,9
https://www.stockportfolio.pro/stocks/APP,0,1,0,5
https://www.stockportfolio.pro/stocks/APP/revenue,0,1,0,6
https://www.stockportfolio.pro/stocks/APP/total-debt,0,1,0,58
https://www.stockportfolio.pro/stocks/APPF,0,1,0,11
https://www.stockportfolio.pro/stocks/AQN,0,6,0,70.33333333333333
https://www.stockportfolio.pro/stocks/AR/pe-ratio,0,4,0,45.25
https://www.stockportfolio.pro/stocks/ARCB/net-income,0,1,0,11
https://www.stockportfolio.pro/stocks/ARCB/revenue,0,1,0,6
https://www.stockportfolio.pro/stocks/ARE,0,1,0,7
https://www.stockportfolio.pro/stocks/ARMK/free-cash-flow,0,1,0,6
https://www.stockportfolio.pro/stocks/ARMK/gross-profit,0,1,0,11
https://www.stockportfolio.pro/stocks/ARR/dividend-history,0,2,0,53
https://www.stockportfolio.pro/stocks/ARWR,0,3,0,35.333333333333336
https://www.stockportfolio.pro/stocks/ASH,0,1,0,9
https://www.stockportfolio.pro/stocks/ASTE/free-cash-flow,0,3,0,10.666666666666666
https://www.stockportfolio.pro/stocks/ASTH/revenue,0,3,0,6
https://www.stockportfolio.pro/stocks/ATI,0,3,0,19
https://www.stockportfolio.pro/stocks/ATO/eps,0,2,0,1
https://www.stockportfolio.pro/stocks/ATO/free-cash-flow,0,3,0,4
https://www.stockportfolio.pro/stocks/ATR,0,2,0,4
https://www.stockportfolio.pro/stocks/AVAV,0,6,0,8.333333333333332
https://www.stockportfolio.pro/stocks/AVAV/eps,0,1,0,2
https://www.stockportfolio.pro/stocks/AVGO/shares-outstanding,0,1,0,16
https://www.stockportfolio.pro/stocks/AVY/pe-ratio,0,2,0,7.5
https://www.stockportfolio.pro/stocks/AWI/pe-ratio,0,1,0,5
https://www.stockportfolio.pro/stocks/AWI/shares-outstanding,0,4,0,6.25
https://www.stockportfolio.pro/stocks/AXP/shares-outstanding,0,2,0,7.5
https://www.stockportfolio.pro/stocks/AYI/shares-outstanding,0,1,0,9
https://www.stockportfolio.pro/stocks/BA/eps,0,6,0,29
https://www.stockportfolio.pro/stocks/BA/shares-outstanding,0,1,0,96
https://www.stockportfolio.pro/stocks/BAH,0,1,0,68
https://www.stockportfolio.pro/stocks/BANR/revenue,0,1,0,31
https://www.stockportfolio.pro/stocks/BBWI,0,1,0,34
https://www.stockportfolio.pro/stocks/BC/revenue,0,1,0,17
https://www.stockportfolio.pro/stocks/BDC,0,6,0,6.333333333333333
https://www.stockportfolio.pro/stocks/BDC/free-cash-flow,0,3,0,6.666666666666667
https://www.stockportfolio.pro/stocks/BDX,0,4,0,6.75
https://www.stockportfolio.pro/stocks/BDX/eps,0,1,0,43
https://www.stockportfolio.pro/stocks/BEN/free-cash-flow,0,1,0,7
https://www.stockportfolio.pro/stocks/BEP,0,1,0,7
https://www.stockportfolio.pro/stocks/BF.B,0,1,0,64
https://www.stockportfolio.pro/stocks/BILL/net-income,0,4,0,30
https://www.stockportfolio.pro/stocks/BJ/gross-profit,0,2,0,9
https://www.stockportfolio.pro/stocks/BKU/shares-outstanding,0,2,0,12.5
https://www.stockportfolio.pro/stocks/BLKB/dividend-history,0,1,0,11
https://www.stockportfolio.pro/stocks/BLKB/eps,0,1,0,21
https://www.stockportfolio.pro/stocks/BLLN,0,5,0,81.2
https://www.stockportfolio.pro/stocks/BMRN,0,26,0,6.730769230769231
https://www.stockportfolio.pro/stocks/BMY,0,10,0,38.4
https://www.stockportfolio.pro/stocks/BNY/net-income,0,1,0,3
https://www.stockportfolio.pro/stocks/BOOT,0,2,0,3.5
https://www.stockportfolio.pro/stocks/BOOT/total-debt,0,1,0,10
https://www.stockportfolio.pro/stocks/BRC/free-cash-flow,0,1,0,5
https://www.stockportfolio.pro/stocks/BRKR,0,4,0,36
https://www.stockportfolio.pro/stocks/BROS,0,5,0,7.2
https://www.stockportfolio.pro/stocks/BSY/free-cash-flow,0,1,0,3
https://www.stockportfolio.pro/stocks/BTSG/revenue,0,1,0,46
https://www.stockportfolio.pro/stocks/BTU,0,1,0,3
https://www.stockportfolio.pro/stocks/BURL/gross-profit,0,3,0,14
https://www.stockportfolio.pro/stocks/BWA,0,2,0,60
https://www.stockportfolio.pro/stocks/BYD,0,1,0,29
https://www.stockportfolio.pro/stocks/BYD/eps,0,1,0,50
https://www.stockportfolio.pro/stocks/C/gross-profit,0,1,0,3
https://www.stockportfolio.pro/stocks/CAH/gross-profit,0,1,0,12
https://www.stockportfolio.pro/stocks/CAKE,0,2,0,9
https://www.stockportfolio.pro/stocks/CAKE/revenue,0,1,0,45
https://www.stockportfolio.pro/stocks/CALX/net-income,0,1,0,6
https://www.stockportfolio.pro/stocks/CAR,0,5,0,5.4
https://www.stockportfolio.pro/stocks/CARG/free-cash-flow,0,1,0,6
https://www.stockportfolio.pro/stocks/CART/shares-outstanding,0,2,0,66
https://www.stockportfolio.pro/stocks/CASH/total-debt,0,1,0,12
https://www.stockportfolio.pro/stocks/CB/free-cash-flow,0,1,0,33
https://www.stockportfolio.pro/stocks/CCI,0,1,0,7
https://www.stockportfolio.pro/stocks/CCK/pe-ratio,0,2,0,10
https://www.stockportfolio.pro/stocks/CCO,0,4,0,66.25
https://www.stockportfolio.pro/stocks/CCS/revenue,0,1,0,28
https://www.stockportfolio.pro/stocks/CDP,0,2,0,41
https://www.stockportfolio.pro/stocks/CELH,0,1,0,6
https://www.stockportfolio.pro/stocks/CELH/eps,0,1,0,83
https://www.stockportfolio.pro/stocks/CELH/pe-ratio,0,4,0,25.25
https://www.stockportfolio.pro/stocks/CENX,0,1,0,37
https://www.stockportfolio.pro/stocks/CF/dividend-history,0,4,0,3
https://www.stockportfolio.pro/stocks/CF/gross-profit,0,4,0,1
https://www.stockportfolio.pro/stocks/CF/total-debt,0,4,0,2
https://www.stockportfolio.pro/stocks/CFFN/free-cash-flow,0,1,0,42
https://www.stockportfolio.pro/stocks/CFG/net-income,0,2,0,49.5
https://www.stockportfolio.pro/stocks/CHCT,0,1,0,5
https://www.stockportfolio.pro/stocks/CHDN,0,1,0,3
https://www.stockportfolio.pro/stocks/CHE/free-cash-flow,0,1,0,35
https://www.stockportfolio.pro/stocks/CHRD,0,1,0,5
https://www.stockportfolio.pro/stocks/CHTR/free-cash-flow,0,3,0,9.333333333333334
https://www.stockportfolio.pro/stocks/CHTR/revenue,0,1,0,20
https://www.stockportfolio.pro/stocks/CI/revenue,0,2,0,71
https://www.stockportfolio.pro/stocks/CIM-PB,0,1,0,64
https://www.stockportfolio.pro/stocks/CIM-PD,0,1,0,11
https://www.stockportfolio.pro/stocks/CLF/total-debt,0,1,0,11
https://www.stockportfolio.pro/stocks/CMCSA/eps,0,1,0,9
https://www.stockportfolio.pro/stocks/CMCSA/revenue,0,3,0,54
https://www.stockportfolio.pro/stocks/CME/pe-ratio,0,1,0,82
https://www.stockportfolio.pro/stocks/CMG/pe-ratio,0,1,0,9
https://www.stockportfolio.pro/stocks/CNK/revenue,0,1,0,52
https://www.stockportfolio.pro/stocks/CNX/free-cash-flow,0,2,0,8.5
https://www.stockportfolio.pro/stocks/CNXC/revenue,0,3,0,47.666666666666664
https://www.stockportfolio.pro/stocks/COF-PJ,0,1,0,6
https://www.stockportfolio.pro/stocks/COKE/revenue,0,2,0,45.5
https://www.stockportfolio.pro/stocks/COLM/revenue,0,2,0,9.5
https://www.stockportfolio.pro/stocks/COP/gross-profit,0,4,0,7.5
https://www.stockportfolio.pro/stocks/COP/net-income,0,1,0,7
https://www.stockportfolio.pro/stocks/CORT/revenue,0,1,0,10
https://www.stockportfolio.pro/stocks/CPRI,0,1,0,9
https://www.stockportfolio.pro/stocks/CPRX,0,1,0,3
https://www.stockportfolio.pro/stocks/CPRX/revenue,0,1,0,15
https://www.stockportfolio.pro/stocks/CRGY/total-debt,0,1,0,11
https://www.stockportfolio.pro/stocks/CRH,0,1,0,12
https://www.stockportfolio.pro/stocks/CRM/free-cash-flow,0,1,0,39
https://www.stockportfolio.pro/stocks/CROX,0,1,0,62
https://www.stockportfolio.pro/stocks/CRSR,0,1,0,10
https://www.stockportfolio.pro/stocks/CRUS,0,1,0,37
https://www.stockportfolio.pro/stocks/CRWD/dividend-history,0,2,0,38
https://www.stockportfolio.pro/stocks/CSCO/shares-outstanding,0,9,0,8.222222222222221
https://www.stockportfolio.pro/stocks/CSW,0,4,0,8.5
https://www.stockportfolio.pro/stocks/CSX/dividend-history,0,1,0,55
https://www.stockportfolio.pro/stocks/CTAS/net-income,0,1,0,9
https://www.stockportfolio.pro/stocks/CTSH/net-income,0,10,0,10.4
https://www.stockportfolio.pro/stocks/CUBE/pe-ratio,0,3,0,7
https://www.stockportfolio.pro/stocks/CVI/free-cash-flow,0,1,0,8
https://www.stockportfolio.pro/stocks/CVNA/shares-outstanding,0,1,0,67
https://www.stockportfolio.pro/stocks/CW/shares-outstanding,0,2,0,7.5
https://www.stockportfolio.pro/stocks/CWEN,0,2,0,7.5
https://www.stockportfolio.pro/stocks/CWEN/dividend-history,0,1,0,53
https://www.stockportfolio.pro/stocks/CWEN/free-cash-flow,0,4,0,8
https://www.stockportfolio.pro/stocks/CXM/dividend-history,0,1,0,80
https://www.stockportfolio.pro/stocks/CXM/pe-ratio,0,1,0,11
https://www.stockportfolio.pro/stocks/DBRG,0,1,0,2
https://www.stockportfolio.pro/stocks/DBX,0,95,0,21.189473684210526
https://www.stockportfolio.pro/stocks/DBX/dividend-history,0,1,0,3
https://www.stockportfolio.pro/stocks/DBX/eps,0,2,0,7.5
https://www.stockportfolio.pro/stocks/DDOG/shares-outstanding,0,1,0,10
https://www.stockportfolio.pro/stocks/DELL/gross-profit,0,36,0,10.472222222222221
https://www.stockportfolio.pro/stocks/DELL/shares-outstanding,0,189,0,10.312169312169312
https://www.stockportfolio.pro/stocks/DFH,0,1,0,12
https://www.stockportfolio.pro/stocks/DGII,0,2,0,6.5
https://www.stockportfolio.pro/stocks/DHI/eps,0,2,0,2.5
https://www.stockportfolio.pro/stocks/DHR/free-cash-flow,0,1,0,9
https://www.stockportfolio.pro/stocks/DINO/pe-ratio,0,1,0,11
https://www.stockportfolio.pro/stocks/DIS/dividend-history,0,8,0,82
https://www.stockportfolio.pro/stocks/DIS/net-income,0,2,0,46.5
https://www.stockportfolio.pro/stocks/DIS/revenue,0,7,0,40.857142857142854
https://www.stockportfolio.pro/stocks/DIS/shares-outstanding,0,1,0,57
https://www.stockportfolio.pro/stocks/DLB/free-cash-flow,0,5,0,7.2
https://www.stockportfolio.pro/stocks/DLR/dividend-history,0,2,0,49.5
https://www.stockportfolio.pro/stocks/DLX,0,2,0,2
https://www.stockportfolio.pro/stocks/DOC/dividend-history,0,1,0,34
https://www.stockportfolio.pro/stocks/DOCU/dividend-history,0,1,0,6
https://www.stockportfolio.pro/stocks/DOW/pe-ratio,0,45,0,64.8
https://www.stockportfolio.pro/stocks/DRI/free-cash-flow,0,1,0,1
https://www.stockportfolio.pro/stocks/DSU,0,1,0,85
https://www.stockportfolio.pro/stocks/DUOL,0,1,0,6
https://www.stockportfolio.pro/stocks/DX,0,30,0,66.5
https://www.stockportfolio.pro/stocks/EA/dividend-history,0,1,0,10
https://www.stockportfolio.pro/stocks/EAT/pe-ratio,0,1,0,41
https://www.stockportfolio.pro/stocks/EBAY/net-income,0,1,0,4
https://www.stockportfolio.pro/stocks/ED/revenue,0,1,0,10
https://www.stockportfolio.pro/stocks/EGP/eps,0,1,0,7
https://www.stockportfolio.pro/stocks/EGP/pe-ratio,0,2,0,5
https://www.stockportfolio.pro/stocks/EHC,0,1,0,11
https://www.stockportfolio.pro/stocks/EIX/dividend-history,0,1,0,28
https://www.stockportfolio.pro/stocks/ELAN,0,1,0,18
https://www.stockportfolio.pro/stocks/ELF,0,2,0,12
https://www.stockportfolio.pro/stocks/ELS/revenue,0,3,0,5.333333333333333
https://www.stockportfolio.pro/stocks/EMBC,0,1,0,3
https://www.stockportfolio.pro/stocks/EME,0,3,0,1
https://www.stockportfolio.pro/stocks/EMN/gross-profit,0,1,0,7
https://www.stockportfolio.pro/stocks/ENOV/pe-ratio,0,1,0,10
https://www.stockportfolio.pro/stocks/ENPH/net-income,0,3,0,4.666666666666666
https://www.stockportfolio.pro/stocks/ENPH/total-debt,0,1,0,10
https://www.stockportfolio.pro/stocks/ENTG,0,2,0,8.5
https://www.stockportfolio.pro/stocks/ENTG/net-income,0,3,0,10
https://www.stockportfolio.pro/stocks/ENTG/revenue,0,1,0,70
https://www.stockportfolio.pro/stocks/EOG/free-cash-flow,0,1,0,8
https://www.stockportfolio.pro/stocks/EPAM,0,4,0,3.5
https://www.stockportfolio.pro/stocks/EPR/pe-ratio,0,1,0,8
https://www.stockportfolio.pro/stocks/EPRT/shares-outstanding,0,2,0,8
https://www.stockportfolio.pro/stocks/EQH/eps,0,2,0,9.5
https://www.stockportfolio.pro/stocks/EQR/eps,0,1,0,1
https://www.stockportfolio.pro/stocks/EQR/total-debt,0,1,0,9
https://www.stockportfolio.pro/stocks/EQT/gross-profit,0,1,0,3
https://www.stockportfolio.pro/stocks/ESAB,0,1,0,2
https://www.stockportfolio.pro/stocks/ESAB/free-cash-flow,0,1,0,4
https://www.stockportfolio.pro/stocks/ESAB/shares-outstanding,0,4,0,5
https://www.stockportfolio.pro/stocks/ESI,0,1,0,12
https://www.stockportfolio.pro/stocks/ESNT/revenue,0,1,0,23
https://www.stockportfolio.pro/stocks/ETD/dividend-history,0,1,0,40
https://www.stockportfolio.pro/stocks/ETOR,0,8,0,76.375
https://www.stockportfolio.pro/stocks/ETR/dividend-history,0,2,0,3
https://www.stockportfolio.pro/stocks/ETR/revenue,0,3,0,3
https://www.stockportfolio.pro/stocks/ETSY/eps,0,1,0,93
https://www.stockportfolio.pro/stocks/ETSY/revenue,0,1,0,10
https://www.stockportfolio.pro/stocks/EVRG/eps,0,3,0,1
https://www.stockportfolio.pro/stocks/EVRG/revenue,0,3,0,2
https://www.stockportfolio.pro/stocks/EVTC,0,7,0,13.142857142857142
https://www.stockportfolio.pro/stocks/EVTC/gross-profit,0,3,0,59.666666666666664
https://www.stockportfolio.pro/stocks/EVTC/revenue,0,2,0,36
https://www.stockportfolio.pro/stocks/EXLS,0,1,0,5
https://www.stockportfolio.pro/stocks/EXR/eps,0,2,0,8
https://www.stockportfolio.pro/stocks/EYE,0,1,0,44
https://www.stockportfolio.pro/stocks/F,0,31,0,1.7096774193548387
https://www.stockportfolio.pro/stocks/F/pe-ratio,0,1,0,37
https://www.stockportfolio.pro/stocks/F/revenue,0,2,0,49.5
https://www.stockportfolio.pro/stocks/FANG/pe-ratio,0,1,0,1
https://www.stockportfolio.pro/stocks/FAST/gross-profit,0,1,0,7
https://www.stockportfolio.pro/stocks/FBIN/free-cash-flow,0,1,0,10
https://www.stockportfolio.pro/stocks/FCN/total-debt,0,1,0,8
https://www.stockportfolio.pro/stocks/FCPT,0,1,0,9
https://www.stockportfolio.pro/stocks/FCX/eps,0,1,0,1
https://www.stockportfolio.pro/stocks/FDS/free-cash-flow,0,1,0,12
https://www.stockportfolio.pro/stocks/FHB/revenue,0,2,0,8.5
https://www.stockportfolio.pro/stocks/FHI,0,1,0,4
https://www.stockportfolio.pro/stocks/FHN,0,1,0,62
https://www.stockportfolio.pro/stocks/FIGR,0,16,0,80.625
https://www.stockportfolio.pro/stocks/FIVE/gross-profit,0,1,0,11
https://www.stockportfolio.pro/stocks/FIX/revenue,0,4,0,10.25
https://www.stockportfolio.pro/stocks/FLEX,0,1,0,12
https://www.stockportfolio.pro/stocks/FLO/eps,0,2,0,10
https://www.stockportfolio.pro/stocks/FLR/eps,0,1,0,10
https://www.stockportfolio.pro/stocks/FNB/revenue,0,1,0,43
https://www.stockportfolio.pro/stocks/FTDR/gross-profit,0,1,0,4
https://www.stockportfolio.pro/stocks/FTNT/free-cash-flow,0,2,0,6
https://www.stockportfolio.pro/stocks/FTV/revenue,0,9,0,69.77777777777777
https://www.stockportfolio.pro/stocks/FULT/net-income,0,1,0,11
https://www.stockportfolio.pro/stocks/FULT/pe-ratio,0,1,0,41
https://www.stockportfolio.pro/stocks/FUN/net-income,0,1,0,85
https://www.stockportfolio.pro/stocks/G,0,2,0,6.5
https://www.stockportfolio.pro/stocks/G/revenue,0,1,0,73
https://www.stockportfolio.pro/stocks/GAP,0,4,0,47.25
https://www.stockportfolio.pro/stocks/GAP/net-income,0,1,0,4
https://www.stockportfolio.pro/stocks/GE/eps,0,6,0,2.666666666666667
https://www.stockportfolio.pro/stocks/GE/free-cash-flow,0,4,0,2.25
https://www.stockportfolio.pro/stocks/GE/gross-profit,0,2,0,4
https://www.stockportfolio.pro/stocks/GE/net-income,0,6,0,1.5
https://www.stockportfolio.pro/stocks/GE/revenue,0,2,0,1
https://www.stockportfolio.pro/stocks/GEHC/revenue,0,5,0,43.8
https://www.stockportfolio.pro/stocks/GERN,0,2,0,9.5
https://www.stockportfolio.pro/stocks/GEVO,0,5,0,1.6
https://www.stockportfolio.pro/stocks/GHC,0,1,0,8
https://www.stockportfolio.pro/stocks/GILD/revenue,0,1,0,11
https://www.stockportfolio.pro/stocks/GIS/dividend-history,0,1,0,4
https://www.stockportfolio.pro/stocks/GKOS/revenue,0,1,0,12
https://www.stockportfolio.pro/stocks/GL,0,1,0,52
https://www.stockportfolio.pro/stocks/GLPI,0,1,0,58
https://www.stockportfolio.pro/stocks/GLXY,0,2,0,86.5
https://www.stockportfolio.pro/stocks/GM,0,1,0,5
https://www.stockportfolio.pro/stocks/GM/gross-profit,0,14,0,57.42857142857143
https://www.stockportfolio.pro/stocks/GME,0,4,0,37.75
https://www.stockportfolio.pro/stocks/GME/revenue,0,2,0,11
https://www.stockportfolio.pro/stocks/GME/total-debt,0,6,0,15.5
https://www.stockportfolio.pro/stocks/GMTL,0,1,0,80
https://www.stockportfolio.pro/stocks/GO/revenue,0,4,0,7.75
https://www.stockportfolio.pro/stocks/GOLF,0,2,0,47
https://www.stockportfolio.pro/stocks/GOLF/free-cash-flow,0,1,0,9
https://www.stockportfolio.pro/stocks/GOOD,0,2,0,30.5
https://www.stockportfolio.pro/stocks/GOOG/net-income,0,5,0,72.6
https://www.stockportfolio.pro/stocks/GOOGL,0,43,0,33.81395348837209
https://www.stockportfolio.pro/stocks/GOOGL/eps,0,3,0,35
https://www.stockportfolio.pro/stocks/GOOGL/net-income,0,11,0,58.54545454545455
https://www.stockportfolio.pro/stocks/GOOGL/pe-ratio,0,54,0,39.01851851851852
https://www.stockportfolio.pro/stocks/GOOGL/shares-outstanding,0,11,0,34.72727272727273
https://www.stockportfolio.pro/stocks/GPC/net-income,0,1,0,11
https://www.stockportfolio.pro/stocks/GSHD,0,1,0,38
https://www.stockportfolio.pro/stocks/GTES,0,2,0,33
https://www.stockportfolio.pro/stocks/GTLS,0,6,0,5.833333333333333
https://www.stockportfolio.pro/stocks/GTM,0,1,0,1
https://www.stockportfolio.pro/stocks/GVA,0,1,0,8
https://www.stockportfolio.pro/stocks/GWW/revenue,0,1,0,56
https://www.stockportfolio.pro/stocks/GXO,0,3,0,10.333333333333334
https://www.stockportfolio.pro/stocks/GXO/dividend-history,0,1,0,11
https://www.stockportfolio.pro/stocks/GXO/free-cash-flow,0,2,0,5
https://www.stockportfolio.pro/stocks/GXO/revenue,0,1,0,36
https://www.stockportfolio.pro/stocks/HAFN,0,3,0,70
https://www.stockportfolio.pro/stocks/HASI,0,1,0,6
https://www.stockportfolio.pro/stocks/HBAN/dividend-history,0,8,0,62.625
https://www.stockportfolio.pro/stocks/HCI,0,1,0,42
https://www.stockportfolio.pro/stocks/HCSG,0,1,0,10
https://www.stockportfolio.pro/stocks/HD/pe-ratio,0,1,0,26
https://www.stockportfolio.pro/stocks/HD/revenue,0,1,0,39
https://www.stockportfolio.pro/stocks/HII/pe-ratio,0,5,0,4.8
https://www.stockportfolio.pro/stocks/HIMS/free-cash-flow,0,1,0,47
https://www.stockportfolio.pro/stocks/HKD,0,2,0,70.5
https://www.stockportfolio.pro/stocks/HL/revenue,0,1,0,56
https://www.stockportfolio.pro/stocks/HLIT/revenue,0,2,0,5.5
https://www.stockportfolio.pro/stocks/HOG,0,1,0,9
https://www.stockportfolio.pro/stocks/HOMB,0,18,0,8.333333333333332
https://www.stockportfolio.pro/stocks/HOOD/total-debt,0,1,0,8
https://www.stockportfolio.pro/stocks/HP,0,2,0,11.5
https://www.stockportfolio.pro/stocks/HP/free-cash-flow,0,3,0,8
https://www.stockportfolio.pro/stocks/HPE/pe-ratio,0,1,0,27
https://www.stockportfolio.pro/stocks/HR,0,1,0,68
https://www.stockportfolio.pro/stocks/HRB/gross-profit,0,1,0,1
https://www.stockportfolio.pro/stocks/HRMY,0,1,0,9
https://www.stockportfolio.pro/stocks/HRTG,0,1,0,4
https://www.stockportfolio.pro/stocks/HSIC,0,1,0,7
https://www.stockportfolio.pro/stocks/HSIC/revenue,0,4,0,33.5
https://www.stockportfolio.pro/stocks/HST/eps,0,1,0,9
https://www.stockportfolio.pro/stocks/HSY,0,1,0,10
https://www.stockportfolio.pro/stocks/HTH/net-income,0,3,0,10.333333333333334
https://www.stockportfolio.pro/stocks/HTZ/revenue,0,1,0,12
https://www.stockportfolio.pro/stocks/HUBB/revenue,0,1,0,6
https://www.stockportfolio.pro/stocks/HUBB/total-debt,0,2,0,10
https://www.stockportfolio.pro/stocks/HUT,0,1,0,76
https://www.stockportfolio.pro/stocks/HWKN,0,1,0,11
https://www.stockportfolio.pro/stocks/IBKR/net-income,0,5,0,41.8
https://www.stockportfolio.pro/stocks/IBKR/revenue,0,1,0,50
https://www.stockportfolio.pro/stocks/IBKR/shares-outstanding,0,2,0,30.5
https://www.stockportfolio.pro/stocks/IBM/gross-profit,0,4,0,52
https://www.stockportfolio.pro/stocks/IBM/net-income,0,1,0,71
https://www.stockportfolio.pro/stocks/IDXX/gross-profit,0,2,0,6.5
https://www.stockportfolio.pro/stocks/IEX/shares-outstanding,0,2,0,8.5
https://www.stockportfolio.pro/stocks/ILMN,0,1,0,10
https://www.stockportfolio.pro/stocks/ILMN/shares-outstanding,0,2,0,10
https://www.stockportfolio.pro/stocks/IMXI,0,1,0,2
https://www.stockportfolio.pro/stocks/INFY,0,5,0,18.4
https://www.stockportfolio.pro/stocks/INGR/free-cash-flow,0,1,0,10
https://www.stockportfolio.pro/stocks/INSW,0,1,0,4
https://www.stockportfolio.pro/stocks/INSW/dividend-history,0,1,0,34
https://www.stockportfolio.pro/stocks/INTC/eps,0,2,0,77
https://www.stockportfolio.pro/stocks/INTC/revenue,0,1,0,74
https://www.stockportfolio.pro/stocks/INVX/pe-ratio,0,1,0,6
https://www.stockportfolio.pro/stocks/IP/eps,0,2,0,61
https://www.stockportfolio.pro/stocks/IPI,0,5,0,14.6
https://www.stockportfolio.pro/stocks/IREN,0,1,0,1
https://www.stockportfolio.pro/stocks/IRT/net-income,0,2,0,3
https://www.stockportfolio.pro/stocks/ISRG,0,2,0,40.5
https://www.stockportfolio.pro/stocks/ITGR,0,2,0,9
https://www.stockportfolio.pro/stocks/ITGR/gross-profit,0,2,0,5
https://www.stockportfolio.pro/stocks/ITT,0,8,0,6.625
https://www.stockportfolio.pro/stocks/JAZZ,0,1,0,11
https://www.stockportfolio.pro/stocks/JAZZ/total-debt,0,3,0,13.333333333333334
https://www.stockportfolio.pro/stocks/JBGS/shares-outstanding,0,1,0,5
https://www.stockportfolio.pro/stocks/JBSS/revenue,0,2,0,38.5
https://www.stockportfolio.pro/stocks/JLL,0,3,0,45
https://www.stockportfolio.pro/stocks/JOE,0,1,0,4
https://www.stockportfolio.pro/stocks/JOE/revenue,0,1,0,10
https://www.stockportfolio.pro/stocks/KAI,0,1,0,9
https://www.stockportfolio.pro/stocks/KDP/gross-profit,0,1,0,2
https://www.stockportfolio.pro/stocks/KEN,0,1,0,9
https://www.stockportfolio.pro/stocks/KEX,0,2,0,11
https://www.stockportfolio.pro/stocks/KFY/revenue,0,4,0,10.5
https://www.stockportfolio.pro/stocks/KIM,0,2,0,7
https://www.stockportfolio.pro/stocks/KKR/dividend-history,0,4,0,55
https://www.stockportfolio.pro/stocks/KKR/revenue,0,1,0,57
https://www.stockportfolio.pro/stocks/KLAC,0,3,0,6
https://www.stockportfolio.pro/stocks/KLAC/revenue,0,2,0,32
https://www.stockportfolio.pro/stocks/KMI/revenue,0,1,0,12
https://www.stockportfolio.pro/stocks/KMT,0,1,0,4
https://www.stockportfolio.pro/stocks/KMX,0,1,0,48
https://www.stockportfolio.pro/stocks/KMX/eps,0,3,0,9
https://www.stockportfolio.pro/stocks/KN/shares-outstanding,0,1,0,14
https://www.stockportfolio.pro/stocks/KNF/revenue,0,2,0,12.5
https://www.stockportfolio.pro/stocks/KNX/revenue,0,2,0,42.5
https://www.stockportfolio.pro/stocks/KO,0,1,0,12
https://www.stockportfolio.pro/stocks/KO/pe-ratio,0,6,0,37.666666666666664
https://www.stockportfolio.pro/stocks/KO/revenue,0,5,0,57
https://www.stockportfolio.pro/stocks/KO/total-debt,0,3,0,21
https://www.stockportfolio.pro/stocks/KRC/dividend-history,0,2,0,40
https://www.stockportfolio.pro/stocks/KTOS,0,2,0,29.5
https://www.stockportfolio.pro/stocks/KW/revenue,0,1,0,9
https://www.stockportfolio.pro/stocks/LAD/eps,0,1,0,11
https://www.stockportfolio.pro/stocks/LAD/total-debt,0,2,0,8.5
https://www.stockportfolio.pro/stocks/LAMR/revenue,0,6,0,7.333333333333333
https://www.stockportfolio.pro/stocks/LEA,0,1,0,44
https://www.stockportfolio.pro/stocks/LECO,0,2,0,40
https://www.stockportfolio.pro/stocks/LECO/net-income,0,1,0,56
https://www.stockportfolio.pro/stocks/LGND,0,1,0,20
https://www.stockportfolio.pro/stocks/LH/eps,0,1,0,1
https://www.stockportfolio.pro/stocks/LIN/eps,0,3,0,7.333333333333333
https://www.stockportfolio.pro/stocks/LIVN,0,2,0,7
https://www.stockportfolio.pro/stocks/LIVN/free-cash-flow,0,1,0,8
https://www.stockportfolio.pro/stocks/LKFN/revenue,0,1,0,5
https://www.stockportfolio.pro/stocks/LLY/eps,0,1,0,10
https://www.stockportfolio.pro/stocks/LLY/gross-profit,0,1,0,7
https://www.stockportfolio.pro/stocks/LLYVK,0,2,0,72.5
https://www.stockportfolio.pro/stocks/LOPE/dividend-history,0,2,0,10
https://www.stockportfolio.pro/stocks/LOW/revenue,0,1,0,17
https://www.stockportfolio.pro/stocks/LRCX/dividend-history,0,1,0,3
https://www.stockportfolio.pro/stocks/LRN/shares-outstanding,0,19,0,9.157894736842104
https://www.stockportfolio.pro/stocks/LSTR,0,1,0,9
https://www.stockportfolio.pro/stocks/LULU/revenue,0,1,0,50
https://www.stockportfolio.pro/stocks/LUMN/gross-profit,0,1,0,11
https://www.stockportfolio.pro/stocks/LUV/net-income,0,3,0,74.66666666666667
https://www.stockportfolio.pro/stocks/LW,0,1,0,58
https://www.stockportfolio.pro/stocks/LW/revenue,0,1,0,44
https://www.stockportfolio.pro/stocks/LXP/dividend-history,0,1,0,79
https://www.stockportfolio.pro/stocks/LYFT/revenue,0,3,0,50.666666666666664
https://www.stockportfolio.pro/stocks/LZ/eps,0,1,0,6
https://www.stockportfolio.pro/stocks/M,0,4,0,7
https://www.stockportfolio.pro/stocks/MA/eps,0,1,0,50
https://www.stockportfolio.pro/stocks/MA/pe-ratio,0,3,0,13.666666666666666
https://www.stockportfolio.pro/stocks/MAA/eps,0,7,0,2.7142857142857144
https://www.stockportfolio.pro/stocks/MAN/ebitda,0,1,0,76
https://www.stockportfolio.pro/stocks/MAN/net-income,0,1,0,12
https://www.stockportfolio.pro/stocks/MAR/dividend-history,0,2,0,42
https://www.stockportfolio.pro/stocks/MAS,0,1,0,11
https://www.stockportfolio.pro/stocks/MAS/shares-outstanding,0,1,0,45
https://www.stockportfolio.pro/stocks/MBC,0,1,0,11
https://www.stockportfolio.pro/stocks/MBX,0,2,0,2
https://www.stockportfolio.pro/stocks/MCK/gross-profit,0,1,0,11
https://www.stockportfolio.pro/stocks/MCK/total-debt,0,1,0,2
https://www.stockportfolio.pro/stocks/MDLZ/free-cash-flow,0,3,0,2.333333333333333
https://www.stockportfolio.pro/stocks/MDLZ/gross-profit,0,2,0,2
https://www.stockportfolio.pro/stocks/MDLZ/revenue,0,3,0,16.333333333333336
https://www.stockportfolio.pro/stocks/MET/shares-outstanding,0,1,0,9
https://www.stockportfolio.pro/stocks/META,0,58,0,47.8448275862069
https://www.stockportfolio.pro/stocks/METCB,0,2,0,20
https://www.stockportfolio.pro/stocks/MGY/shares-outstanding,0,1,0,9
https://www.stockportfolio.pro/stocks/MIDD,0,1,0,5
https://www.stockportfolio.pro/stocks/MIR,0,1,0,47
https://www.stockportfolio.pro/stocks/MIR/net-income,0,1,0,60
https://www.stockportfolio.pro/stocks/MKSI,0,3,0,7.333333333333333
https://www.stockportfolio.pro/stocks/MMM/net-income,0,1,0,27
https://www.stockportfolio.pro/stocks/MMS/gross-profit,0,2,0,6
https://www.stockportfolio.pro/stocks/MNDY,0,2,0,44.5
https://www.stockportfolio.pro/stocks/MO/pe-ratio,0,1,0,1
https://www.stockportfolio.pro/stocks/MO/shares-outstanding,0,1,0,10
https://www.stockportfolio.pro/stocks/MOG.A,0,2,0,7
https://www.stockportfolio.pro/stocks/MOH/dividend-history,0,1,0,33
https://www.stockportfolio.pro/stocks/MOH/eps,0,1,0,50
https://www.stockportfolio.pro/stocks/MORN,0,3,0,45
https://www.stockportfolio.pro/stocks/MPC/dividend-history,0,1,0,59
https://www.stockportfolio.pro/stocks/MPT,0,5,0,30.2
https://www.stockportfolio.pro/stocks/MPT/ebitda,0,4,0,90.75
https://www.stockportfolio.pro/stocks/MPWR,0,8,0,8.625
https://www.stockportfolio.pro/stocks/MRK/dividend-history,0,3,0,67.33333333333333
https://www.stockportfolio.pro/stocks/MS,0,1,0,50
https://www.stockportfolio.pro/stocks/MS/dividend-history,0,1,0,29
https://www.stockportfolio.pro/stocks/MSA,0,1,0,17
https://www.stockportfolio.pro/stocks/MSCI/dividend-history,0,30,0,49.96666666666667
https://www.stockportfolio.pro/stocks/MSEX/shares-outstanding,0,6,0,5.666666666666667
https://www.stockportfolio.pro/stocks/MSFT,0,32,0,53.53125
https://www.stockportfolio.pro/stocks/MSFT/free-cash-flow,0,1,0,9
https://www.stockportfolio.pro/stocks/MSI/revenue,0,1,0,35
https://www.stockportfolio.pro/stocks/MTG,0,1,0,2
https://www.stockportfolio.pro/stocks/MTH/eps,0,1,0,8
https://www.stockportfolio.pro/stocks/MTH/gross-profit,0,2,0,7
https://www.stockportfolio.pro/stocks/MTN/revenue,0,1,0,45
https://www.stockportfolio.pro/stocks/MTRN,0,1,0,8
https://www.stockportfolio.pro/stocks/MTZ,0,1,0,55
https://www.stockportfolio.pro/stocks/MU,0,2,0,5
https://www.stockportfolio.pro/stocks/MU/free-cash-flow,0,1,0,5
https://www.stockportfolio.pro/stocks/MUSA,0,1,0,53
https://www.stockportfolio.pro/stocks/MXL/pe-ratio,0,1,0,10
https://www.stockportfolio.pro/stocks/MZTI/gross-profit,0,1,0,9
https://www.stockportfolio.pro/stocks/NABL,0,3,0,49
https://www.stockportfolio.pro/stocks/NAVI,0,2,0,1
https://www.stockportfolio.pro/stocks/NAVI/free-cash-flow,0,3,0,9.333333333333334
https://www.stockportfolio.pro/stocks/NEM/eps,0,1,0,1
https://www.stockportfolio.pro/stocks/NEM/shares-outstanding,0,1,0,2
https://www.stockportfolio.pro/stocks/NEOG,0,1,0,58
https://www.stockportfolio.pro/stocks/NFLX/revenue,0,13,0,48.84615384615385
https://www.stockportfolio.pro/stocks/NJR/eps,0,2,0,10
https://www.stockportfolio.pro/stocks/NJR/revenue,0,1,0,70
https://www.stockportfolio.pro/stocks/NKE/gross-profit,0,2,0,2
https://www.stockportfolio.pro/stocks/NKE/net-income,0,5,0,6.8
https://www.stockportfolio.pro/stocks/NOV/pe-ratio,0,1,0,6
https://www.stockportfolio.pro/stocks/NPK,0,1,0,4
https://www.stockportfolio.pro/stocks/NSIT/eps,0,1,0,4
https://www.stockportfolio.pro/stocks/NSP,0,1,0,2
https://www.stockportfolio.pro/stocks/NSP/gross-profit,0,2,0,6
https://www.stockportfolio.pro/stocks/NTCT/pe-ratio,0,1,0,16
https://www.stockportfolio.pro/stocks/NTLA,0,3,0,6
https://www.stockportfolio.pro/stocks/NTNX/revenue,0,4,0,45.75
https://www.stockportfolio.pro/stocks/NTRA,0,1,0,1
https://www.stockportfolio.pro/stocks/NVDA/free-cash-flow,0,1,0,44
https://www.stockportfolio.pro/stocks/NVDA/gross-profit,0,1,0,1
https://www.stockportfolio.pro/stocks/NVDA/revenue,0,4,0,7
https://www.stockportfolio.pro/stocks/NVDA/shares-outstanding,0,3,0,9.333333333333334
https://www.stockportfolio.pro/stocks/NVR/eps,0,1,0,7
https://www.stockportfolio.pro/stocks/NWL/gross-profit,0,1,0,61
https://www.stockportfolio.pro/stocks/NWN,0,2,0,8.5
https://www.stockportfolio.pro/stocks/NWN/eps,0,1,0,10
https://www.stockportfolio.pro/stocks/NX,0,1,0,5
https://www.stockportfolio.pro/stocks/NXPI/dividend-history,0,2,0,80.5
https://www.stockportfolio.pro/stocks/NXRT,0,1,0,11
https://www.stockportfolio.pro/stocks/NYT/net-income,0,1,0,62
https://www.stockportfolio.pro/stocks/NYT/shares-outstanding,0,1,0,86
https://www.stockportfolio.pro/stocks/OC/eps,0,3,0,4
https://www.stockportfolio.pro/stocks/OGN/dividend-history,0,1,0,51
https://www.stockportfolio.pro/stocks/OGS,0,1,0,12
https://www.stockportfolio.pro/stocks/OHI,0,1,0,25
https://www.stockportfolio.pro/stocks/OI,0,3,0,10.333333333333334
https://www.stockportfolio.pro/stocks/OLLI/revenue,0,1,0,9
https://www.stockportfolio.pro/stocks/OMCL,0,2,0,6
https://www.stockportfolio.pro/stocks/ON/revenue,0,1,0,12
https://www.stockportfolio.pro/stocks/ONTO,0,1,0,7
https://www.stockportfolio.pro/stocks/ONTO/free-cash-flow,0,1,0,1
https://www.stockportfolio.pro/stocks/ORI/net-income,0,1,0,99
https://www.stockportfolio.pro/stocks/OSS/revenue,0,1,0,9
https://www.stockportfolio.pro/stocks/OVV/free-cash-flow,0,2,0,6.5
https://www.stockportfolio.pro/stocks/OWLS,0,1,0,80
https://www.stockportfolio.pro/stocks/P,0,1,0,1
https://www.stockportfolio.pro/stocks/PAG/pe-ratio,0,1,0,9
https://www.stockportfolio.pro/stocks/PANW/pe-ratio,0,1,0,10
https://www.stockportfolio.pro/stocks/PARR,0,1,0,4
https://www.stockportfolio.pro/stocks/PATH,0,3,0,46.666666666666664
https://www.stockportfolio.pro/stocks/PATK/dividend-history,0,1,0,9
https://www.stockportfolio.pro/stocks/PAYX/dividend-history,0,1,0,33
https://www.stockportfolio.pro/stocks/PBF,0,1,0,2
https://www.stockportfolio.pro/stocks/PECO/revenue,0,2,0,5
https://www.stockportfolio.pro/stocks/PEGA/eps,0,1,0,3
https://www.stockportfolio.pro/stocks/PEN/total-debt,0,1,0,10
https://www.stockportfolio.pro/stocks/PENG,0,1,0,10
https://www.stockportfolio.pro/stocks/PENN,0,1,0,1
https://www.stockportfolio.pro/stocks/PENN/total-debt,0,1,0,12
https://www.stockportfolio.pro/stocks/PFGC/gross-profit,0,3,0,9.666666666666666
https://www.stockportfolio.pro/stocks/PFGC/total-debt,0,2,0,8
https://www.stockportfolio.pro/stocks/PGNY,0,2,0,3
https://www.stockportfolio.pro/stocks/PGR/shares-outstanding,0,2,0,28.5
https://www.stockportfolio.pro/stocks/PHIN/shares-outstanding,0,1,0,9
https://www.stockportfolio.pro/stocks/PHM/shares-outstanding,0,1,0,4
https://www.stockportfolio.pro/stocks/PI,0,1,0,7
https://www.stockportfolio.pro/stocks/PII,0,1,0,62
https://www.stockportfolio.pro/stocks/PJT,0,1,0,7
https://www.stockportfolio.pro/stocks/PL,0,5,0,18.8
https://www.stockportfolio.pro/stocks/PLAB,0,1,0,4
https://www.stockportfolio.pro/stocks/PLGO,0,1,0,10
https://www.stockportfolio.pro/stocks/PLMR,0,2,0,3
https://www.stockportfolio.pro/stocks/PLTR/dividend-history,0,2,0,59.5
https://www.stockportfolio.pro/stocks/PLXS,0,1,0,9
https://www.stockportfolio.pro/stocks/PMT,0,1,0,8
https://www.stockportfolio.pro/stocks/POOL/shares-outstanding,0,4,0,5.75
https://www.stockportfolio.pro/stocks/POR/free-cash-flow,0,1,0,82
https://www.stockportfolio.pro/stocks/PPC,0,1,0,9
https://www.stockportfolio.pro/stocks/PPLI,0,2,0,8.5
https://www.stockportfolio.pro/stocks/PR,0,10,0,10.4
https://www.stockportfolio.pro/stocks/PR/revenue,0,1,0,9
https://www.stockportfolio.pro/stocks/PRA,0,3,0,3.3333333333333335
https://www.stockportfolio.pro/stocks/PRA/dividend-history,0,1,0,77
https://www.stockportfolio.pro/stocks/PRA/revenue,0,1,0,10
https://www.stockportfolio.pro/stocks/PRDO,0,2,0,7
https://www.stockportfolio.pro/stocks/PRG/revenue,0,8,0,6.25
https://www.stockportfolio.pro/stocks/PRGS,0,3,0,10
https://www.stockportfolio.pro/stocks/PRI,0,2,0,10
https://www.stockportfolio.pro/stocks/PRSU,0,2,0,38
https://www.stockportfolio.pro/stocks/PRU,0,2,0,78
https://www.stockportfolio.pro/stocks/PRU/shares-outstanding,0,1,0,4
https://www.stockportfolio.pro/stocks/PSA-PS,0,3,0,65
https://www.stockportfolio.pro/stocks/PSN,0,1,0,14
https://www.stockportfolio.pro/stocks/PSX/eps,0,6,0,11.5
https://www.stockportfolio.pro/stocks/PTC/dividend-history,0,1,0,92
https://www.stockportfolio.pro/stocks/PVH,0,1,0,7
https://www.stockportfolio.pro/stocks/PYPL/shares-outstanding,0,1,0,49
https://www.stockportfolio.pro/stocks/Q/total-debt,0,1,0,9
https://www.stockportfolio.pro/stocks/QCOM,0,1,0,8
https://www.stockportfolio.pro/stocks/QDEL/total-debt,0,1,0,10
https://www.stockportfolio.pro/stocks/QLYS,0,3,0,6
https://www.stockportfolio.pro/stocks/QLYS/net-income,0,1,0,6
https://www.stockportfolio.pro/stocks/QRVO,0,1,0,16
https://www.stockportfolio.pro/stocks/QRVO/revenue,0,1,0,50
https://www.stockportfolio.pro/stocks/QSR,0,7,0,79.42857142857143
https://www.stockportfolio.pro/stocks/QTWO/revenue,0,1,0,8
https://www.stockportfolio.pro/stocks/R/eps,0,2,0,2
https://www.stockportfolio.pro/stocks/R/revenue,0,1,0,6
https://www.stockportfolio.pro/stocks/RBC,0,1,0,10
https://www.stockportfolio.pro/stocks/REG/dividend-history,0,2,0,7
https://www.stockportfolio.pro/stocks/REGN/free-cash-flow,0,2,0,3.5
https://www.stockportfolio.pro/stocks/RES,0,5,0,44.2
https://www.stockportfolio.pro/stocks/REX/eps,0,1,0,8
https://www.stockportfolio.pro/stocks/REXR,0,1,0,9
https://www.stockportfolio.pro/stocks/RGA,0,1,0,2
https://www.stockportfolio.pro/stocks/RH,0,5,0,10
https://www.stockportfolio.pro/stocks/RH/revenue,0,3,0,71.33333333333333
https://www.stockportfolio.pro/stocks/RITM,0,17,0,43.88235294117647
https://www.stockportfolio.pro/stocks/RITM-PB,0,2,0,76.5
https://www.stockportfolio.pro/stocks/RJET,0,5,0,2.6
https://www.stockportfolio.pro/stocks/RKT,0,1,0,3
https://www.stockportfolio.pro/stocks/RLI/revenue,0,1,0,7
https://www.stockportfolio.pro/stocks/ROCK,0,1,0,7
https://www.stockportfolio.pro/stocks/ROIV/revenue,0,1,0,4
https://www.stockportfolio.pro/stocks/ROIV/total-debt,0,1,0,10
https://www.stockportfolio.pro/stocks/ROP/dividend-history,0,4,0,5
https://www.stockportfolio.pro/stocks/ROP/free-cash-flow,0,8,0,3.125
https://www.stockportfolio.pro/stocks/ROP/shares-outstanding,0,3,0,2.333333333333333
https://www.stockportfolio.pro/stocks/ROP/total-debt,0,2,0,4.5
https://www.stockportfolio.pro/stocks/RS,0,6,0,14.833333333333334
https://www.stockportfolio.pro/stocks/RS/shares-outstanding,0,1,0,11
https://www.stockportfolio.pro/stocks/RSG/eps,0,2,0,5
https://www.stockportfolio.pro/stocks/RSG/total-debt,0,2,0,16.5
https://www.stockportfolio.pro/stocks/RSVR,0,1,0,10
https://www.stockportfolio.pro/stocks/RUN,0,2,0,3
https://www.stockportfolio.pro/stocks/RVT,0,1,0,65
https://www.stockportfolio.pro/stocks/RYAN/eps,0,1,0,11
https://www.stockportfolio.pro/stocks/RYAN/shares-outstanding,0,1,0,33
https://www.stockportfolio.pro/stocks/SABR/eps,0,2,0,9.5
https://www.stockportfolio.pro/stocks/SABR/revenue,0,1,0,38
https://www.stockportfolio.pro/stocks/SAIA,0,1,0,9
https://www.stockportfolio.pro/stocks/SAM/net-income,0,3,0,6.333333333333333
https://www.stockportfolio.pro/stocks/SB,0,1,0,71
https://www.stockportfolio.pro/stocks/SBAC/pe-ratio,0,1,0,96
https://www.stockportfolio.pro/stocks/SBAC/revenue,0,1,0,6
https://www.stockportfolio.pro/stocks/SBSI/revenue,0,1,0,44
https://www.stockportfolio.pro/stocks/SBUX/pe-ratio,0,1,0,50
https://www.stockportfolio.pro/stocks/SCHL,0,2,0,17.5
https://www.stockportfolio.pro/stocks/SCHW/pe-ratio,0,1,0,9
https://www.stockportfolio.pro/stocks/SCI/revenue,0,3,0,7.666666666666667
https://www.stockportfolio.pro/stocks/SCL/dividend-history,0,1,0,33
https://www.stockportfolio.pro/stocks/SDGR/revenue,0,2,0,45.5
https://www.stockportfolio.pro/stocks/SDRL,0,1,0,27
https://www.stockportfolio.pro/stocks/SE,0,4,0,81.25
https://www.stockportfolio.pro/stocks/SEDG,0,1,0,2
https://www.stockportfolio.pro/stocks/SERV,0,4,0,89
https://www.stockportfolio.pro/stocks/SFM,0,2,0,89.5
https://www.stockportfolio.pro/stocks/SFM/free-cash-flow,0,1,0,10
https://www.stockportfolio.pro/stocks/SFNC,0,1,0,1
https://www.stockportfolio.pro/stocks/SHAK/pe-ratio,0,1,0,31
https://www.stockportfolio.pro/stocks/SHW,0,18,0,50.333333333333336
https://www.stockportfolio.pro/stocks/SIG/free-cash-flow,0,1,0,4
https://www.stockportfolio.pro/stocks/SIGI,0,1,0,50
https://www.stockportfolio.pro/stocks/SILA,0,4,0,18.5
https://www.stockportfolio.pro/stocks/SITM,0,1,0,1
https://www.stockportfolio.pro/stocks/SJM,0,1,0,1
https://www.stockportfolio.pro/stocks/SKT,0,1,0,10
https://www.stockportfolio.pro/stocks/SKYW,0,2,0,10.5
https://www.stockportfolio.pro/stocks/SLDP,0,2,0,83.5
https://www.stockportfolio.pro/stocks/SLG/pe-ratio,0,2,0,11
https://www.stockportfolio.pro/stocks/SLG/shares-outstanding,0,1,0,11
https://www.stockportfolio.pro/stocks/SLGN/pe-ratio,0,1,0,79
https://www.stockportfolio.pro/stocks/SLM/dividend-history,0,1,0,69
https://www.stockportfolio.pro/stocks/SLVM,0,2,0,3.5
https://www.stockportfolio.pro/stocks/SM/dividend-history,0,1,0,28
https://www.stockportfolio.pro/stocks/SM/free-cash-flow,0,1,0,7
https://www.stockportfolio.pro/stocks/SMG,0,2,0,6.5
https://www.stockportfolio.pro/stocks/SMP/pe-ratio,0,1,0,49
https://www.stockportfolio.pro/stocks/SMTC,0,1,0,10
https://www.stockportfolio.pro/stocks/SNDX,0,3,0,84
https://www.stockportfolio.pro/stocks/SNEX,0,1,0,3
https://www.stockportfolio.pro/stocks/SNEX/free-cash-flow,0,2,0,9
https://www.stockportfolio.pro/stocks/SNOW,0,1,0,78
https://www.stockportfolio.pro/stocks/SOLS,0,1,0,30
https://www.stockportfolio.pro/stocks/SOLS/free-cash-flow,0,1,0,57
https://www.stockportfolio.pro/stocks/SPGI/dividend-history,0,1,0,6
https://www.stockportfolio.pro/stocks/SPHR,0,1,0,5
https://www.stockportfolio.pro/stocks/SPNT,0,1,0,50
https://www.stockportfolio.pro/stocks/SPSC/eps,0,4,0,4
https://www.stockportfolio.pro/stocks/SPXC,0,1,0,11
https://www.stockportfolio.pro/stocks/SRPT/dividend-history,0,4,0,19.25
https://www.stockportfolio.pro/stocks/SSB/pe-ratio,0,1,0,6
https://www.stockportfolio.pro/stocks/SSD,0,1,0,8
https://www.stockportfolio.pro/stocks/SSD/net-income,0,1,0,11
https://www.stockportfolio.pro/stocks/ST,0,1,0,11
https://www.stockportfolio.pro/stocks/STAG,0,5,0,61.4
https://www.stockportfolio.pro/stocks/STEP,0,1,0,1
https://www.stockportfolio.pro/stocks/STT,0,1,0,2
https://www.stockportfolio.pro/stocks/STWD/dividend-history,0,5,0,51
https://www.stockportfolio.pro/stocks/SWK/total-debt,0,2,0,3.5
https://www.stockportfolio.pro/stocks/SWMR,0,1,0,82
https://www.stockportfolio.pro/stocks/SYNA/shares-outstanding,0,1,0,8
https://www.stockportfolio.pro/stocks/SYY/dividend-history,0,2,0,40
https://www.stockportfolio.pro/stocks/TAP/revenue,0,1,0,13
https://www.stockportfolio.pro/stocks/TDOC,0,1,0,76
https://www.stockportfolio.pro/stocks/TEL/dividend-history,0,3,0,5.666666666666667
https://www.stockportfolio.pro/stocks/TEL/shares-outstanding,0,3,0,1
https://www.stockportfolio.pro/stocks/TEN,0,1,0,4
https://www.stockportfolio.pro/stocks/TEVA,0,1,0,71
https://www.stockportfolio.pro/stocks/TEX/revenue,0,5,0,10.4
https://www.stockportfolio.pro/stocks/TGT,0,1,0,81
https://www.stockportfolio.pro/stocks/THG,0,1,0,4
https://www.stockportfolio.pro/stocks/THO,0,2,0,50
https://www.stockportfolio.pro/stocks/THO/net-income,0,1,0,10
https://www.stockportfolio.pro/stocks/THO/pe-ratio,0,1,0,46
https://www.stockportfolio.pro/stocks/TKR/pe-ratio,0,2,0,25.5
https://www.stockportfolio.pro/stocks/TMC,0,16,0,80.25
https://www.stockportfolio.pro/stocks/TMDX,0,1,0,46
https://www.stockportfolio.pro/stocks/TMO/pe-ratio,0,1,0,2
https://www.stockportfolio.pro/stocks/TMO/total-debt,0,1,0,7
https://www.stockportfolio.pro/stocks/TMQ,0,9,0,21.333333333333332
https://www.stockportfolio.pro/stocks/TMUS/free-cash-flow,0,1,0,3
https://www.stockportfolio.pro/stocks/TNC/revenue,0,3,0,21
https://www.stockportfolio.pro/stocks/TNDM,0,4,0,8.75
https://www.stockportfolio.pro/stocks/TNDM/total-debt,0,13,0,6.153846153846154
https://www.stockportfolio.pro/stocks/TOYO,0,1,0,6
https://www.stockportfolio.pro/stocks/TPR/net-income,0,4,0,11
https://www.stockportfolio.pro/stocks/TR/dividend-history,0,4,0,32
https://www.stockportfolio.pro/stocks/TREX/net-income,0,1,0,39
https://www.stockportfolio.pro/stocks/TRIP/revenue,0,4,0,21.5
https://www.stockportfolio.pro/stocks/TRMB/free-cash-flow,0,1,0,10
https://www.stockportfolio.pro/stocks/TRST,0,1,0,60
https://www.stockportfolio.pro/stocks/TRU/gross-profit,0,1,0,5
https://www.stockportfolio.pro/stocks/TSLA/revenue,0,2,0,44.5
https://www.stockportfolio.pro/stocks/TTC,0,3,0,33
https://www.stockportfolio.pro/stocks/TTC/gross-profit,0,1,0,27
https://www.stockportfolio.pro/stocks/TTE,0,12,0,71.66666666666667
https://www.stockportfolio.pro/stocks/TTWO/dividend-history,0,3,0,8
https://www.stockportfolio.pro/stocks/TWN,0,1,0,10
https://www.stockportfolio.pro/stocks/TXNM,0,2,0,8
https://www.stockportfolio.pro/stocks/TXNM/eps,0,2,0,8.5
https://www.stockportfolio.pro/stocks/TXO,0,3,0,18.333333333333332
https://www.stockportfolio.pro/stocks/TXRH,0,1,0,4
https://www.stockportfolio.pro/stocks/TXT,0,4,0,1.75
https://www.stockportfolio.pro/stocks/TXT/shares-outstanding,0,3,0,1
https://www.stockportfolio.pro/stocks/UA,0,7,0,37.142857142857146
https://www.stockportfolio.pro/stocks/UA/eps,0,2,0,6.5
https://www.stockportfolio.pro/stocks/UAA/pe-ratio,0,1,0,8
https://www.stockportfolio.pro/stocks/UBER/free-cash-flow,0,1,0,79
https://www.stockportfolio.pro/stocks/UCTT/free-cash-flow,0,1,0,11
https://www.stockportfolio.pro/stocks/UDR/eps,0,2,0,6
https://www.stockportfolio.pro/stocks/UFPI,0,5,0,8.2
https://www.stockportfolio.pro/stocks/UFPI/eps,0,13,0,9.384615384615385
https://www.stockportfolio.pro/stocks/UFPI/pe-ratio,0,1,0,8
https://www.stockportfolio.pro/stocks/UFPT/shares-outstanding,0,2,0,23
https://www.stockportfolio.pro/stocks/UGI/free-cash-flow,0,1,0,81
https://www.stockportfolio.pro/stocks/ULTA/free-cash-flow,0,1,0,9
https://www.stockportfolio.pro/stocks/UMBF/eps,0,1,0,5
https://www.stockportfolio.pro/stocks/UMBF/net-income,0,3,0,18
https://www.stockportfolio.pro/stocks/UNP/eps,0,1,0,10
https://www.stockportfolio.pro/stocks/UPWK,0,6,0,54.5
https://www.stockportfolio.pro/stocks/UPWK/revenue,0,1,0,87
https://www.stockportfolio.pro/stocks/USFD,0,1,0,87
https://www.stockportfolio.pro/stocks/USFD/pe-ratio,0,1,0,27
https://www.stockportfolio.pro/stocks/V,0,5,0,42.6
https://www.stockportfolio.pro/stocks/VCEL,0,1,0,5
https://www.stockportfolio.pro/stocks/VEEV/revenue,0,2,0,21
https://www.stockportfolio.pro/stocks/VFC,0,1,0,9
https://www.stockportfolio.pro/stocks/VFC/total-debt,0,1,0,7
https://www.stockportfolio.pro/stocks/VKTX,0,2,0,95.5
https://www.stockportfolio.pro/stocks/VLO/net-income,0,1,0,6
https://www.stockportfolio.pro/stocks/VMC/revenue,0,1,0,2
https://www.stockportfolio.pro/stocks/VMET,0,4,0,4.25
https://www.stockportfolio.pro/stocks/VMI,0,2,0,8
https://www.stockportfolio.pro/stocks/VNOM,0,1,0,2
https://www.stockportfolio.pro/stocks/VNT/free-cash-flow,0,2,0,10
https://www.stockportfolio.pro/stocks/VOYA/dividend-history,0,1,0,49
https://www.stockportfolio.pro/stocks/VRRM/total-debt,0,1,0,8
https://www.stockportfolio.pro/stocks/VRSK/net-income,0,1,0,10
https://www.stockportfolio.pro/stocks/VRSK/revenue,0,1,0,5
https://www.stockportfolio.pro/stocks/VSEC,0,1,0,8
https://www.stockportfolio.pro/stocks/VSH,0,1,0,10
https://www.stockportfolio.pro/stocks/VST,0,1,0,3
https://www.stockportfolio.pro/stocks/VSTS/revenue,0,2,0,50
https://www.stockportfolio.pro/stocks/VZ/revenue,0,8,0,70.25
https://www.stockportfolio.pro/stocks/WAB/dividend-history,0,3272,0,3.0012224938875307
https://www.stockportfolio.pro/stocks/WAB/eps,0,610,0,2.1721311475409837
https://www.stockportfolio.pro/stocks/WAB/shares-outstanding,0,1804,0,1.7411308203991132
https://www.stockportfolio.pro/stocks/WAT/dividend-history,0,1,0,46
https://www.stockportfolio.pro/stocks/WBD/revenue,0,1,0,59
https://www.stockportfolio.pro/stocks/WBS/revenue,0,1,0,71
https://www.stockportfolio.pro/stocks/WDFC/net-income,0,3,0,8.333333333333332
https://www.stockportfolio.pro/stocks/WELL/dividend-history,0,2,0,59
https://www.stockportfolio.pro/stocks/WEN/total-debt,0,1,0,48
https://www.stockportfolio.pro/stocks/WES,0,2,0,76
https://www.stockportfolio.pro/stocks/WFC/dividend-history,0,44,0,70.81818181818181
https://www.stockportfolio.pro/stocks/WFC/total-debt,0,1,0,6
https://www.stockportfolio.pro/stocks/WFG,0,1,0,4
https://www.stockportfolio.pro/stocks/WHD,0,4,0,6.5
https://www.stockportfolio.pro/stocks/WHR/shares-outstanding,0,1,0,7
https://www.stockportfolio.pro/stocks/WING/net-income,0,1,0,49
https://www.stockportfolio.pro/stocks/WM/dividend-history,0,7,0,57
https://www.stockportfolio.pro/stocks/WM/pe-ratio,0,1,0,12
https://www.stockportfolio.pro/stocks/WM/total-debt,0,3,0,34.666666666666664
https://www.stockportfolio.pro/stocks/WMG,0,1,0,4
https://www.stockportfolio.pro/stocks/WMG/free-cash-flow,0,1,0,6
https://www.stockportfolio.pro/stocks/WMG/gross-profit,0,1,0,10
https://www.stockportfolio.pro/stocks/WMT/shares-outstanding,0,1,0,67
https://www.stockportfolio.pro/stocks/WPM,0,1,0,79
https://www.stockportfolio.pro/stocks/WSC,0,1,0,1
https://www.stockportfolio.pro/stocks/WSM/revenue,0,3,0,6.333333333333333
https://www.stockportfolio.pro/stocks/WSO,0,1,0,7
https://www.stockportfolio.pro/stocks/WST,0,1,0,5
https://www.stockportfolio.pro/stocks/WTW/total-debt,0,1,0,1
https://www.stockportfolio.pro/stocks/WU,0,1,0,9
https://www.stockportfolio.pro/stocks/WU/revenue,0,1,0,48
https://www.stockportfolio.pro/stocks/WWW/pe-ratio,0,4,0,7.5
https://www.stockportfolio.pro/stocks/XEL/dividend-history,0,1,0,66
https://www.stockportfolio.pro/stocks/XNDU,0,2,0,44
https://www.stockportfolio.pro/stocks/XPO/net-income,0,2,0,29.5
https://www.stockportfolio.pro/stocks/XYL/gross-profit,0,1,0,79
https://www.stockportfolio.pro/stocks/XYZ,0,1,0,2
https://www.stockportfolio.pro/stocks/XYZ/revenue,0,1,0,5
https://www.stockportfolio.pro/stocks/YUM/dividend-history,0,1,0,54
https://www.stockportfolio.pro/stocks/ZBH/free-cash-flow,0,1,0,12
https://www.stockportfolio.pro/stocks/ZION/net-income,0,2,0,9.5
https://www.stockportfolio.pro/stocks/ZSQR,0,1,0,9
https://www.stockportfolio.pro/support,0,12,0,15.75
https://www.stockportfolio.pro/terms,0,3,0,4.666666666666666
https://www.stockportfolio.pro/terms.html,0,2,0,3
https://www.stockportfolio.pro/tour,0,13,0,8.615384615384615
https://www.stockportfolio.pro/vs/finviz,0,6,0,31.333333333333332
https://www.stockportfolio.pro/vs/fiscal-ai,0,17,0,15
https://www.stockportfolio.pro/vs/koyfin,0,16,0,17.25
https://www.stockportfolio.pro/vs/macrotrends,0,12,0,20.75
https://www.stockportfolio.pro/vs/morningstar,0,8,0,14.625
https://www.stockportfolio.pro/vs/sharesight,0,19,0,26.42105263157895
https://www.stockportfolio.pro/vs/simply-wall-st,0,41,0,34.4390243902439
https://www.stockportfolio.pro/vs/stockanalysis,0,12,0,22.666666666666668
https://www.stockportfolio.pro/vs/tikr,0,10,0,28
https://www.stockportfolio.pro/vs/wallstreetzen,0,16,0,15.625
